Time,V1,V2,V3,V4,V5,V6,V7,V8,V9,V10,V11,V12,V13,V14,V15,V16,V17,V18,V19,V20,V21,V22,V23,V24,V25,V26,V27,V28,Amount
-1.3375100652177416,0.5683290038206901,0.11457225765481702,0.09867900252404797,0.8149707955691587,0.16225096484259527,0.2985375584905277,0.016223113752249458,0.18299693059167468,-0.12947642922695377,0.08387468399480233,1.4020099919926017,0.9213975778724951,-0.736154856175451,0.6252986265721148,-0.16722822080196065,-0.8550757093741673,0.26842693494791947,-0.9430536164415927,-0.6887973531728483,-0.3304252090746703,0.08882832211885502,0.5052923175969356,-0.14504569429669864,-0.44800538768423054,1.2417685268288488,-0.45155005814185406,0.08878457740134453,-0.014397563010448129,-0.3477009590377171
0.3727845019052928,0.9751006534467734,0.41674849154809807,-0.3929195831039338,2.696166523026352,0.20935274470852783,-0.495048515551417,0.294979329160622,-0.21877659779715192,-1.1179282248571054,1.4065509779411887,-0.5980940605228443,0.00445878052870394,0.3923140071453907,0.3784902786237032,-0.3801848262032413,0.8095388535446885,-0.8751151104720276,-0.5963606560310792,-2.424864009591856,-0.365568871832636,0.36228627920309286,1.1094141167203553,0.1819181403112238,0.6629394441755728,0.13549018669179286,0.22446454757370493,-0.09792600898045734,-0.14526164985251172,-0.33118864997716885
1.0748941247400507,0.006492514960708438,0.27455649481197486,-0.4868396425385192,-0.6711726527453695,1.018424629567764,-0.3169364217508392,0.9003418518102786,-0.06172810386352517,-0.319414858232724,-0.3337060228053777,-0.15983700282255345,-0.0823192929360053,-1.2714889364284567,0.7460820663699433,-1.677097741150571,-0.16852528568268035,-0.7477488099230053,0.17115924475812933,0.6289509211808617,-0.18901694107523115,0.20688631155046916,0.5664988636590242,-0.028671011726702906,0.3765287671343473,-1.644279126357018,0.9227162781301759,0.3366035744575845,0.7000975511291425,-0.2601538131732162
-0.3449289608467035,-0.6504513771425509,0.1645126945629883,0.8296123343311614,0.7519637701807487,-1.016058145419569,0.17698188787237534,0.9642694099307871,0.34695445630709576,-0.4826982900213987,-0.9557374856640712,-0.22363584441091774,0.670715917035962,0.4971063937000441,0.17062627974632544,0.22321952057388453,-0.41404146467776093,0.32951609511599833,-0.5537442523675237,-0.9770487716213156,0.6136451165499839,0.5538854050925656,0.9274613362729098,1.2102433456553876,0.9587041818929867,-0.5939790885356068,-0.9614376552127516,-0.05884641583944718,0.4123594791228984,0.9445667065704059
0.33816545625895056,1.0096472776186154,0.06976045754236435,-0.8724847544115103,0.4079524838361012,0.25242857280430303,-0.28221733207119226,-0.17047612754326955,-0.10359172202470315,1.4790690810171776,-0.5867289610614966,2.2648444945539876,-1.4650952321195612,2.0753777625429066,0.5036085146128764,-1.1722491919128775,0.5669669487234764,1.2346018767121296,0.8741345598649779,-0.3054351716388969,-0.17714029967239936,-0.18952626315935137,-0.04338689044799996,0.3046462608457556,0.9892404608703622,-0.3490253661673041,0.8074163183579389,-0.18548626608542634,-0.12515530489123403,-0.2956512891729455
-0.5671520683320134,0.5857340357550423,-0.1374688987379108,0.7422631746822321,0.4763548130634019,-0.6247195687199475,0.16389631089506845,-0.5748153414186185,0.191822574102931,0.6027350648947831,-0.07333922469941691,0.694736886821073,1.1301107979365657,0.22247526116531144,-0.2810995893889435,-0.5448663244393949,0.5118928863001612,-0.6587880753841159,0.4091675524377155,0.4527259844513397,-0.06543513605172149,-0.07542330847908109,-0.007850945311858122,-0.04793165052258228,0.0957620931204452,0.5239164049952625,0.6592782820826829,0.03135270708160891,0.04691589196589828,-0.2879535219055884
-1.0290973264486856,0.5184778487626492,-1.3057095565927541,0.5528839308762277,-0.565384748017798,-1.416304172629218,0.5159593264436365,-1.0502654661341781,0.04253017166729621,-0.5633362376277461,0.7971044461073691,-1.9197916478948847,0.2765854797760393,1.8896876872915636,-1.8833291581475369,-2.4656322541393845,-1.2744526353163335,1.2176580319724735,-0.4359748544057669,0.9810176079910041,0.29832710931923,-0.4920253140562113,-0.905109241320433,-0.4301007184006717,-0.6537211854525077,0.8430769932466816,-0.39212694089636546,0.15158681957401035,0.19800700044454195,0.6454306728648218
-0.20116726703430793,0.11612858542896366,-1.2935785943811111,-0.5156970190744093,-0.9964045981794492,-0.9690174780414301,-1.0335013268431048,0.6570758780204125,-0.3106635957221605,1.7195052522978027,-1.6675774579570162,0.24403309944684815,0.6066094200466556,-1.4092842650538688,0.8058185403938531,1.615193150856091,-2.1133942276819875,1.014902419453393,-0.709707272920135,0.7874987324598137,1.100635999226163,0.49658759124029095,0.15204287736069197,-0.9344706842142163,1.08436066017091,1.2111661167834822,-1.4846730609937349,-0.11330124653904106,0.31512723337706144,1.8179242705772292
1.4804465578926693,1.0028480728735414,-0.32384678087986735,-0.3505550457874274,0.11778600021364677,-0.21032210564608372,0.36914070311877034,-0.6581841612328493,0.1895164622561211,0.9053958991381403,0.14143959452885452,0.36669133771493484,0.9765717835376151,0.34607974933815855,-0.1428048721768215,-0.2726712862331362,0.6949387708964343,-1.03811547774945,0.6705270818070372,0.1591370922266805,-0.15041304783363604,0.25719140319682615,0.9626074196317774,0.20756816250249432,0.46830861596769796,-0.4650525965479493,1.134611355844916,-0.06238078547164207,-0.16388185736720812,-0.2864777841393075
-1.054240355950956,0.681467652329419,-0.590911967132531,0.1232341653908017,-1.4880782451239871,-1.095744000444798,-0.9232476052876112,-0.5361204314176118,-0.08035557951308463,0.18651088881213568,-0.0069996049276989615,1.2206345474839913,0.20105096470973863,-1.334340658270569,0.6779883338357173,1.1102651053200723,-2.071900507324067,0.018925038445659022,2.419390220593619,0.0869776757572697,-0.690842363675359,-0.19811884497605692,0.06630103422811279,-0.1320163067932201,0.8949355528591076,0.8956148410876671,0.28552998310977645,0.02461781891489696,0.023976614856618356,-0.23873567315989636
-1.0304871421498163,-0.1598515688764024,0.6948373920089043,0.8270833000813401,0.42094298875301284,0.38860196779484435,0.27331183792971653,0.5203742584867477,-0.19051937154913912,-0.35143110348403545,0.47897347679531505,-0.5181711711070657,0.08860957441279425,1.223390272385882,-0.22864057100506768,2.1831502553771878,-0.731705742681594,0.002966468409256936,-0.5698378102167909,1.9555375660956544,0.5128129106136523,-0.2994157345305204,-0.43661556882693464,-0.0907920623605093,-1.220798240747488,-1.2309987493774517,0.6365320269414823,-0.07349125099274495,-0.06241123578656917,-0.34096042707821794
0.15769999324851694,1.0512759972944663,0.0679174257893913,-1.358170193782792,0.38478146415514203,0.5453850738391726,-0.803212200883648,0.5219230212767674,-0.4506285102043245,1.5316880009272666,-0.3574896280467762,-0.05718421463649857,-2.3517454538162545,1.2760849091822823,2.2183483837935283,-0.9468905650001,-0.9667858424130722,0.6829336493782879,-0.22886311617328803,0.004561438802497381,-0.29530280841095435,-0.02003192514938206,0.44204693101412357,-0.11381050951493142,1.068622078932854,1.060963069183795,-0.28800839244982374,-0.2278043705202621,-0.21332207960070332,-0.20260004028826178
0.12659760248230803,0.9747565250971995,-0.3032868173771099,0.16293534868976714,0.41526033054063466,-0.7390653689577922,-0.27905890978973374,-0.7615408267089449,-0.03977277159105264,2.4096622776057677,-0.38098215045353023,0.14287429238605462,-2.0775085181351773,1.9815538219800166,1.1454447102025895,0.07004759301991255,0.6542058333017554,0.17562680197783492,0.23482745476019182,-0.7346456620036224,-0.20413366722613985,-0.1246910085209578,0.12249455358455637,0.49535254125630046,-0.06863733898357056,-1.2328405238694113,0.9175331144507538,-0.09959967403007582,-0.12045290474599032,-0.19613870196022118
1.3810326196345297,0.987704702120532,-0.19946933907337733,-0.25250125073113816,0.16454185821949097,-0.2503818833887002,0.05444886790109759,-0.47413294105605336,0.12436683062390676,0.8458872800388587,-0.023059701322973494,1.010444008989298,1.4703899594265943,0.5203294631535107,0.05777334869342156,-0.015635388221976968,0.37482850317707933,-0.9236386746392943,0.21237745969987018,0.17084608597059572,-0.200907102627802,-0.16274900943633144,-0.33298884841529164,0.6337937215039267,1.1110721481333619,-0.8479590648021256,-1.3995308248177072,0.07995230978027153,-0.0999201353204093,-0.31184451979754113
-0.4142512833940019,0.6997090462760905,-0.663483679502773,0.24744842294462072,-0.9449242206291552,-0.9602065691061884,-0.38227965639384714,-0.6826120268459794,-0.1539036214593387,-1.8339042587097074,1.234882082693201,-0.0774988477426118,-0.24732148762809736,1.526564702739283,-0.4932209165111578,0.7786274130467621,-0.839356556439359,0.8642075828482649,-0.7221348990900819,-0.7716726348186159,-0.23577816310411717,-0.19343537973295383,-0.07471730106228237,0.006505420983909994,0.15685134916935123,0.6333748177105921,-0.3869717554009108,0.10582084602626896,0.08950998241529451,-0.07903691596560855
-0.6214601697443713,-0.5229173029086934,-0.08819431512470646,1.9421036555627365,1.1757296660776229,-0.5518142526244517,1.1156570239358645,-0.6032405815988184,0.5826396451126524,0.8535199487684826,-0.3171099474143536,0.19567728200418794,0.5601152426209078,-1.439698610731522,-0.7329593450722218,-1.6695559733420573,-1.1851261443372758,0.9265052131208508,0.3209668385680743,1.5745423917227646,-0.13233000050100074,0.12367399106682,0.9637467597466847,-0.36373837758235433,0.10042632286288725,-0.2477309932628962,-0.19312109929574392,0.3612986266592705,0.3323904036631082,-0.08326470524198082
-0.7596204851249378,-0.3239046996146612,0.26469393715497724,1.4612587804644703,-0.18338328638058135,-0.32098207082403235,0.20531694998490196,0.42127723593319544,-0.1676930880383799,0.3641940379841127,0.35400910532543045,1.4653514417439628,-0.3446022307575984,-1.702976186490272,-0.07846676652288134,1.0151840860299997,0.3177411132028604,-0.7325779732159425,0.34752772653689795,-0.40510148335547186,-0.18187505809437093,0.1584932381891988,0.746011777120815,-0.0208576118867409,0.3378805618129143,-1.9478116069493427,0.397696806832082,-1.3412429013836853,-0.9655604576153884,-0.1133777326350096
-0.27691222274592164,-0.5426222431561274,-0.9546621002677034,1.4677485409807285,-1.4188037825397062,-1.1651736461181617,0.12518169645100127,-0.22026551458731583,0.15136963753137336,-1.7676674396172496,0.4295599189676294,0.5312821727048055,0.2446424303868735,0.9726982600411727,-1.181181674659263,-2.447871193101902,-0.47643066723461236,0.4662102585025664,0.47051683352295354,-0.18445806845465457,0.35709947795297386,-0.06982771484800677,-0.11994837812291739,0.7410318889260809,0.49061656650790014,0.008536442513028117,-0.8784680162891835,0.1418212537716451,0.39977085405841917,0.5582424902407676
-0.33273648674133116,0.5485842522659944,-0.03199683298539471,0.3698870432844525,0.3208299563690024,-0.3432514278163658,-0.24450675366498065,-0.09571909192386158,0.08656182546569427,-0.1019782834747194,0.031362983921367805,1.7628756052558023,0.8596272575663034,-0.530140712610483,0.647359869435494,0.717100925492197,0.2507904413859691,-0.3144167946264766,-0.6897864915124707,-0.23910649675981388,-0.09060202200078515,-0.3285537167050554,-1.174832615888884,0.34360881034492574,0.3169863381207219,-0.12338082101825373,0.20656296062363735,-0.08816335973548228,0.04313226859720906,-0.16829910842335485
-0.4715917099724629,-0.12282207412464183,0.6653259109734332,0.4666078173724854,-0.1887103541115655,0.5083860735948835,-0.13368613027679832,0.5540919740538085,0.014699848549823997,-0.2705002225820371,-0.4689442487795566,-1.4389952116067284,-0.55933947444159,0.34089224265396295,-0.5319108063897731,1.0904844319348348,0.907226227854985,-0.5916295076971385,0.3826222960121214,0.5353738607987943,0.20542214769932923,-0.4851458593065279,-1.3076111193060382,-0.29865942171769033,-1.765271628177683,0.04988849529551159,0.32912998486795436,0.6018943955561663,0.25638710864838526,-0.33665286819285756
1.4288759722552653,1.0092312849932095,-0.2095772794098378,-0.26907161768617943,0.11079364241932622,-0.3973621251827759,-0.26172340686083984,-0.47537340775723014,0.07823668345354584,1.0649671985607312,-0.03641010991086508,0.5898565583124031,0.7992015841276037,-0.48679948669021317,0.37525819619717105,0.487689753628687,0.6142540135211172,-1.1761841804746147,0.8074661963028349,0.32691168966122147,-0.3361412284605231,-0.1286724513061161,-0.26375784066150393,0.49136269407734495,-0.6770854203178015,-0.7142415999062125,-1.913243674824555,0.1277389861218322,-0.12740040429627075,-0.3477009590377171
0.21710408556502023,1.093002012225594,0.09821351463675769,-1.5391516182637197,-0.05434808975616208,0.7754459459924922,-0.652234462912586,0.5163967090994327,-0.4314781390505265,1.1352136656698837,-0.1777069474256234,1.1480889515553274,-1.7255799410231554,1.9807905892424726,2.4285601315431116,-1.1239881106022573,-0.22326900484365506,-0.18795410313170827,0.610433325141013,0.6976900068441096,-0.25703352198544793,-0.00963155976210306,0.4661773452060089,-0.29165336220826726,-1.699158323066674,1.0153725510117952,0.5042453725104036,-0.2909386992863277,-0.31534881575439727,-0.2902269557617509
0.9167288863886661,-1.0324153704603045,-0.3589959092880896,0.6656489070675791,-1.5035582404745822,-0.4412711438352737,-0.040345190849808775,0.0875336755271115,0.42331950522785317,-1.0249413967403347,-0.3282419746979901,0.22806637431334983,0.06533287938786726,0.06943195335202071,-0.23450071818139534,-1.7801680759121699,1.756546895390941,-0.035631543003503775,-1.4287509981169115,0.8494353643075581,0.15318550714115714,-0.24680279304837954,-1.0223213558034827,-0.5071424828452924,-0.7828677818843851,0.8665582117163699,-1.0771648384918335,0.4295465697128573,-0.5310380174695616,0.36583819336133605
-0.8206249712791066,-1.2813671178303725,1.770603937052793,0.060626628081443215,0.28509489264312976,-1.0955462221740295,1.0163465455084966,-3.775833167603001,-8.458716050336879,-1.628119999821038,-2.2398685586398037,-0.5235639779003127,1.663925976394536,0.6777298697947145,1.9165539066149635,1.566423482804536,0.43712769046876554,1.0708832202492156,0.015644063937940936,1.4078625197564911,3.5186804179531754,-6.772364575198675,2.3478377889265367,1.4681783291022246,0.6889291326159457,-1.809169369441238,2.116607393320326,-0.43225379269398634,0.6881275949175122,-0.33836791478610284
-0.7603785664164636,0.6014305499969658,0.18525624362888218,0.12866642970847258,0.7511277554045982,-0.17072180591805677,-0.6553304020555625,0.20458271932194363,-0.10034406487762634,-0.2875945893073763,0.18838030636516448,1.3687935609961575,0.6312992942696671,-0.777818458112031,0.8457020680744509,0.14217792033794055,0.0995794225537116,-0.5918374705454409,0.2404931244090593,-0.08468689845194391,-0.2115884408670808,0.046394782143728316,0.07300906902921417,-0.13158976180959167,0.8725609186834854,1.241668992112461,-0.8041200952054898,-0.014889305134697049,0.02747434311578892,-0.29457439945160535
-1.1974756044220143,-0.38252498915663397,0.11546078632400199,-0.22092741076143096,-0.6176897894099802,1.8752323211834308,2.5947588767957845,0.5608832460871094,0.7023499951789836,-0.6134513036251125,-0.5656388610394738,-0.4716292791255956,-0.3170843863131422,-0.13274981348917317,0.3839174684271985,0.46884159130316455,0.7547027636379589,-1.490033445339526,0.6424178325167632,-0.8808586918364278,0.3824507981849466,0.319845426903671,0.28537771967012154,0.17964305283586737,1.6134373400083737,0.2708289147146879,-1.0227674012286583,0.20438621046997815,0.4853710461616332,0.22265174522759645
-0.6971419520150246,0.6218695394321577,0.07559980623926082,-0.30883449640679905,0.40391025794166785,0.5734075719949824,0.6240392194705215,0.037956879329309,0.12728210354413616,-0.16091845917021078,0.11603362016369756,-0.006751434877477649,0.4264875938294127,0.26837726969507175,0.5279635934693453,0.6485765419722633,0.5250547036915977,-1.2198784627282921,0.5446960431320599,0.24648736470622448,-0.05076884290106903,0.017282479361639534,0.032539482319125006,-0.5167578884455074,-2.799334774522487,1.5474832833837544,-0.4413359817029981,0.04609568999890916,-0.01610490753056376,-0.20826368252642086
0.6652775335523082,1.063122824901281,-0.4117109309221605,-0.7079697740706193,-0.39482266829635154,-0.5592838742512564,-0.6059100199759397,-0.7190344145865015,-0.08940271853465584,-0.041086291777821395,0.042750496935431564,0.08916145786145815,-0.4258388207665548,0.5872769781966662,-2.2811741398182117,0.37947915216858086,1.7273829621337873,1.7910143900346531,-0.8041632559740712,-0.0023140023280592875,0.13753973877056833,0.3774553577437175,1.1668992857893963,0.2721944692537562,1.6537874982277392,-0.35242514792250773,-0.29959348177304396,0.06831420925297899,0.00754636654861467,-0.2122920477803227
0.9249835493408354,-0.08103246510177366,0.7576721959619085,-0.6883817943534382,-0.07123861502074445,0.10171632279192849,-0.8476462153212532,0.8221571219843151,-0.01419392138534475,-0.2697733966305623,-1.053310440707903,-0.6694141386822853,0.16476322494110712,0.7114014289495988,-0.7066454617801963,0.6550584127099277,0.2292381575502637,0.5832940592143122,0.8385300174789796,-0.17715718163319666,-0.2513978954681585,0.4796281617411582,1.4234825111660176,-0.13741782287115023,-0.2580548919017535,-0.5655473240274839,-0.33019118937407305,-0.24218689271257038,0.04252827655211448,-0.011671481175111029
-0.44493251788714094,0.544449035016086,-0.43426733043187626,0.6684587108989263,0.1850239735108621,-0.9036850703320097,0.04112007003324524,-0.6475244479017701,0.249439182213014,1.3737991142205823,-0.4226543564038494,-0.9055997080972947,-0.4387110033767311,-2.1120106932812983,-0.10947953959978075,0.19806265680426993,-0.35244086592361135,0.6422198748660951,-0.9829482256307416,0.12783679667797637,-0.1761668169826048,-0.2710049934609631,-0.6817461901811268,0.14247966466015907,0.17731776511020853,-0.04709460430679143,2.0192225545551987,-0.09975383081850767,0.04706284794441004,-0.11238061252265766
0.7415068189779522,-0.16148221220081022,0.7315109142277356,-0.08865602662449401,-0.2279901542291283,0.24613260168345402,-0.7524388963240108,0.5847473567380878,0.041059037045135784,-0.476696225571064,-0.5536709323914493,-1.0069815121092927,0.891121259841135,1.4287166250655194,0.26354275912649455,-0.4297344497864729,-0.2695335892016714,-0.24984049476089334,-0.8618346617278084,0.6267648573208018,-0.20961679496705202,-0.08647196795581294,-0.26677487600561295,0.2775008849932252,-0.11211336238933046,-2.290995343562038,0.18190418288915947,-0.13995393919364263,0.5369607608062607,-0.3437922481972974
1.5058422811587817,1.047657859957637,0.10316920326433529,-1.1280000196168074,0.3846493777596528,0.07182687042383265,-1.1589954422295505,0.1930418180314681,-0.30659102410134986,0.614221104846559,-0.41962583047092955,-0.42733540054748476,-0.23310351455934286,-0.5648858799084718,-0.6451721254742505,1.0464989151654551,0.25999493179245353,0.5109305252262084,0.6739337058137692,-0.5324101166886006,-0.3089674996333233,0.2590429974490822,0.959457031330119,-0.02253008043188887,-0.053367371758319355,0.4475634573795484,-0.21256952202965623,-0.015382855024210355,-0.09814891086561363,-0.3313481891951452
0.8571984471902419,-0.41339154265789163,0.5242135166814321,1.3308979841389441,0.7908222012835537,0.07834476481240625,0.07672356457680302,0.44492005519721073,0.16475159387358349,0.0939264596315787,-0.45204338616751244,-1.3313724018292998,-0.01970844359272667,-0.7167113489908675,-0.23890501408307338,-0.7796646592225343,-1.08718039741132,0.5387697329243405,-0.7389284015762074,1.5364718534291506,0.22861398567737254,-0.7416995706166865,-1.7974990104348694,-0.1516383935941846,-0.1612421789572797,0.7225058408146737,-1.617252280836349,0.8592350968239411,0.44297972438200345,-0.259037038647382
1.4084709508250308,1.0812559399749688,-0.10352140478794875,-2.3359311013467865,-0.7607348614540137,2.146084145292485,2.0270002914603613,0.1306028195173754,0.4177999634115925,0.047483575887527114,0.036424327249299046,0.13529470216078035,0.2522156799834488,-0.2986535713296518,1.0667494264033723,0.8674879677492164,-0.8185462800161951,-0.39752202935707337,-0.7954983961085862,-0.025580564941055872,-0.21746518636743384,0.1976321601954009,0.6187030258379813,-0.0036105090025833337,1.2558780358757677,0.9119559256132197,0.5419421203829649,-0.16535068206178002,-0.26177044211856343,-0.33657309858386936
-1.266039845677787,-0.5160160828329597,0.3806260637452096,1.1621051265599756,0.1060884987558132,0.5700146945598108,0.20607916862021178,0.5308224824237098,0.2522383696943796,-0.47484055492083027,-0.6500318229956964,0.527146345137956,0.42752514651465245,-0.9636871606224325,0.2514254948846489,-1.3690184030129753,-0.3025349981136436,-0.31890211522020745,-0.21959800765438858,-0.5069315213982338,-0.14031319975655746,-0.004539880436059907,-0.04018792818212664,-0.5412922295247634,-0.5261622940929159,1.2995019635450389,-0.8041550180043261,0.08820676941821368,0.14515050161354928,-0.26964639664280665
0.68488235806371,-0.0902474124411228,-0.8861841912613941,0.29037538519887146,-1.9567138552080292,-0.6306684716892083,-0.19672877294268692,-0.09469819085099489,0.05303324278705584,-1.7196832930212018,0.7096120922711163,0.019422802135581837,-0.9143999343669253,-0.4375016270448409,-0.34324271303766346,-1.5086512314955183,0.09727455814404885,-0.18204637890544492,0.8279989187130865,-0.7882323104132545,-0.0994597477123268,0.01708146435030125,0.03727976814508192,0.5366711104107506,-0.8968974103919849,-0.044113004035257676,-0.5841384628597804,-0.2094007689552399,-0.17768250016090184,0.32635223691219895
-0.9158484046202012,-0.5676566382195353,-0.0651442977222327,0.8267267368886362,-0.2826186633648893,0.8123502320586632,-0.9878344731298819,-0.009220414280912937,-0.16186333618368082,-0.26502778750466033,-0.3093951777901155,-0.7040166345221471,0.3102249025023245,1.1343478097146504,-0.1219356255113703,0.8661239026253792,0.29609908008917873,-0.64596291721134,-0.32915751241356106,0.4987417925749382,-0.14687902498692545,-0.04411127746632422,0.0076693081343941535,-0.47110140024843933,-0.00017739452436439703,-0.9258670992994948,1.821938717134314,0.1830735427612556,0.21777722425860876,-0.311804634993047
0.4401484477828163,1.0026809329290591,-0.32530365027718344,-0.5182311749970607,0.1565745307838436,-0.17639695205019512,0.1011796257199415,-0.46900777592656556,0.12076504197883484,1.3785236448828877,-0.14194313479121587,-1.6059292723006893,-0.44346551239445925,-1.1099856847555651,0.19694620678403651,1.0333341942323535,0.49801942009896977,-0.8161662020501171,0.18363493041794665,0.15640532163579285,-0.25019598347451655,-0.3001391082190637,-0.9052969052111164,0.49822024979596896,-0.09245133070199177,-0.7454295897654837,-1.2636240391081734,0.04191291960820679,-0.08599898435941947,-0.18018478016259004
1.0158480152556568,1.10860648111222,-0.2939784168626251,-1.2334193105203315,-0.24876940808914208,0.11182128680441392,-0.5829679492207279,0.14158832338244473,-0.37069608371780344,-0.8050039499927734,0.7994396260625694,-0.9947905292203333,0.5667766566137753,1.3224160834680827,0.05382590839156645,-0.7165855745885976,-2.4777519696270427,0.14887137877322287,0.42802761922509736,-0.726005810041831,-0.6474098800681657,-0.4691268716383045,-0.4523286255331725,0.19024138640026766,1.08959806108821,0.3456448930081884,1.2017546741535738,-0.1810508582035483,-0.19220230487732445,-0.24001198690370684
1.4263279768031927,-0.3946717921628565,-0.2716568574738986,0.007077017796062781,-0.4574645483784819,-0.18249561223881575,-0.3302332189219732,2.079261114952523,-0.32656889974913705,-0.31255409375951526,-0.6427991237717599,0.45816747671185903,-0.5969759542946019,-2.408489388688883,0.7419604736829732,-1.3772710597085873,0.17786056238307116,-0.8815952072589872,0.14987334864376298,-0.5466436801450524,0.6961776132291622,0.1574147060607388,-0.3738424445640434,1.009979483466201,-0.0198471873762043,0.5327592088159985,0.16363493480592567,-0.9214372246682222,-0.6600329925056684,1.144987849153147
-0.12272691117504711,-0.4260695986486477,0.41593348272845987,0.6804416596691517,-0.5029402292307776,-0.15592106369496475,-0.06702209736446971,0.02679859861694576,0.3593653230349787,0.9032159819554263,-0.6002242315476397,-1.5840944333825153,-0.7931984169442521,-1.5968745153258952,0.06021517339959215,0.27834291778033105,0.20938393232507665,-0.5798127669488387,0.7923694942487596,-0.4787339610189324,-0.16553040207037803,0.366332458173726,1.3084851318348396,-0.35863005822759064,1.1896866199436005,-0.369753294997081,-0.5361595418086783,0.0011735189290603056,-0.1574623592453832,-0.2912639606785969
1.1925441296221153,1.0495886383750315,-0.10780609876218426,-0.745145994141335,0.28835133455487183,-0.16109445647318826,-0.8457400111054805,0.048005714414301015,-0.17852696403742163,0.7181826523501437,0.10360556630309993,-1.0083188491486919,-0.42587722547508167,-1.5475517084945445,0.6251650717803366,0.29353037483437,-0.07612853620384488,-0.19615845667466156,-0.8796273235993525,0.13630826754015046,-0.42846845491682983,-0.4174404757047315,-1.1310074268792634,0.5695701357080375,-0.21082739775350948,-0.6867928218051268,0.4371620897969193,-0.19299617418326634,-0.19818221934372854,-0.3437922481972974
0.46657600391794984,-0.5523866051921169,0.12558008091688566,1.2257774926692095,-0.75190373842457,-0.04048743495100599,0.32041853147597643,0.21039081533678095,0.28082059227907924,0.3502273135586409,-0.8564873177887732,0.410673297768918,-0.1290661059770774,-1.5358615687606914,0.11554921417000606,-0.19066626290303193,0.32064609670539956,-0.7055690044958072,1.0697299064821426,0.19391650023109877,-0.20436058402776164,0.2910460052876258,0.8710381189358793,-0.3582850417976956,1.1719160674053886,1.1361266635773453,0.42809293546037575,-0.1504170465450659,0.06173114008873753,-0.14620292673363566
-0.4310133030621822,0.5706897424720481,0.056522616307100496,0.04277172808341966,0.778840321479742,0.2542754636196034,0.48265472299135187,0.037736998068302656,0.1079353206059526,-0.03723897317849074,0.006310943338135161,0.5538096256272008,1.386914434759285,0.7615730564869515,0.0593000843436694,-0.8979039990866708,-0.3653079010399663,-0.39530241640095826,-0.3672889527700046,0.2663754304333592,-0.04428630306592708,-0.10328745405440776,-0.06198247046642965,-0.3432847753383484,-1.2818675092136615,1.457786920637216,-0.5906401298687158,0.08513001768298765,0.013846764269179005,-0.19067448374453252
1.4223059343953757,0.937585896835859,-0.40080909730097086,-0.2500258709103606,0.22440826662118035,-0.4020531166004677,0.17831195234555638,-0.5860578352910504,0.14277701305490162,0.840586811805791,0.11417063256719562,0.8271347172542215,1.2523693211728797,0.4840341750812422,-0.1453252443447754,-0.33015010347733226,0.5296281593220733,-0.8427295792864385,0.4632819232996957,-0.08550176779810133,-0.02450926104989508,0.34385887858624836,1.0739164163788222,0.23037766594542222,1.281674816093206,-0.609219274187647,1.0601814004351255,-0.08007212333181263,-0.1215871961192353,-0.09247809508011282
-0.5500320658317237,0.5454258187918957,0.18606994076585692,0.6899271780471766,1.9793600139370466,-0.44631945833102854,-0.29268825367656925,-0.029483491748057627,0.003885503820167083,-0.1886801954679236,0.486119849883367,-0.6881031461358149,-0.060532716497381796,-0.8119530091456646,0.051140697325347935,-0.6365799200803532,0.24737599611897468,-0.09692166772157304,-0.8347752448869873,-0.8750366512679469,-0.2067472142866996,-0.3500811462646065,-1.013626166959018,0.1692132117624476,1.096366414548569,0.5727664773346567,-0.417319661707956,-0.0017138162275602093,0.10333060699275076,-0.2069474839781163
0.9099693282058949,1.0514039027894098,0.026703369586443183,-0.7030393558023724,0.2671501635460911,0.03550571822392131,-0.7917472484819484,0.2133393997287611,-0.3229210336538307,0.29996870031623,0.021934542261146,-0.5010926588956635,1.191990298992225,1.501769153061298,-0.006068210356110745,-0.07000864145165221,-0.23888724251356644,-0.4013756108573486,-1.3231568834364267,0.11143292240248044,-0.17831189166399333,-0.37058589385244173,-0.7884115869756052,0.5125454784379103,-0.07377070042236919,-0.4895221939318359,0.4162360985973058,-0.14373436096082817,-0.17863588364480235,-0.3465442997073888
1.6355162976369906,0.770551065123261,-0.2464928245785642,-0.14845052151724886,2.617924260558889,-0.02255594045942596,0.9679450061660491,-0.382341282491586,0.2941147521164199,-0.43212657363710155,1.3426889577225551,-0.1627643191624417,0.14875873452322716,-0.18103913126080992,-0.012755623411005113,-1.2586587640731013,1.81705489388762,-1.5754242871920572,0.9401495767945467,-1.6326270894703099,0.16433311132892628,0.4027376214690739,0.6454468543069459,-0.0023635805952391883,0.4238588758497616,-0.5089614301168675,-0.03308544847602899,-0.07230793296120819,-0.023111992812656742,0.39950096835433774
0.6953480914494959,1.0745087281560097,-0.08942926157437509,-1.2782150925839357,0.14469351275396727,0.3249301394155279,-0.6399165463007371,0.30148218953009465,-0.246586832351384,0.5224702325370781,0.10696688251413342,-1.3324889983007655,-0.39899250152533566,-1.1731527568198172,0.6247479940034005,-0.2701763742010548,-0.4462351615015102,-0.15292729963957835,-0.7133686980480539,0.4502966466425726,-0.3145285620136085,-0.09925143570471981,-0.15107369240575802,0.13509380212595087,0.8426944341230861,0.3319579979199624,1.3702858692136755,-0.2962832416559331,-0.23064425855540946,-0.29130384548309096
1.2525378407209165,1.080306864381668,-0.028302179991912587,-0.905750485708038,0.16698132257138965,0.1801067986900419,-0.5828844673195023,0.15076632968475204,-0.25371029765317216,0.5008433567688538,0.0615415775851021,-1.3389753810934732,0.33942947392994766,0.48204965376772785,0.1818458410575329,0.06894302043863602,0.11644623880785301,-0.6847024231055506,-0.7858618263255901,0.5249155201982627,-0.23682150574139288,-0.4575948168683771,-1.1220020484946847,0.38971628526518276,-1.169316395348965,-0.35970729562141135,0.5012704792203457,-0.17199257657343067,-0.2056939271326717,-0.3477408438422112
-1.2318630141181681,-0.02500248689281187,-1.8147697913806977,0.27025108754789684,-0.13298719455866653,-0.9759074627888844,1.6848639585902574,-0.6218833685073034,0.5470520887282648,-0.1737848202560397,0.07772288245652301,1.7957945875664123,0.7661887527960539,-0.1583601487040886,-0.45164648814916114,-0.21708953922649227,-0.2774281059642183,1.9781833521159924,-3.3960857433375,-0.6602577158566273,1.474547778807987,0.7278262837642491,0.6355533968020308,-0.646387905800933,-1.5686180781824288,-0.35696416496610894,-0.4087233827489188,0.017781448534714223,0.3194383837036932,2.0822009851549894
1.502009759073846,1.0585465501721674,-0.021936817446333978,-0.7397126896606088,0.2678089053208244,-0.038522746162105444,-0.8441883976204798,0.1569089635312088,-0.2824836293727676,0.4738727325880113,0.06284059101624424,-0.8215693534930353,0.49791778857820307,0.2969366153628397,0.23604566107804023,0.030011020842305274,-0.08101368544605343,-0.41910971410241427,-1.009536194338884,0.24564546481955582,-0.26873045607463947,-0.40473998130584116,-0.9774265459782975,0.5103114635639484,-0.17267561809642162,-0.5195551060110413,0.42403151513061754,-0.17129756801918722,-0.18745658342798374,-0.3477408438422112
-0.3726410436147001,-0.9937240403219352,0.9539306508249816,0.5855081436457792,0.7976782521871466,-0.5491996741169352,0.18206020214073615,0.0015030984730822255,0.5235831888862593,0.2710801132101037,0.15992839321542696,-1.0532513537544939,-0.16625014872624486,-1.114061047125386,0.2322000100136226,0.10181407968453231,-1.047053224976762,0.9354645970597593,-0.5433093194051968,0.5440617253072637,-0.3739393620556359,0.14251411333832695,0.4895218721406528,-0.2200686557477197,0.12734677019561902,0.10853274287766751,-0.5446500559229128,-1.9705662578965062,-0.5050477082081355,-0.19219010631530747
0.8354036100588769,0.9297135024081689,-1.3299487217168777,-0.7309477596233945,-1.217343511494291,-0.6310051547208927,0.9471317677786413,-1.129136725263269,0.3105075235853906,-1.0988345474040893,1.405301287262282,0.6517988212106384,-0.28854790514454415,-0.013652641307151174,-0.17768306226359715,0.12017537525311787,-1.0159880148314075,0.9730137820298336,-0.6462031606006939,-0.997876058279315,-0.23891035206193517,0.060662276523518424,0.45153165960661795,0.1738084904030609,-2.7345176180297166,-1.0013845064330957,-0.16773907518781755,0.0904111686696406,-0.13211258996138336,0.3901679241027235
0.4844119720824583,-0.2025145042739742,1.171521629836964,0.005579824262287621,2.1789551694062776,0.6478908523524742,-0.08188663255457244,0.885661912266647,0.1547465093987891,-1.9883519551760778,0.7334034152570016,-1.0326018282563303,0.35226574405179784,1.1436890907308268,0.4040878035486892,-1.5706717531344274,0.41952726464182105,-0.5157581711169086,-0.9071237395758405,-1.44620059395557,-0.32494153792867847,0.15755111966660718,0.2769728601276387,0.39143676570229213,1.8666658277753505,-2.1667121879396585,-0.7836743985149281,-0.027461743211663517,0.6418285820831732,-0.23319168533521953
-0.34094903406619337,0.561422460087499,0.21004247730615955,0.700078315637378,1.5911838660560302,-0.12136885089280562,0.5269035586820803,-0.3824939963783797,0.29096635934173287,-0.584105165126643,0.7203084967478913,1.0194628849514666,0.4691194558124858,-0.14402958771378363,0.3214562980968888,0.4506153641071866,1.1979475987164012,-1.0209488929886035,0.11046309554195781,-1.3137605137117405,-0.22166426633963923,-0.034676591553944806,-0.17407685748633264,0.13248186116394983,-0.5963880429784104,0.26032955829299775,-0.23409538979633257,0.0733523665717286,0.054032779863063755,-0.3516894394871249
0.28808997539094455,-0.2963795697185777,0.46953878075605865,1.3539114424950176,-0.20404307743258174,0.026681813868249627,0.19696999724889447,0.13294879931355444,0.18916434716088,1.246803807349172,-1.0606821180528792,1.265561940304246,-2.8058601410340196,0.07302405296628696,2.042453655767167,0.12951682125807845,0.16066073534102357,0.178947678493082,1.5275537112736837,1.122172000410722,-0.12153464359533366,-0.3344294990794861,-0.7246027787131443,-0.47081695966730847,-1.0140186706280119,0.4726378196229067,-1.419451913262034,0.17734488334532159,0.17826436965706985,-0.31423760806718576
-0.2221197916195333,0.6307544598676224,0.17101770860326795,0.12110496154811917,0.35381541757868123,-0.12107532234076768,-0.4208340926117551,-0.0282865301074845,-0.020991279180127477,-0.16268777194914008,-0.09931441523767465,1.28029661751069,0.7201415480171981,0.025316360360421574,-0.07949648528518626,0.47686118229547714,0.8940614089236146,-0.43563082065390085,0.38930670620671026,0.2671072898397237,-0.08910099310690099,-0.3539257018395721,-1.093625292964988,0.12355103612438395,-0.07763155091899591,0.43205764234028204,0.20354668452335706,-0.07023227718649123,0.051273626642849304,-0.3437922481972974
-0.9305257007366857,-0.767902360113511,0.08541898706903389,1.2765606329073187,-0.5619188280758499,0.2650247391740543,0.6345826080283564,-0.19772272765281415,0.5554547545910935,0.5379590937501973,-0.2353664018686738,-0.23518299785908225,-0.5970338795722232,-1.768463367263273,-0.05200958545973784,-0.022542683202883464,0.9049412091581113,-0.9907889249131318,0.895254842974983,-0.40917580627822175,0.052712862752959944,0.02307282255335992,0.4427653012194494,-0.16363070609044425,-1.9179556852548263,1.0181118037141677,1.2899232209983205,1.032018087702849,0.41302073716198157,-0.311804634993047
0.8601254832880774,-0.13128100109085747,0.41150709905081184,-0.18546602339938617,-0.24605344459451378,0.9577145468901348,-0.7645615581602505,0.8507934888425839,-0.2488207687765752,-0.14009647469753925,-0.4486689986038725,0.9095516430335314,0.024297746270363817,-0.4076861236174584,-0.902265598937672,0.09466959828858677,0.25368105766829996,0.10412083897116502,1.6600098158776313,0.3424082001079644,0.33450397455938313,0.40125467495905326,1.5254155827931504,-0.3625917502665307,-0.6874339901544686,-0.8068054542601809,-0.3558378534644142,0.7133243795737482,0.24074535008453568,-0.24511724187894882
1.269784190103127,1.0642211851594359,-0.5871746005474213,-0.8950048334147805,-0.17374403347956835,-0.32440110341291556,-0.2253516737406243,-0.4029412495013915,-0.17664593790751662,-0.1326916748692524,0.8364171380201318,-2.1035795716039907,-0.49681521860736366,0.33871338333672496,-0.07991345005327666,0.17332180475211123,-1.3928740178342451,-0.6072816545563964,2.0002380280647327,-0.8603587280273461,-0.6015534053182643,-0.08752526932987548,0.5008287409723196,-0.20979841083713774,-1.5906469337709168,0.2767580967431025,1.4059815181395978,-0.07745967878847432,-0.17031773673637066,-0.049881123880437625
1.4266227861943417,1.0137869091117222,-0.27411700463866046,-1.7187958351237673,-0.4409860816028844,1.69954745992044,2.4801978877238398,-0.4036282490385848,0.6416419295137514,0.2656603277152671,0.18038290553306946,0.06796233003341091,0.19234257966487062,-0.08375602682504422,0.6186065890924612,1.2144271739858994,0.07648046762144445,-0.7517710758952159,-0.4165316183363235,-0.5607147209147261,-0.0974348421549533,0.2149291312793422,0.5170929208702191,0.19594946105208813,1.2300876592514987,0.012936627908864856,0.8360992849455015,-0.11283050087873468,-0.1894146864439152,-0.20834345213540903
1.191807106144243,0.9712973773874088,-0.1910078061318495,-0.5229396788681143,1.0497881752631404,-0.0941339796758686,0.07678844542118819,-0.18617212903031344,0.12920999284361753,1.0079662587999845,0.18059958571739743,-0.2559625062382775,0.5378854642562914,-1.8402969229466515,0.2533475568310268,-2.4264651652994593,-0.6156315823975815,-0.07233718733489211,-0.2402337181485386,0.7906320624890064,-0.47561264914567924,-0.42580439245054164,-0.8607430588660481,0.31252589662673225,-0.7738371415653403,0.0057491362376486214,-1.679772903641329,0.06485131887233653,-0.17974106890868455,-0.2781019751955512
0.4801793515381062,0.9837148907486282,-0.767375705647042,-0.4771726098811148,-0.30053434525248934,-0.7300737493289072,-0.11664797962589735,-0.6705533513796369,0.009666078286967092,0.10442761383874186,0.7169334298769326,-1.4260110981725973,-0.5473792898481914,-0.4669042268283484,-0.024554818967109152,0.5982206105985313,-1.0480197825090405,-0.3770775268061692,1.3294150682699764,-0.8593037166192312,-0.502281267345482,-0.807796351910146,-2.0377309144922724,0.6916908633327513,0.6546460360886877,-1.480731075330919,0.4318046092478724,-0.11458204062732054,-0.052871998361402626,0.1345063272956844
1.1288442433202994,-2.0243759880132552,-2.673226450501766,0.6140220780770996,-0.7245829405512444,1.281078860255708,-1.0340661266891753,0.41409620185001766,0.11432181590177441,0.3809618161476225,-1.7792294694804267,-0.979526669231176,0.6671827726714556,0.7680607148416271,-0.22345672185171353,-0.3067802413496044,-0.047877620275949925,-0.4299609667821438,-0.6092178196818311,0.03301316184197809,2.727092527772179,0.24431249911572572,-1.980601311572249,2.932189227578843,0.8843619956679569,1.3146515067805893,0.4024577682287588,-0.8764003183424868,0.4882534820419072,2.0142771631015743
0.44650790750617114,-0.37746010249173906,0.8589988798957059,1.069581368687543,3.0484089887880765,-0.19764724203376563,0.9072891843839431,-0.182965185016265,0.7311040514685655,-1.7346642986178522,1.3264471924011445,-0.006879701668612393,-0.45329602200448527,-0.6893920436038994,0.671337442794738,0.2996262942076411,0.7367219846301141,-0.11917560409104408,1.0910147635442753,1.9123286883993145,0.42403950370009413,-0.09589394605499033,-0.5086783628137193,0.2784177280251403,-0.7026187648356387,-1.3180599350870552,0.20364024177659446,0.7319371531179455,0.44591289894610664,-0.11644886258105361
1.4159043590447138,0.993485404233629,0.03991010189133266,-1.2506691877459766,0.2678664066329435,0.3069282053945481,-0.6898732089126567,0.19490707012092845,-0.2002042607719311,0.25144536519893695,-0.3546488540176006,1.1906301867530615,0.8809006553182808,0.41089731213491587,-0.7615983204083374,0.2572540786493309,0.5207982840927874,0.16400450747510537,1.2076432101567804,-0.15188593929928687,-0.0949204221094944,0.3484121670977125,1.1234738029511153,-0.17657789306780633,-0.7493684302900877,0.4837437962153922,-0.21052481746965934,-0.017721266835070103,-0.10642893524328165,-0.17025346384356463
1.0952149149156714,1.1044586947503994,-0.5373763281978036,-0.8584212530646489,-0.6706491058723705,-0.5540395414581647,-0.8482218312532098,-0.4491461036005877,-0.12693331045604947,-0.4456654284514752,1.0135974645247716,0.8353245111999882,-0.9817916224155658,-1.9682256004642322,0.6754345951709877,-0.11927942649104083,1.2478683294313602,0.12125247894236879,-0.8024343464850385,0.7638028437544411,-0.20869584297142518,0.6430785387439536,1.7316855321703435,0.024059496485444795,0.03912031533252053,0.1504411446944867,0.11551097164601232,-0.13109463430170754,-0.244186423731315,-0.2918622327460081
-0.37299902644680943,-0.20795314127767614,0.6051066826948353,1.0796722000911754,0.34127532583354275,0.12767537555391803,-0.6623361232726539,0.47615236233795405,-0.10790721209195468,-0.7200631549618529,-0.5666337913367148,-0.007314790393770107,0.22664112635495642,0.8759984212500045,-0.5161069757396224,1.378091424418371,0.11838348569964544,0.2957638284312587,-0.16402956948135194,0.7722335702104813,0.21745684055758305,-0.3132447002484919,-0.9753868464369706,-0.16927398413800682,0.6043150233253658,0.27108782288543687,0.4743518103606677,-0.08060345394746914,0.0025811155706103295,-0.3437922481972974
1.1174519661337599,-5.567529410104043,-9.44950436350214,-1.6645858113231862,3.0941128852683675,7.709342803591066,-6.234228750173343,-5.767397999676597,1.1359377468897025,0.978136519016165,-0.521419773074651,0.17079931453696237,1.0963243801893678,-0.8019320618210896,0.15430909807171808,-0.007790464731860072,0.07912641351755734,1.8947419926212452,1.911820020620893,1.3135065033076667,5.750270426071658,2.029163715622925,-1.6208462017220207,0.6493304920624428,-0.8112548317659772,-4.363600541167037,-0.8676129494530141,1.2956782428541624,-6.338288633315166,0.030686181197599686
-0.7893962336309768,0.5535708743750672,-0.08858578891577434,0.813133275074723,1.2158556442292237,-0.5117690844021895,0.445345673954975,-0.4310319266465952,0.23640641906844853,1.13451755405211,-0.3829878780650931,-1.07742240869004,1.005877247461425,-0.22791165220285675,-0.7855490705372592,-1.8688177320959274,-1.3139544611689673,0.9149981736188998,-1.621904236644197,0.21356672021217457,-0.274940756934329,-0.5674308684351276,-0.9832855438230005,0.13725718397686465,0.11580792558192476,0.8220116167370732,-1.056368172035168,0.22792790762438095,0.08583351724981073,-0.3209781400266849
-0.4677802457011807,-0.5276589515018596,-0.41660563680632756,1.109327228815503,-1.6090949012796916,-1.2410258229498,-0.4967228926162227,-0.6641209419317198,0.45388024016487083,-2.28935892265052,0.5981885524378985,0.8066173986616635,-0.7718278969432809,-0.46161801603534647,0.0960457307672127,-0.45200442250127715,0.3381213794876838,0.22724115661827482,1.2211422235321412,-0.8883393632807806,-0.3151532006975361,0.2614308966855633,0.6190906736248152,0.10001775798608187,0.8005286560759189,-0.16006486711684698,-0.577307657119675,-0.08191260828926701,-0.0012381324311257571,-0.006685880613351296
0.5754870161338148,1.0566675412373145,-0.1297869425318313,-0.773533046121226,0.2849265613411266,-0.19522461546194653,-0.8870179338053688,0.025866211515491868,-0.16772080825196478,0.8064955714474444,0.1276170271300429,-1.2250385309254679,-0.7890040541669653,-2.1285804090753007,0.7382675136864688,0.31925042442574875,0.04852002039955697,-0.2558533045319085,-0.6566208461483807,0.26525956678748147,-0.46655315165707695,-0.4416469811789312,-1.2502667793383222,0.5550522753152702,-0.2816605962287567,-0.6767856751805672,0.4405795670183898,-0.21068894116176345,-0.20276986885113796,-0.3437922481972974
-0.9282935724894155,0.6127827196561507,0.18059143751383683,0.09213177790782824,0.7616724450563828,-0.24747506835795183,-0.5883222700044709,-0.02968210749228597,-0.11094746343740268,0.4525357467532627,-0.7293562175821072,-0.2718040150879763,0.5199510519475892,0.433543319111675,-1.7622145555067714,-0.3292512964184113,0.0878909296609013,1.3031279124264676,-0.04602837495855424,-0.027050385230430355,-0.043848437232496075,-0.2366881281818527,-0.3150056261526178,-0.1626406956519384,0.5852197548025028,1.0913217634507755,0.8480878477443603,0.013261091344194677,0.1354699316828019,-0.30259124515491503
-1.4694793833841813,0.38308898995122115,-0.3266819921669858,0.26750578146459664,1.088496211650427,-0.46485175495746545,-0.2637951874736349,0.03171769626347729,-0.0973624808319611,1.5318487465692407,-0.3840600149286209,-0.13934132039248537,-3.3598118755900765,0.10769984990349145,2.130372801884718,0.7129505501640417,0.7420076106077111,0.11271977939865191,0.5986527082301399,-0.6239730864502092,0.32094740549971595,-0.3293639185136366,-1.5466419625857701,-0.22072789309022833,-0.43217202175738434,0.350939896948939,-1.319966069871269,-0.12676211001430993,0.19497486638178554,0.6853154773588997
1.3514463914513721,0.43960341718691504,-0.2542343378665355,0.22614955486282204,-0.694895667856289,-0.4208012690730358,-0.0816001572558221,-0.9721570316546351,-0.687174358979735,-0.3299817606701982,0.5525641581337786,-1.0035341822557085,-0.7933018977129501,0.018220941901342297,-0.3020445221549211,0.5493499645682051,1.0040330355933347,0.4818230551775435,-1.0911598098403785,1.4629632668812735,-0.0012890887296867876,1.5377882451879554,1.0559151318281115,-0.617371398858113,1.1986476390091385,-0.2272079677199967,0.014205329553043941,0.7876633907516868,1.0475238164363792,-0.27211925452143954
1.3657235891084403,-0.2134718117064222,0.4259779377667767,1.0173576556554509,-0.22105691054691795,-0.02677789902898156,-0.18490929628643776,0.28553013099150903,0.02511257101324728,0.38296852085154337,-0.6424772298651014,-0.9148953691477364,0.7696956000500847,1.3894316788171361,-0.5714205461725658,0.2822874503657761,-0.303602697393261,-0.5146171787144164,0.22355172286741237,0.11130448440123092,0.2245755760594593,0.34638511615575307,1.5256844094770947,-0.39571739808131434,-0.029372725181702065,-0.3130352319338994,-0.31318127725984285,1.1230350885377611,0.7275015226861473,-0.29987907844931777
1.522435838317734,-2.414378625050795,-2.7212859454202083,-2.773303600526447,1.2328004593593507,1.5274279197210074,-1.976051373918799,2.206348127475642,-0.37329444373834614,-0.45788157490518666,-1.0628029979941018,1.3799704792738166,0.270387696438049,-0.14981186116332643,-1.1880213061076819,-0.3618898525915585,-0.02841850367355593,1.834770643078257,1.9431284846415602,1.184228000644506,-0.9778131504237708,0.13412086196163034,2.896203580473336,7.649422622460193,-0.21687057828826778,0.2725276096442785,-0.48196283276925317,3.1403741223149826,-0.8666620496506442,1.9815716234164304
0.8049750693295796,0.801388668769052,-0.9600895430307474,-0.7391761359032379,-0.27422982600336154,-0.8338025324987965,-0.7791654613369203,-0.035687690979201776,-0.26920468060249997,-0.22347385309220075,0.512330644111193,-0.7290108700464204,-0.044026748865833694,-0.02402073958524898,0.4127287586392661,1.0675177026855265,-1.4898921531212228,-0.25223041764021736,0.8478071018534115,-0.9847865472331528,-0.06401322393479415,-0.8380332835572378,-2.729600380619761,0.5566309066130996,-0.20727013606566952,-1.604314270747893,-1.1677606228999777,-0.1335656287591229,0.04279490183239563,0.8585351832766799
-1.2476984899855947,-0.9722718326463111,-0.45679671109125103,0.7971849212898106,0.23604053548843282,0.8515424093974601,-0.45170061338822953,0.8231895825980642,-0.028740248002630708,-0.6118397611668396,-0.7731108937369187,-1.4469084310360967,-0.3324397816638334,0.3982574656305807,0.15549416773732158,0.5008450779246749,0.6793213190060547,-1.2465620938445394,0.5269013401170795,-0.8047335020522177,0.9912703703188762,0.40925805725415987,0.06499047996180458,0.4045732248402668,-1.0027267150515133,1.8670126104618483,-0.6514338738314367,-0.22897763522143869,0.2915320222275661,0.6454306728648218
-0.5725007530000006,-0.908758391877896,0.08121139638919762,-0.17214091333484047,-0.5675580560005034,-0.20445603844318716,-0.14721985910268975,0.38425051445027186,0.08943687417029628,-1.7165585551828688,0.31360296462679044,1.4111327641446716,-0.5368785276258394,-0.1146988093224068,-0.6024229688897895,0.41751754929598495,1.037577976559163,1.6509188817261669,-0.8106713732189392,1.8241647347407115,-0.850180914733854,0.24525068919615506,1.4010400227682753,0.35660995845377497,-0.5027537811888632,0.5435421658030654,0.10984238852706482,-0.3949745715877471,-0.5265239229920793,0.18671553637843233
-0.8632670439274296,0.5885263500149689,-0.04822812670836435,0.49357949250019617,0.5878210945432072,-0.532732557449317,-0.28666282198364135,-0.21254023760305193,0.04441663736164176,0.36023273019645513,-0.04191656344523759,1.0448050670884919,1.1231878732742755,-0.39528199669149655,0.04914752709963728,-1.1703879655440323,-0.2153018660698703,-0.10052399582201821,-0.1338153768870633,0.4902540379071482,-0.15553770621167134,-0.05862763968622439,0.08379789716858062,-0.09393483179649902,0.9699170214983386,0.9285271417568381,0.7909955123049571,-0.048406828774027584,0.013467804974367897,-0.30259124515491503
-1.5790010721959975,0.7022744532680173,-0.3072066016389423,0.34682199388333723,-0.31115533744940216,-0.5988626546320547,-0.19566763767074147,-0.6167494440430307,-0.06040840805113022,0.5701214894318314,0.2710193538378716,1.7031741901131965,-2.348023670302809,1.5202398747548962,1.2270457966248667,-2.0628580452617196,0.9691005493412846,1.2438287557044128,-1.0440369293691267,1.4122336368089357,0.02106742094702585,-0.19564572107465739,-0.15877487406364554,-0.11517807566090628,-0.036084776604494044,1.0435169981782848,-0.5811267863048719,-0.04452307233398835,-0.021511465875427824,-0.311804634993047
0.4169637949503207,-0.11859744914204075,0.6717400035207333,-0.10459597975368866,-0.5932204282740158,0.5186868558085136,-0.5245100498767198,0.7987058446648219,-0.16007002500098388,0.22524347770154704,0.00405785432375021,-1.5214132175721857,-0.04936781315619369,0.25035372059383965,-0.06221140146295405,-0.37112754319556446,0.10018079261744654,-0.8334714489270093,-0.6438580191157679,0.20904941035393734,0.14020626759955604,-0.43589433196719357,-0.9978482873881963,-0.017020478568161558,-1.1966903328236924,-0.6639640814186237,0.3648488284769323,0.5296087174027968,0.45627851280100273,-0.3410401966872061
-0.8029995812511331,0.5899514618334422,-0.8286396123585068,0.5685886738880427,-1.4621289754823221,-1.3755202159067923,-0.26337139572107204,-1.0214614055031783,0.21278502551689663,0.5404553840316266,-0.083231760957782,1.411485252440772,0.21518994760605448,-1.3765509975326136,0.4238048007424828,1.8818118873669307,-1.7776534308489111,0.09039038802256502,2.2419169785628594,-0.6151652266555478,-0.6017230329975252,-0.1906947675404864,-0.05847053626590352,0.0945641776074136,0.33212112515733877,-0.02717517330568735,0.13373675508563482,0.1286761326391335,0.08934045275150915,-0.06045059707136828
1.55581247295852,-0.5905386946163997,1.086850493927697,0.011496073712051826,3.1462188619778684,0.166304833208997,0.6759020552739583,-0.24022760249832364,0.9187470619505985,-1.8192132347104062,1.5230175592219979,-0.41742683721147916,0.1461566238467814,-0.08763102131254755,0.901807893396539,-1.0464201287836008,-0.17135682905446598,0.5098162916206069,0.7450042975943031,2.093436406916489,0.23452044990610324,0.3023218150766217,1.0439043687640654,-0.35285926151530994,-0.8603584102187588,-0.8215120305967065,1.0491261029193975,0.9617837561836322,0.3073431829284893,-0.255965908701338
0.8154197449017121,0.9424073930350146,0.1043385752218117,-0.06338508294332945,2.5804608550378756,-0.016307631133732015,0.5251871257270381,-0.4507083426505105,0.23925628226625864,-0.47023978826100427,1.4823877842787567,-0.11976917374689122,-0.19748352674933978,-0.872886312616284,0.2384443001244423,-1.077287441467198,1.6519006096270192,-1.4551233470836524,0.942621508584617,-1.794116105614566,-0.40303392626350465,0.4644984488364966,1.3934434610980333,0.049754506427022206,-0.8108826877557948,-0.16238330784346214,0.40526762681104395,-0.010875781208853613,-0.16211861324522825,-0.30382767409423145
-0.5645408994389802,-0.23806740117044115,0.4832307213914925,0.7735521154867994,-0.48128013426390504,0.5982667730503638,-0.07845809289550992,0.6130823920054831,0.02339018787700062,-0.420527206082055,-0.6949804719886783,-0.9268936237164416,0.1626247871539165,0.7999036677434487,-0.0031988475661963995,0.6349039870431491,0.445574447883433,-0.8942207151302077,-0.8021343654816592,-0.9185705699749973,-0.09460786419178532,-0.2017712873876528,-0.6465463996743626,-0.044050193162869074,-1.2749770235338993,-0.9204323597685796,-0.10154068501637412,0.2528906211825382,0.4281131984247869,-0.3158330002469489
1.408007678924654,1.0567834241682224,-1.1293221378840763,-0.930577919006163,-1.0752767103145686,-0.8556784166786424,-0.31831555186719346,-0.7849148536219602,-0.10725401597574807,-0.9228576716207155,1.436651072125175,-1.5076227914936444,-1.782752536469457,-1.132980885223946,-0.057888186804984344,0.06887152275122928,-0.5862982011121908,0.6499182112706727,0.19031044770879477,-0.15348455092013777,-0.32077706321183364,-0.09989533798770252,-0.10630926633736289,0.1493891595504688,0.6099689805210231,-0.3037663547301908,-0.2435612262146206,-0.07601748001375187,-0.09361074474470422,0.23497614981626655
-0.2297216623484442,0.6818976139465008,0.18793420097863647,-0.2520084155067339,0.11606457853368896,0.42840349374719344,0.19416575640517722,-0.00545410699573843,0.012693038213145547,-0.19545332001081084,-0.12064443938569218,0.20182351831781373,0.7221570000907526,1.1453356758831563,-0.34813312558517845,0.4839881730607607,1.3125642037713856,-1.095057654995228,0.8044293676757315,0.9059868536333768,0.039963519090921815,-0.4656616635795273,-1.3489352821161815,-0.16689381794953584,-2.3459483932901684,0.8460637313914796,0.3771122830930016,-0.060391124772951076,0.013355344734397053,-0.3465442997073888
-1.125247303590534,-0.035600106163728606,0.19502492523148876,0.45683559948543534,-0.9755587063614531,-0.06248979280715978,-0.76512049067406,0.4404313984913108,-0.18249117769192116,-1.3636853741774926,0.25449306080868084,-1.0640244135571633,-1.8849294971445107,-1.3299871114033415,0.28131701709290724,0.4390865140087664,0.9554365970640386,0.38933367867648094,-1.2957219853809,1.225713786179643,0.059141282720864746,0.2976784130678728,0.6439330392453031,-0.5513304557883696,-0.19545750171737847,0.6719446721531207,-0.1865750863323338,0.03140033905482866,0.10043756525899929,-0.30382767409423145
1.4557036268498151,-0.4734054164246215,0.9012026839710514,-0.3890052339789916,-0.5098649871053245,0.5687880748560554,-0.6275290241282906,0.5713974287451409,0.15086171588530328,-0.4591866397102219,-0.9017491851118652,0.7648879158957516,0.5596517890009806,0.16120139872314243,-0.4827101315524892,-0.24444022841716578,0.5376257269247701,0.1503626706455786,1.3905987038329295,-0.22460836633503697,-0.3572498701983005,0.5844681877148978,1.4500949350425651,-0.5548248202581232,-0.7450568953161315,-0.20447176652407678,-0.4356452262254456,-0.8588794928550569,0.34590604623790794,-0.34546740998604875
-1.7084645105376715,-0.7855867817653057,-0.101002766433303,0.8227316472916572,0.3377568180307908,0.26062124785879826,-0.24023634452041903,0.2758253607852248,-0.06301290077740172,1.3802530908145565,-0.3379271185601767,1.2247497371842988,-2.7087460988712966,-0.1677400461915207,1.7180863533335342,-1.7462049067096996,-0.005304140743150821,0.497055581803204,0.639849133886612,0.8875742422304244,-0.9738770828819776,-0.5282772251991904,-0.4315202086169549,0.9852698524309809,-0.11864740887420432,-0.6527952958091527,0.28039457152586206,-0.2394964342786759,0.22763128107303351,-0.1773529590435105
-0.38112734251705765,0.6081754716994623,0.20560531092811962,0.27829808757905106,0.5060892590905519,-0.2298282187353597,-0.5871432277716048,0.027675282428999724,-0.08547598455559742,-0.0345672839161118,-0.30836037739099187,0.4870132938412714,0.580710179360095,0.4413225737782889,-0.3110496650777547,1.4090476227044262,0.08982372319610711,0.4435782346364666,-1.0610047971424648,-0.8376612432438706,-0.13667697316237015,-0.3213301351096858,-0.8704553045642304,0.3129918361946461,0.6082728423403576,0.21218772612932624,0.21356830702564777,-0.009957218439275514,0.09489291570648786,-0.34813969188715194
0.5560295963179874,-0.878183806255652,-0.382174586596966,0.34799862044505353,-1.73134614090648,0.21104148160002426,-0.07961910817510635,-0.07463465933234435,0.6296288174699828,0.6058577460854415,-1.4345289660167244,0.015170952193298977,0.9866045139143732,0.22605906714239682,0.05261651666901952,-1.136914329485448,0.9968574953881691,-1.2787312603696182,0.8056428618515313,-0.8959194371895252,0.45789931483617197,0.5340886196206784,0.9425665222726164,0.050970200484950164,0.47174228346489894,-0.15453514649232244,1.0384506813609438,0.4187652941168063,0.026472983080816248,0.13490517534062516
-0.7480386876155168,-0.021176076873844756,0.11908033531436718,1.2058004303975538,-0.6254023361044444,-0.6437019551338442,-0.4898651039205382,-0.19301742106443712,-0.07027556560366649,-1.142596981945594,0.34777517789544654,-0.3378501332788187,-0.7005798834048508,0.7604448375358246,-0.5000343509788271,1.1293281156755848,1.0960103651211985,0.39136137027704687,-0.9902920197023154,1.3780541779602953,0.30174495695167525,0.585518859078642,1.7058099296113902,-0.25108209003684734,0.7453942531014139,-0.9165536073309686,-0.2341573707827387,0.47315553636950525,0.5065565418279935,-0.3377297579141976
1.2227199765875705,-1.3253964651347347,-0.4692137657195357,-1.8108311994581159,-0.1777047452327457,-0.5387898181986368,-0.45975591885286315,2.235745174867709,0.05865709651151912,-1.1263647821352571,-0.7915369891943324,0.1697461346818377,0.2273226180443172,-0.7266890974327065,1.661561607885584,-1.1967806092070676,0.1270174398920358,-0.28619166262669415,0.2005214874993581,0.26824176628768776,-0.3001952853052272,0.40376346757145076,0.9878023038867202,-0.9772186319164705,-0.27076751399609666,1.7693253688300685,2.1545345201368913,0.6008069203250388,-2.2863962409592284,2.094884352984106
-1.5515206253781895,0.6272427471552124,-0.12768497157268915,0.6984250308394295,-0.3676561285730477,-0.7780416821205045,-0.5661985296843938,-0.48062329152077926,-0.13673660504036697,2.7155096942788606,-1.361769014361862,0.6384736395969629,-1.3353088292995532,2.4376008603004844,1.1766004775162537,0.486355566569055,-0.5810259105995587,0.6403167603010514,0.4318237392630321,0.4213177976704229,-0.12099582593995221,-0.2002263430232668,0.12324662195142902,-0.0690559133818438,0.6142845688522027,0.9621447121495681,-1.5131404416065026,0.17363563761603995,0.09906274797357222,-0.30442594616164265
-0.49844042238066627,0.5829933282009896,-0.2690791873781904,-1.284469707073464,-0.6964937771748404,1.601310742996769,2.168769702016372,0.010968354437662288,0.48119867661936744,-0.2632202572906958,-0.07016900132115296,-0.016031606793230603,-0.03204276204743309,-0.04464392742665016,0.6846552375661437,1.054823717565842,0.289008115242044,-0.7735602057388932,-0.25921610196245154,0.5558137510302934,0.3808737852788734,-0.038696619054295806,-0.6698786450003618,-0.363390155441976,1.8030403007328817,1.2754039591505129,2.225924751488922,-0.33205659271578764,0.015707736726665658,0.16282453848647965
-0.7869114116198646,-0.3600441794179617,0.22115209526272173,0.7147126900550643,0.4571993275746322,0.737240951447728,0.1121829270505678,0.39240471086408363,0.06074380017315343,-0.8300664320540719,-0.1279818371125561,0.2648690666310634,0.6914641467137265,1.1824702203355915,0.21388876059039075,0.4398437487286014,0.2661304586914528,-1.1024539126084052,1.2631050117884257,1.3407509101860289,0.4989132652368485,0.3904207681964657,0.9100124615368925,-0.3244187759833837,-1.324345085437882,0.3587839346381639,-0.34874030239861886,0.28718751191625286,0.40937216134004706,-0.09132143574978453
1.0397065181250642,1.1247009499022904,-0.48857341335688415,-0.7696105987846038,-0.610882934622771,-0.5881718774261132,-0.9830253700697985,-0.4107396790667796,-0.2462170331109818,-0.2482325873278158,0.8183579574965056,-0.747486905743677,-1.2248813196331374,-0.9981960388906813,0.2279752574912841,0.6452273525062191,1.1381143478583136,0.2751094794401272,-1.5009961986389737,0.4440245221720123,-0.14756011931343782,0.46917318243531925,1.3096018213360594,0.1345013014130864,-0.004103198930142061,0.01664345732737489,-0.06313491877676035,-0.08700031243461034,-0.19498298462322,-0.2955715195639573
-0.4087130784031333,0.5826614411522909,-0.09175791658785373,0.9067519260198309,0.43940110598953225,-0.7195765900335366,0.04407209902357642,-0.6693154779163122,0.1472722240165775,0.5860993315822303,-0.15035379567470677,-0.08854460853365587,0.5743971827413984,0.8757906607303906,-0.3260474885915127,1.9466706342084727,0.601071219627966,-0.5346870463608767,-0.1201474660543766,-1.2083443702645353,-0.07104720360488907,0.3542024073495058,1.1908945640012056,-0.0251273783872639,0.2290450637294468,0.3009969518850464,1.0343049901029149,0.10239395945745416,0.09467351575929854,-0.3074173064986985
-1.2654502268954892,-0.7775459779415235,-0.31666297488861955,1.4846399033871793,-0.5933438961339476,0.4240736651279849,-0.7358892260285226,-0.1588110454839656,0.22373920643022002,-0.09643378100927603,-0.7542174505564511,0.792504889130849,0.3714883203005291,-0.8763851676575855,0.0838445640653033,-0.8685703241858986,0.6372719274662642,-0.7207208254104844,0.2979929934989099,-0.2983509819216834,0.2479453922290419,0.15687395897074075,-0.06415900055728285,-0.113448513263215,0.6291924199639077,0.5698111786440815,1.8408047939295915,-0.24329218210177017,0.17536787523004524,-0.23203502600489126
0.8916279725137027,0.9940336926950567,0.23431061961614758,-0.7516537585310307,2.4145041750248772,0.6973405413078567,0.7055079038973378,-0.034583509589795086,0.1443456992610956,-0.8692585745430902,1.5249566910920964,-0.5273035214005634,-0.27915380586359323,-0.5866132509985876,0.4528901262749132,-1.4938660998731537,1.3946120829005482,-1.545761135824484,0.8306295822636509,-1.2377484361600262,-0.3359724495681395,0.36677657769022753,1.0756092132468276,-0.1367492838345795,-0.25494732608671783,0.5734589929810003,0.5110683217017293,-0.11997756514191511,-0.19903550558442815,-0.3094514315278964
1.5647620437612546,0.1150733394814059,0.5015483608754226,-0.34294640726049497,-0.6399038297934078,1.2075923261192987,0.17669543038169408,0.9071340689207958,-0.20004445466203286,-0.19028894556323872,0.05699552552770114,0.07511398697893983,0.6682674204120367,1.0389186915401096,0.1602561990182553,-0.15975857275545133,-0.1013942946547324,-1.4733800194498774,0.9709665557228815,0.8290489308444697,0.23594646152787174,0.4207979109929089,1.8220242846267634,-0.46099432051203554,-0.5694741907150171,-1.277655070113544,-0.48347341783445436,0.8543379147466204,0.26510465814300027,-0.34813969188715194
1.0102255790101744,0.9923240001918429,-0.8640282537031762,-0.495060544237206,-0.628152179822223,-0.8185768782096653,-0.1902321104671442,-0.8106945372606001,0.02809752407096871,0.015344167912956194,0.8153535017191191,0.30820982738021935,-0.3711900031534725,-0.5696840650180396,-0.14085247448540145,-0.4316030140977699,1.7562453504140934,-0.28200758173398144,-0.4568832657695919,1.0836721287596152,0.21058036521658988,0.5429128408444067,1.277150464651794,-0.033106364102074896,-0.7774717147550778,-0.35077600735188635,-0.1799796640604298,-0.047793617308341745,-0.1405371634619007,0.12688832963731547
-0.4760559664670034,-4.063801697312717,4.155542194202577,-3.3760892422733324,0.5849478002028616,-3.5422382872227316,-1.229830967116922,-3.6584004584447674,4.849068947216547,-0.8667921997547539,0.08218254385820335,-2.3146749628828327,2.408064130001426,1.2089704763654499,4.125970380189244,0.6534645465642446,1.272856476339802,2.4811372021628677,0.5035943687183916,0.16985773499945697,-0.8079047337278129,0.9290178298772546,0.2813796495390099,1.1639870428372903,0.5904886214352174,0.7327771273954149,-0.8549221382565019,-5.630565199833945,-1.600366211841599,-0.33840779959059697
-0.8570339310859957,-0.6341949891117549,0.6687601394958224,0.528362468072821,0.8306355189886375,0.0007048435434302048,0.4399866072657905,0.2620861682494112,0.47659578942897596,-0.5378026086538108,0.03661407709069698,0.6930594162460552,1.0071159481445837,0.14766140642234074,0.3855741196637388,-0.524428130759701,-0.9148695276061893,0.4506576014766692,-0.0983743216020244,1.4322160204886303,-0.15418054244529114,0.018030599884232765,0.5018543473265192,0.12780100372441047,-0.4556317260420937,-0.006960224960039988,-0.4763235576947269,0.3172667326248529,0.20572403994944408,-0.134077946167436
0.6092216336067103,1.0957645558305924,-0.6090417366535439,-0.6937581750134135,-0.7941400965928599,-0.39890564939083245,-0.04410568286660045,-0.7228187692396598,0.12638176533101989,-0.1461367990208267,0.8507551382867674,0.37812536244214107,-0.7595392789589875,-1.604490936291936,0.2815152109670451,-0.4146458964729539,1.6450649098755599,-0.05629742834797606,-1.3336038708735585,1.5315080526958706,-0.10925649946148601,-0.36013895361730325,-1.325300754206118,0.741308772317777,0.1894766652737941,-1.0820436813317913,-1.4342931609941216,-0.06883089906249847,-0.1669898093873797,-0.26394286960015356
-0.32917771623389086,-0.4131505743218225,0.13098953347721043,1.5238995029559643,-1.5361954002513174,-0.20493275117661236,0.14182907925269986,0.11935880891841276,0.2689020103476365,1.3692237290663423,-1.1714114665189055,0.6830720580664423,-0.1904806499781298,-2.489998921781736,0.10828440556475831,0.5819149091604321,-0.3113877015163451,-0.5203796856246173,0.7945411152450549,0.10116726758187712,-0.07898606343040683,-0.0431833640226945,0.3355341850838952,-0.6353345261868364,-0.5907093372872398,0.7905258670881282,-1.5471930024675666,0.46519205395778884,-0.32712068952912193,-0.3477009590377171
1.0096359602278766,-0.7894991034992059,0.21903835140492842,0.5293951675144832,-2.250257506050364,-0.9234396105339477,-0.04914643631300497,-0.8765095319590273,0.946559560960536,-2.096147881337204,0.5738411601168576,0.13205502064826874,-0.6242658201823228,-0.45373833893939475,0.18697292967715928,-1.365169448393292,0.1528578169137181,0.46493877466391254,0.8059401092852462,-0.7477903509835079,-0.4488649798157936,-0.14009476473203472,-0.1215443688650955,-0.37683160686904027,1.07746901767603,1.336074476252196,-0.32622573775246766,0.31853657764838716,0.10695148935852883,-0.32775855679067817
-0.12813876928399479,1.0724940242310421,-0.18138971535602,-1.1248202323748195,-0.030798536623607518,0.3668654269636065,0.07417149557272082,-0.11676646836213274,0.08468749549523434,0.6114415007546374,0.27600849834126046,-0.38639589512072736,-0.42927959531489585,-1.9930221100889676,0.8629025065276203,-0.3274190974679257,0.6134402601419447,-0.9847536132895713,0.33413932000304225,1.0658363173524703,-0.36764200100876926,-0.4610830265663086,-1.4067088383586706,0.4069750555461113,-0.6785710771724883,-0.4586267179127997,0.45261657907927644,-0.23533864163148344,-0.24044011988297048,-0.3397638829433956
-0.46855938480635995,-0.32669204215235786,0.5297031868917925,0.6994875741669853,0.75418448147965,0.25143045246064916,0.7561913867646216,0.2355700518352982,-0.42369808684875004,-0.3729391069155253,-0.04781688455995031,0.26511597729763525,0.11376334900516069,-1.161955196932261,0.454429489873528,-0.36255213810498754,-0.8450181009381723,0.291382216022794,0.2255088215429871,1.592450677526651,-0.2960742307977036,1.0301680148080858,-0.09871196591316422,-0.20219635534775898,-1.1194388341526877,-0.19752944852201462,-0.4234226507232379,0.6155893320535833,0.34170643816366914,-0.1323230147696966
1.1948604891239996,0.3071613504590795,-1.0115616390186988,-0.7424794572526144,2.7607821879734646,0.2456676932750136,1.6639478542036454,0.31624611791666585,0.3996007314199409,-0.7805343425763405,1.0502791174649286,0.42872601887919826,0.2684516119084952,-0.7814466804628876,0.6284657927325483,-0.6588626771806919,0.701858945551973,-0.40510662861993135,-1.5609565449110767,-2.4412593256773514,1.0505429489307745,-0.058457290834141126,-2.0151512667886915,0.02997942582465714,-2.8878160246043985,-1.9295593894102452,-1.1426161583000678,-0.2120343247384222,0.13820037141769134,2.0657285608989353
-0.5672152417729739,-0.9340085385977589,0.7764716796403246,1.7373012042215894,2.083844856405399,-0.5297623420213455,0.6888904367718848,0.02392813611525305,0.14902130874573566,-0.06683442167930409,1.3807815378630348,-0.3118469211782165,-0.2573836969767039,-0.17329793689363918,-0.7740020257427784,0.9508361146958637,-0.7055592233686855,0.6291698655408443,-0.5256189262394366,0.6640893488148091,0.08087603631477036,-0.16843648010661513,0.44248881089279196,-0.26072734646018936,0.6748980661246958,-0.32257088268860235,0.21105145439604436,-2.8178618235587223,-2.5314905910567784,-0.15473827489536834
-0.524278359733502,0.5392751113909143,-0.03899257001841735,0.14672396262596968,0.8814086341381833,-0.04705769200336009,0.23948210867936162,-0.03765008389270072,0.163464237827603,0.17674878251650195,0.048395011465828315,0.6932820748421035,0.5991379699740574,-1.1216843245549768,0.4657151395043542,-0.7217851980902948,-0.4340795291759589,-0.058821470980071996,-0.2970161875696871,0.04483437498523243,-0.17955371305453074,-0.07586977569333705,-0.14633499494300237,-0.22891557862189163,-0.5352276942101398,1.204771188760106,-0.6453503932185812,0.05184554729989091,0.024507635478395382,-0.1389438923157135
-1.796970501323302,0.5807303757090266,0.021712235465170485,-0.07080113442344371,0.06409549903450343,0.10361424115567887,-0.2551263567950202,0.14846530140321396,-0.10937582595914162,0.8591377552148307,-0.3552625625183757,2.3304680271836187,-1.7188299635339832,1.3889767103103816,2.268375528629027,-0.3782293784967868,0.019301298957655838,0.5758656649495587,-0.6354780877480616,0.1367796450791289,-0.03590450590913124,-0.6031318962161996,-1.6656885896129976,0.1433149052011976,-0.5791188477941464,0.18739354537883215,1.438033883911924,-0.3315296138117486,-0.04366293021079691,-0.09395383284639366
-0.3790215611517084,0.5363797363146303,-0.0465918010981718,0.9106740947761999,0.8623297992960427,-0.5664345517400238,0.3665059705264145,-0.5564210095156957,0.27196458801956686,0.46632884749185427,-0.08917896433285079,1.401507893897179,1.6853767341531358,0.5698762045210152,-0.2677605068049993,-0.3938704706973852,-0.12421739745087639,-0.2186392384509778,-0.19776279636976404,-0.4458351658224466,-0.15110195533808063,0.05195937149451767,0.4776935110386378,0.0458576355042744,0.3975584030621332,0.5902187899908105,-0.8538047428737638,0.2218910406466049,0.08592087392831331,-0.31184451979754113
-1.1103173137102076,0.5911780094198174,0.0575266301301746,0.3786311950601815,0.36132366304909036,-0.29834930822660444,-0.250723627627831,-0.1389568526825991,0.0971945007682177,-0.09488174503798762,0.07737155190779771,1.709305415076153,0.7574526126030716,-0.6803193729246602,0.6758102709410597,0.7224269059503301,0.21538065005261284,-0.32327293701500115,-0.5459606906176289,-0.319018303112782,-0.22540329921437516,-0.23776493026030826,-0.7580304418575462,0.30088983729078567,0.3235857125988212,0.11329901332122867,0.20104220637338066,-0.053482488153579616,0.016972417225311166,-0.3437922481972974
-1.4480425290849257,-0.16263308518100544,0.5200063032122826,0.853397956361319,0.658227218258086,0.1520449176812984,-0.6582378081913222,0.5406635910937295,-0.09911783830359787,-0.4988084824857111,-0.17300661546573443,-0.6384430924437182,-0.4933924757960943,-0.6679775420718886,0.5127376125732722,1.1934458270404695,-0.3370602653157444,-0.17493655642794534,0.24218811723698377,0.5382304006133629,0.0008245104207720957,0.22358697964603275,0.6102590726622789,-0.19460399577404952,0.6243338614864244,-0.5216934488156006,-0.6904053497802587,0.40174007527402006,0.5071547446897788,-0.3101693580087898
0.1008438963840863,-1.6725127332136578,-1.4464770331957362,0.8172967869264214,-0.36785832778777633,0.10198847742962444,0.18247702447085912,0.7800353644423916,0.05229506899287762,1.6325013244438984,-1.3186847865231783,1.5059005527930078,-2.1240837657919553,1.1434237208163107,1.3635413642906733,-1.266653457893593,0.687929704510605,-0.23302593362864293,1.29343079077478,-0.8107503797351425,0.3673916359939831,0.07921340238399649,0.5268024522412268,0.9643402457131686,1.105559065292974,1.8461811055265835,0.22299901443810652,0.41952811325489375,1.0165662906185535,1.6425507852167687
0.580667238292574,1.0512879962251318,0.07635722194135859,-1.2101556970087484,0.14694034519705512,0.5017713136878434,-0.2464798976664893,0.0794633250928616,-0.0714239551791627,0.18662677212159165,-0.20144560750868537,0.8359869069857104,0.9029996293596267,0.41292452273025587,-0.7773353710841817,-0.5551105528217949,0.6956574345426372,0.0742849614807027,0.31892169996834907,0.5938867533873874,-0.14163294986845662,-0.45513930541021064,-1.202649381454428,0.4401445672513928,0.1815100064068456,-0.4299784863842553,0.36640195022309535,-0.15923491534773304,-0.13445328356293784,-0.3465442997073888
-0.6608593390900565,-0.01812091360096537,-1.3203339915038939,0.7941256386696162,1.4691855580151143,-1.215611970578478,1.1107129405683018,-0.4069222601259128,0.40022310215866286,1.2832731360701481,-0.46784421448091484,0.4207274980733183,1.479934515914568,-0.4039549680636754,-0.7386029217504131,-2.1415032028765832,-0.6128417138947363,0.43700704453319794,-0.04922938984675705,-0.0777867323380538,1.1593119492776558,0.45458933231773396,0.3322977637192701,-0.8783291386967613,0.1362295105654999,0.4821639959616605,-0.5580650807299473,0.04688094304182258,0.36138130245519595,1.8284139741591716
-1.2918567252169693,0.7358917344799374,-0.433125043942083,-0.7531631828135911,-1.2971109525988,1.0637394705290315,2.3820042952992515,-0.8360627808266311,0.6437160941103781,-0.8891278357465013,0.6217203667011678,0.055457812872095585,-0.6939418303127084,0.21071577733855754,0.01554119583065608,1.0481881364090724,1.714633625019738,-0.31638188484889035,-1.3482489262281305,1.1905785326394382,0.2925828557595041,-0.12412217522035315,-0.7648694319509651,0.06551575453485746,1.6365817705279078,0.901365181750485,-0.8412092237860495,0.012701467947437425,0.04692593017286224,-0.2601538131732162
-0.5972436840428547,0.6330277950670763,0.061224147281379565,0.24360116098993867,0.3099534151198414,-0.27057155612720857,-0.38079315870203506,-0.10892987466142451,0.029710462793652515,-0.0004506761946965507,0.13026422450755204,0.951514432511065,0.2719911092384389,-0.9847191421028739,0.6989890071536842,0.5398454952769216,0.751200986393457,-0.8559951224819611,0.2586802835575757,0.3735746710608969,-0.19806446058064292,-0.3304539109367468,-1.098345464187282,0.15701473478145475,-0.06943693276607506,0.36392262400041436,0.21153838615712542,-0.10232510959517006,0.0076538832622695925,-0.3465442997073888
-1.0784357838388194,0.1884181108610656,-1.5343300095902928,-1.4169131415620524,-0.871537376200216,0.8100177282197378,2.5326644337889004,-0.07091173076555277,0.4638289656101526,-0.8785798767899642,0.3442781578613675,-0.2453280648232266,-0.6245140846544696,0.10056789957005685,0.06653381651117886,0.024844674420846733,1.0588421448438998,0.16147043966875896,-1.3183465942285895,1.2315700561833196,1.743804118279217,0.6062826709989325,-0.15912489587809742,-1.1272630710655396,1.7945176236695208,1.4180167146899032,-0.23120415197606659,-0.2846865331971012,0.2972706938721611,1.9844433293400043
-1.09833541774137,-0.9082798603057425,-2.8366495845024318,-0.1419765720800396,2.8481407183822145,-1.7409401461525629,0.5465041922582918,1.093372783609058,-0.09591341485577265,0.28164263795526184,-0.199766509233196,-1.3494403053930208,-0.5784835321724607,-1.528723460739997,0.17109403203190637,-0.5725445556309072,0.7078920156975902,-0.06249688966979657,0.08398483094315388,-1.322769239323664,3.589573494366374,0.9337870847772386,-1.7828872212326907,-1.969201055362045,0.6856586602085082,-0.5502203959023182,-0.5096919549627007,-0.620691635465362,0.8900691284220388,5.63039307775265
-1.4849147607921915,-0.23851007833647336,0.6986070434116003,1.2041370702828917,0.06984914351675611,0.003362150078609846,-0.47263191459079495,0.443582726445008,-0.03475649715171541,0.4908338002974795,-0.4866873695547385,2.4690470202187176,-1.5403733135627653,2.067838801891322,1.762832413834421,-0.7222597627870344,0.32425806573611987,0.15799480395223897,0.3430584524442812,0.02340221649901302,0.11879763004796563,-0.41893587339159016,-0.8126419106700253,-0.005257156649273969,0.7754727773377512,-0.49265868027683085,0.0014247931992354235,0.5886528734523493,0.3284956690684023,-0.3397638829433956
-0.6991845599394134,-0.3084669099475922,-2.4543681480880446,-0.02971459054631982,0.19283397590246118,-1.72493901580831,0.4004760556204878,0.07620336504217673,-0.03237431769031639,-0.19738338583008677,0.08106376325966565,0.5935941626325567,0.36829328625351593,0.17679212547140474,-0.5313978758675154,-1.3432732603388517,1.3330460302122638,0.415644779125331,-0.873247106146785,1.2412646680315782,2.722275473056826,0.8642475449403437,-0.4032583395434967,-1.4745471803439816,0.12862494919532727,0.06014066494725101,-0.7203225154866559,-0.3421320740496248,0.5657175035887914,3.661838667142943
-0.33399995556054074,-4.409976880049034,4.357998683637159,-2.144900094258831,-2.113823513380384,-1.9863942818005649,-0.9448734582154631,-0.9756993420938265,1.7961381498637907,4.636000551231848,7.577589466988659,1.1211543392360979,1.6122431140762685,0.5251319572374823,-1.0512388128334635,0.13025002463074084,0.7759875939226221,-0.8799331136447811,-0.1930389433365426,-1.5763888335146483,4.6961891775648965,-1.2092619519443832,-1.1014748178866438,0.770593359849383,-0.13270229644676612,2.603003015868854,1.5763062515154584,4.690109185166085,1.8434974629773293,-0.32716028472326697
-1.7752177798192437,-0.6143140336985969,0.3857784440752433,2.229450958002784,1.5784630279458334,0.172142907945742,0.3194509640176103,0.05503568908979337,0.02988846363748012,0.4751872031657698,0.05137961953281085,1.897389995956941,-1.7375141456222585,2.0648140970682243,0.8017953377276559,-2.07555246648726,0.553435656706205,0.06320329995212509,0.7062424237095496,-0.667882842237479,-0.05094519098346295,-0.22647763429083714,0.08272494769016375,0.09757634171144157,0.779364008894388,0.3719106772339767,-0.22565966914784888,-0.5075305020054467,-0.5221059306601743,-0.3516894394871249
-1.4166663867412213,0.6562617175789492,-0.4907676765697767,0.5506102308499415,-0.608080899929493,-0.8148024535215399,0.19386499384204342,-0.9684737927241582,0.20371129539604355,-0.5767828885736829,0.6714544769841607,1.2749847979186175,0.00037512967826359604,0.21723918483533194,-0.24051123019645798,0.7612548697144709,1.697373213467982,-0.0387029999217947,-0.8238584766190017,0.33583081735300363,0.13605049023846422,0.6069538320341331,1.669806314556331,-0.21751048369744505,-0.41764449417933047,0.6949584215714694,-0.03827332621982175,0.11609048000557562,0.03373839293501391,-0.2520173130564243
-0.5406192231286124,-0.6472966236284863,0.4166928841008619,1.1549897944912857,0.6286706811122733,-1.4279161733012309,0.8560826546824574,0.5669283010207877,0.5272102825936963,-0.21276457969015167,-0.5938252066092585,0.25792255589096164,-0.29324464215626794,-1.6012975695021945,0.5059818229103025,0.40890334587952054,0.5559699885031304,-0.3010414525057798,1.4520540322032027,1.1306734909251344,-0.13946067789827654,0.14015600534080705,0.24123592631283733,-0.08304592132594253,-0.04290922119533834,0.439181348963327,-0.547933703939062,-0.09184175537496234,-0.17393563250535446,0.7914090573131469
0.9773753897107255,1.1051598581370339,-0.9477330416702539,-0.3042834893113574,-1.1509468621017165,-1.0926607100463999,-0.21702517120421408,-1.1136595625596113,-0.022760620592201287,-1.1701101964961516,1.5244667482989147,0.5226873839046682,0.15944589887131194,0.9956508813385542,-0.535222534022604,-0.724005575643958,0.03528956002248179,-0.02673892339173292,0.4542461848885207,0.319551100319777,-0.3857640871462939,-0.46954374474865124,-0.8473180480044907,0.5893423463510095,-0.6875050771319449,-1.1359965216225043,-1.0125048977956959,0.07275275779559504,-0.12333776280413274,-0.13236289957419065
-0.7465014672188118,-0.2790014997278506,0.8210939212778288,0.6867936137629271,1.0420097649688873,-0.028818625129950693,-0.02286439302731108,-0.13095162809355668,-2.770133460315422,-0.44808190002555504,0.24241565434620932,-0.28878874656502007,-0.10772731534265133,-0.20466751062960611,0.32876843827114954,1.759908242637178,-0.7526412298192716,0.09922681740126445,0.19745963181186685,1.4646389840041707,0.9857252073991303,-1.6509278652528214,1.247889761907629,-0.485706948470009,0.6723996551899023,-0.892104737287894,-0.5602562188284451,-1.075935953198928,-1.0397210431190977,-0.10496203888675917
-1.0948398206748904,-0.7755424630927232,0.7963467044139593,0.9985204286138609,0.38437531159455524,0.16144638486246496,0.11172334596370326,0.4780773399549052,0.03609674725976722,-0.06567067205804705,0.38352133869767074,1.1579402872217757,0.7452484589448307,-0.6879750167906219,0.0001872447127974818,-0.9888367386275794,-0.8879449207319094,0.1175656042865155,-0.45082717045104304,0.08116022685987967,-0.20463135958092113,0.09371748596111745,0.32723979924138064,-0.2679819861053293,0.3759271014028544,0.4144002351090075,-0.8672592970261733,-1.089124111107641,0.46512896079826127,-0.3417581231680995
-0.26655177842840316,-2.0914568300531973,2.0953551154933376,-0.4532976403968034,-1.2417058497473945,-1.3128343413492056,-0.8190170692622877,-0.7919423359127736,1.5550735197605239,0.7068296304521553,1.3023516270194417,0.8715320688902257,1.5472064047005354,0.4935313109700812,0.7053624738333196,-0.27403856226945494,1.2162421143462374,-0.42238366947046835,0.12861375297535715,-0.8463266409781737,1.0079068432584457,-0.1432373697622472,-0.3949209623195144,0.40648108919751724,0.5457710591493521,0.3641359851426359,1.531942561642858,1.3861035299688733,1.409284923415819,-0.33641355936589307
-0.5298586803516776,0.628360905030712,-0.05145797022911512,0.31790755066898757,-0.17581663588549498,-0.380455825410464,-0.3663141710033176,-0.2000251065891495,-0.03496492287492506,0.04349855634876067,-0.06599498793071479,1.2767450273954584,1.183818650040631,0.8216744110836864,0.17686234156513203,0.5449149070767605,0.7641965207068644,-0.9172511677836109,0.11875982990224251,0.5292566904924134,0.04802839190992133,-0.11691084599803529,-0.3747607182858785,0.03337596256807106,0.14288512055860192,0.2874843303733086,1.873613543736816,-0.18134879535472787,0.0007265259180888894,-0.2761875045798355
1.0650180101365627,-0.2664632655798876,0.23024037071453912,0.9909431507651609,-0.3276661820600154,0.24780613999418516,-0.35463421739411766,0.8009061750463634,-0.16951447468633157,-0.011747356083760896,-0.5958146638122818,-0.7014672033009137,-0.5536280847366428,-0.9618587850769268,-0.05911515204048732,0.1489124384291171,-0.046406881838558636,-0.4475379306475552,-0.30232531971241344,-0.3703273090160292,0.13382527478852374,-0.09073594484974255,-0.2841105115658753,-0.25941606379738547,1.8749070560992676,1.1972599028682875,0.5555912402205625,-0.7327969438919115,-0.8384217619819843,-0.11258003654512803
0.5463430020373807,0.7276288911871198,-0.9827320560265917,-1.062927329756593,-0.22154224694538707,0.8840495023571832,3.1329393831069794,-0.9337972617720958,0.9067708417029126,1.0432946376733832,-0.07877253110123938,-0.11975349359288588,0.3967061887637704,0.13269274055904387,-0.05856069562785752,1.33260241343258,0.7111072048864514,-0.9047496115024279,0.04396073976665908,-0.7747031292388995,0.5704354515595859,0.2927346729911245,0.06820392316232779,0.16823052771839242,1.2028325686885073,-1.1411420949842932,0.37860104292022584,-0.05103278249026982,0.02240060095012341,0.7604983338302366
1.1646425265312372,1.0544402277960772,0.08907146437115662,-1.2342002569284674,0.1278104178150162,0.5607751751380623,-0.19566089097544465,0.09802907858434486,-0.08310234305081482,0.14361056799430172,-0.21127698653587676,0.8055709532404595,1.059904161787747,0.7910835903563851,-0.8581096380317513,-0.5896896792195012,0.7108871038376847,0.00578609312959862,0.30677922008374336,0.6382921823710033,-0.10574481057942818,-0.4581776739949022,-1.1888846129812392,0.4120588907947185,0.02751459420475123,-0.3808954569887992,0.37700055621556705,-0.15411382686303066,-0.13492699955549164,-0.3437922481972974
-0.6852653451144547,0.47118989453840127,-0.15558441055152833,0.15786626267122533,0.7813271010442502,-0.06874058656939387,0.21272510751014811,0.03060499664045981,0.04057366756596479,0.13566999104920902,-0.0900289628293565,-0.8459578732304269,0.10451924449135543,0.3303189019436216,0.23117047145859418,1.5881164014248141,0.44178836668298405,-0.7006185457000368,-0.4220066711104535,-0.6321008588887445,0.23960677523870902,-0.17139904676068154,-0.9403658981553638,-0.15339237661052624,-1.3132546575893604,0.5335228054640369,-1.1262568086715927,0.054969812821271995,0.15277775846870661,0.28646743241812106
0.8904697927627606,-0.8397183558489435,0.1417432787621563,1.2895330279498958,0.675039799557546,-0.018007317594157725,0.13779881454813786,-0.6206071237708444,0.7724854159107535,-0.17792559456781598,-0.31597478452208555,0.089055690391892,0.16124440915250898,-0.7279579718420115,0.45335932906719073,0.49977138190935705,0.6119122068277862,-0.5717320272835645,1.574073268641534,1.030409604217723,0.39386645709121987,0.2073650619247745,0.1960562926159639,-0.4839720105097968,-0.6345393099068851,0.7181349039149579,-0.9053145157684049,0.6365456249513816,-0.15765183900995164,-0.2838852718471925
1.1659691687914073,-0.5352569957809746,0.5840796891858142,-1.112948941196318,0.4599963814866756,0.8754647755620725,-0.743361595287698,0.4611406276226064,0.09588184359359796,-0.11212377895097163,0.7260527129112635,0.038106139420197846,0.8446320034997385,-0.25318810697119415,0.8638348465811007,-1.7067632730136177,-0.6291922832501605,-0.47016407078713196,0.16041639352826195,0.44210291263017365,-0.49462185049345814,0.36310416548162605,1.4546397419532517,-0.5009098137047098,-0.5771114440936241,-2.8637005734059144,-1.6261000598537738,0.9988820147561025,0.5101711847717268,-0.3477009590377171
-0.3675029370832478,0.5882037972959565,-0.08596237985573355,0.9075978521857411,0.37267481866254965,-0.7063592103367314,0.04445538482713158,-0.664711409865573,0.131248014771616,0.5582558900540102,-0.17335551651276018,-0.026585110380083467,0.7584085408994272,1.2236529757996375,-0.4117270611737489,1.8987357499250068,0.5832714499801187,-0.5374096847130821,-0.20301009550720103,-1.1625397081917503,-0.04314267757577947,0.3499194491124449,1.2121864632522699,-0.01949764792486808,0.27563180404377613,0.28479228658937955,1.2522050280473824,0.0898778876170217,0.09058873255202708,-0.3198214806963567
-1.1532541957496794,-0.3972163120273731,0.65600644216772,0.8892891720802172,0.5903821701664033,0.18072484000869793,-0.3486469647963559,0.7813308524011909,-0.30821391187259145,-0.20477978150403064,0.438465897404586,0.14891365590664404,0.06380676103016641,0.09709345637851519,0.00448929218381551,1.419438056424633,-0.9504131610602083,0.078323856875095,-0.6281329022063179,-0.07804369748938775,0.10141068763653988,0.1879917051977929,0.9606311126753747,-0.1866602710755334,0.6989027486397357,-0.6896232388304907,-0.7760219119269963,-0.33015038602963304,0.17839341475300663,-0.2200695846566679
0.9025148621725585,0.3439948465340051,0.4106706641679469,-0.4698465176157439,0.019712199655896576,-0.12403814165817675,-0.5542500819273458,-0.570226507986607,-2.4308462660893597,0.1148980217033613,-0.7511434295290655,-1.0057889183634945,-0.21135077359554152,-1.3587269372615016,1.193780673613613,0.8233668458467518,0.0023485275552296955,-0.36871500277891134,0.2279680186523371,-0.502309731072132,0.5032152450941293,-1.3642711380264407,1.6514561003348862,-0.07757515923423886,0.07396162771136335,1.0758925648055662,-0.1216457504607641,0.1410947834699155,0.5370811985136172,-0.3477009590377171
0.779179247604051,0.9552018950143937,-0.31643496492968715,-1.170621490292654,0.33294880438805674,1.4991920782333537,3.131538791807206,-0.6891795324400671,0.9036920545925787,0.9292869052041464,-0.0037192382638012076,-0.5307214318067874,0.7457882915928105,-0.37312720852704745,-0.06633100978694573,-0.8676703091292114,-0.5651302875237164,-0.1587141168173965,-1.1929232466970332,0.09669166014177971,-0.21255078523237905,-0.6962354598967249,-1.8586721848043726,0.7257918076872293,1.02101032759565,-0.5575355039743263,-2.25591229254275,0.17097493271819283,-0.09945600536234761,-0.2200695846566679
-1.1004411991067193,0.4936789230133657,-0.01465741731773326,0.7284626471749674,1.8829190693661486,-0.19234412406361373,1.037414954876822,-0.5015284698834873,0.4973513560429873,0.06577057892690791,0.49239049234086557,0.7043210373215356,0.49895555472769837,-1.5484527666154961,0.03285067868878669,-1.5902845861558563,-0.41100304730181664,0.46308379854755366,-0.984145691820551,-1.114623838923969,-0.3690324584894467,-0.04096673370499512,0.18391391306049515,-0.013454683088378216,-0.48061538899495665,0.6720511799390924,0.2190167530375177,0.11365045841343778,0.022141411175590514,-0.2727972961978388
-0.24894744621408316,-0.25841234187718526,0.6115855697149252,1.109366862774231,-0.06662120033733068,-0.018769584441486322,-0.510426010796098,0.5371726182437738,0.017089695277412463,-0.7276169078177094,-0.1576456359490572,1.5966583563925434,1.1603441144713103,0.767585506224502,0.1927185007463212,0.04420247386566303,0.3399353525233895,-0.7326560918692678,-0.028713675709364162,0.2684545492055932,0.23549513744950892,-0.19920010320519063,-0.5207166282727466,0.00650591595104809,0.8902689820393187,-0.41742109556806534,0.07867840451917145,0.651072970844162,0.3541048211911067,-0.31184451979754113
-0.5805237800019813,0.5748977064181241,0.0393180127418055,0.2617979793907963,0.80346299291058,-0.08139793185193646,0.2097656218072018,-0.14529611107433485,0.19948571364010795,0.142371157953582,0.09684647157005956,0.8202549745123668,0.44872625601911936,-1.232515876461707,0.5696602422065469,-0.1306540408067033,-0.07051522787116998,-0.27985733333680957,-0.21053527136067596,-0.08219891562893727,-0.27862358116207064,-0.21775122427510601,-0.5783214094231636,0.005257290815248238,-0.576624009682916,0.817145514744839,-0.9597090599139779,0.0769268100754285,0.024493855015819504,-0.2902668405662449
-0.45880961708479273,0.5869298314590367,0.07498477308905267,0.18656289802097867,0.8489014310617027,0.022344594371985188,0.24145564037188993,-0.06355621805885155,0.15249507500739062,0.11524335258919595,0.05581605185128788,0.7719871944683945,0.8532725100917681,-0.6448235556833724,0.35364673723971884,-0.7851875730690057,-0.4662364467660837,-0.09413708568523764,-0.37801300559002127,0.060446296649560215,-0.2655180877367884,-0.10814629760703771,-0.058764461077454797,-0.1698589476640989,-0.49647953328947886,1.2708222288976696,-0.6392577131801113,0.08179286478805067,0.002477081501379,-0.3303909538872873
1.4892066083725224,-0.41406119442327516,1.0161650585705324,-0.8078390717103565,-0.35438415302983906,0.2176016504968084,-0.680343336103248,0.20268114207609947,0.6324868423398656,-0.22945731168887484,-0.9123661998848097,-0.7972400151344329,0.449963607370193,0.5083847426067768,-0.5461077417811999,-0.32319165873465805,0.5405562753359909,0.8786792142724921,-0.3633471463608148,-0.4388095353138464,-0.07701118497522087,-0.37718233777877613,-1.1338867295248933,0.32189103455799467,0.954747602876567,-0.6385259512562531,0.2550697999692358,0.24100565890243414,0.004077293729057581,-0.3158330002469489
-0.9979317622415163,-0.7342508764442697,-1.6272954027350905,1.1116474108440189,0.4862228125623004,0.6009341768325394,-0.9484338173888567,-1.904211586366638,0.3502771660542852,-0.9684398886056652,1.2308275695306374,0.6103347237459228,-0.39946695045871566,-0.4550269955850718,0.37159034235700333,1.993931142607016,-1.758081745792954,0.35698276634767717,3.2114039542041324,2.1661048334364463,0.6785592115601713,0.2530679739531129,0.4053919564357997,1.0152801122731825,0.04608153660501993,-2.5337718568346896,2.701758491516325,0.29712854875217404,0.7692092711382006,-0.1602423779155511
-0.7082604776240689,-0.5407687001398319,0.699806534556828,0.767360417316546,-0.19628793735041755,0.05761750058804383,-0.29016630199515003,0.43504796174860977,-0.12287113075927068,-0.18892565434946848,0.34752624812438027,0.8562484902652987,0.12995162815159078,-0.71400217950533,0.32047980091271927,0.250011986640588,0.5048946785877007,-0.9273077684980396,0.3782291695800625,0.5994825552741182,-0.2677158691459651,-0.027461821500994296,-0.5938579920707978,0.1371224828461756,-0.05812361161836027,-1.3817569711645126,-0.1698190557485642,-1.7664541956488942,0.46692443667392464,-0.337410679478245
-1.0152834006919944,0.4969504717681959,-0.7907325628487647,0.17627740933346872,-0.46883081405091237,-0.9376252140051144,-0.3049125987374975,-0.45965310228178635,0.004868060779253198,-0.706362887513449,0.6642838311177267,0.9658961720265673,-0.5825456282762372,-0.8731748802335645,0.22124739616337563,0.37584945957572974,1.8734020648636653,-0.1410029999325545,-0.6470342197036555,1.0171298273363345,0.5900972537824593,0.34083404731824585,0.09859961454081184,-0.3299380486271817,0.00483386206256981,0.5043108400955312,-0.6206258931626152,-0.08691935805805205,0.1287320029274117,0.5257762593825882
-0.459546640562665,-0.27637994454363424,0.3451497595904188,-0.13333347937242815,-1.191958607005072,1.8878471134020327,2.399816059645691,0.17513284428535633,0.7658446247438897,-0.33023177134579373,-0.4003621584769098,-0.3510996035802062,-0.25745662967152133,-0.12259924374126988,0.24556903137976863,0.5652595831843207,0.8224795594883378,-1.359036371122562,0.24043334046906434,-0.4700053824793623,0.23582493393875664,-0.05083336968901577,-0.3165449463448357,-0.11850557199691436,1.6767295994782756,-0.30065728622643095,0.46930319588313263,0.7817359125780846,0.612847555712171,-0.2719198304989691
-1.2545212216093264,0.5716888616428737,0.04228238746763112,0.24518189566341056,1.0489406515176667,-0.3133547516191902,-0.4863808719273232,0.13292834806362108,-0.1097377429097091,0.3461283561406709,-0.07679005556593343,-0.8425614450938808,0.12365995789139661,-0.7095737519329951,0.17530310148923517,-0.30038379568202045,-0.45241411271300996,0.02453354728123128,-0.5320332442518793,-0.025050200183245046,-0.1357408969808567,-0.14898866698297075,-0.3363282601277717,-0.19738800931168096,0.648252866566275,1.3425535796921146,-0.7167392512752829,0.027262341407433135,0.07900142914707628,-0.13906354672919574
0.6441986620851619,0.19766117321190146,-0.5820043578258701,0.4888970763156769,-1.279522439365478,-0.6055490102055822,-0.2989207272301131,-0.16241277077362984,-0.17899439742445117,-1.792154586989149,1.4343971295055569,0.6655512081874259,-0.6049558596370878,-0.24048110482649965,-0.36329962621739226,-0.9757663744199209,-1.0738738007527613,0.7026199446497048,0.15135549394202114,1.5267465635420367,-0.11362847618061303,-0.5568012251397519,-0.9591400819656414,0.9988850896683985,-0.1455024424856987,-3.825767540432685,-1.574936678668807,0.3582469240641704,0.2124938317311179,-0.07644440367349348
-0.16621129636950982,0.783774191442802,-0.6516367439517724,-1.324568343406722,-0.023516779175552237,0.2686246639080407,0.11646385010542698,0.3146461070413026,-0.16786230133563068,0.6014815625604915,-0.23543739299908914,0.23962423985065995,1.551743076319505,1.4558475420370103,0.21231708945027022,-0.38862443760376614,-0.1476417328016129,-1.134266962188765,0.8892273456036199,0.6725353238839396,0.6268654757576689,0.6675614795086635,1.4487626666013704,-0.6995620227203637,-0.07089768609645501,0.9003603049783161,-0.5713540443591267,-0.10590681934907613,-0.04898960100448335,0.803813231510805
-1.1385979574468483,-0.46547033883508754,0.40042977290445536,0.32925487922394564,0.375820286726987,1.2412497236551732,3.42649891769705,-0.7165401165812348,1.4423819374622164,0.2893742644928562,-0.5173332387750067,-1.3032700863777629,0.4463182969424495,-0.34783669808170325,-0.36284140014081384,-1.5684138018978835,-1.0312191531656614,0.6649093467627237,-0.13533383440536023,2.4860342352766556,0.2559153882083043,-0.5542730025006549,-1.2759328614566756,-0.15272017943247673,1.6538585347307482,0.38598538271946653,-0.7943854511534578,0.7607275488062253,0.3078550477469878,-0.31978159589186256
0.9793548241941539,-0.5442255644189979,0.4202071515893727,0.4730311154085398,-0.6662486009152917,1.1516483953866785,-0.7487700908976666,0.797130170522451,-0.056397405161540175,-0.49198472249067243,-1.3881438119213152,-0.7598331092963148,-0.3406862050252834,-0.23968241025531659,-0.9805513280954755,-0.3918542511592081,0.5381632172042486,0.3431442497309064,-0.23024019653007044,-0.6146547067852765,0.08236319890696639,-0.43644650269417257,-1.5862653021121662,-0.34134372988965167,0.9257979274949322,1.2027058828662471,0.4322731139673072,-0.18378387700857643,0.23159738137485655,-0.31184451979754113
1.0409489291306204,0.9238138743585055,-0.18548226973492893,-1.5901400926767384,0.08086764148382025,0.9427063293907045,0.7959977286919474,-0.007185340573729827,0.304607415138897,0.31211759255268745,-0.36096361969894936,1.081161782623827,0.11723104243437737,-1.3437715165794524,-0.4555441826231524,0.44297511912675236,-0.221830663838716,1.336239221588941,-0.8239531731297262,-0.7102033385683547,-0.19767055663594477,-0.2059074760429707,-0.6511518228680352,0.31899254634461965,-1.763327733775985,-0.6437000957770944,0.8369679583622537,-0.11960868075732933,-0.14869967030928508,-0.046889763543381785
-1.1276057787197251,-0.25522511664439074,0.10810586293991953,1.6344237961201045,0.05128432774745072,-0.7488609700039666,0.18169283595220348,-0.0010360687595968865,0.23746200951963733,0.45832183761455003,-0.7894343702891996,-0.41592443945006013,0.09889754032919251,-0.6506474322273155,-0.4997407751900801,0.24047225176952705,-0.9292556347309836,1.015983839574279,-1.0366004519367629,0.9892965589382967,0.16626184150565645,-0.16668462238516074,-0.28156184896711667,0.07163462856670735,0.7519609144389894,-0.14447683689443575,2.2600541610615763,-0.1187219564269596,-0.05568991942551138,-0.10767420559235646
-0.19784013247705606,0.41981663234778216,-0.6214149631595381,0.29622102916334386,-0.02908059832330363,-0.33513999956321744,0.8881578785985778,-0.406250279261411,0.24163510660363485,0.7258893243958084,-0.42088018959432777,0.30584516168859205,1.6830440831538342,1.4494980430498,-0.6486653835706386,-0.8605749113553683,0.10217658296328272,-0.3824125530526618,-0.39829890543193264,0.9382816952322792,0.5605728010036138,-0.13002521596470337,-0.5478684777909834,-0.38043044186739816,-1.6776223380455666,0.3103076181528829,2.076954319014567,-0.12724639547485783,0.08083216085803673,0.4780740332076711
0.2983030150128886,-0.5358259130291754,0.7734763551889097,1.3809511913747783,2.1591878249129524,0.3915401530100925,0.8008481869953006,0.2495819459343877,-0.07619541332771816,0.4294529126861232,1.1872370679749846,0.7481031074756118,-3.18553860462712,0.6333019056599727,1.1329915632579666,-2.111516800082677,1.317159729994056,-0.631432795490597,1.4098911708250415,-1.318120944662607,-0.4749472158608864,0.15049495290909948,0.8805583909199206,-0.2162211038133182,-0.7220267538332896,-0.9709881122608947,-0.09928358830167655,-1.5994439481986438,-0.2319743026098398,-0.27606785016635327
-0.8779022244166071,-0.48313616604961396,1.2636012134234116,0.6301877171725279,3.200627064338841,-0.12346474693537361,-0.022088666418139027,-0.1346288939186062,0.6155684333419228,-2.369127198831598,1.0303737454020536,-0.7832615677306611,0.09206314513817809,1.2434946252931196,0.8340002829864764,1.045160668341293,0.18154063146300461,0.45167053613391867,0.10165854007815842,1.0837818387762355,-0.03132652862778205,0.3427634369510993,0.6546119659343466,-0.08108698606395158,0.6949978554266686,-1.097327895880934,0.5537080918506031,-0.38282546175843085,0.014523460144930087,-0.3477009590377171
-1.8907830611496124,-0.6666585149491104,1.2140567527151644,1.0539650182859914,1.9059035531067403,0.050378207746962334,0.4420256090397011,0.06322069641152955,0.37528806869437265,0.06970556716062055,1.2302682330010697,2.267977971192584,-2.3301455532478337,1.2660509166933385,2.0307679597123096,0.1970889898831747,-0.10725144487623879,0.9482177561595996,0.2868686929000252,0.6565407396627557,0.43257572621848855,-0.46361027430827334,-0.6809734950746689,0.21775387346911312,-0.17834139426677087,-0.8579881706880437,-0.18736816005425003,0.4259675283582135,0.005971404607185401,-0.3408806574692298
-1.9574099835492638,-0.5931228939770838,-0.047824006354253365,0.6670846640505754,0.17209086070158602,0.6146059594943135,0.39515651539694896,0.8918416644738483,0.15675985342601872,-0.523712444942722,-0.6926556016101761,0.3775544962961273,1.0738536493628346,0.5210661532118545,-0.014213239280403425,-1.6423318108875475,-0.1912693372346952,-0.6665092756244555,-0.19469385511789863,-0.5596397783055379,0.46859750949992107,0.22709832425873355,0.27406959928685487,0.346797979983696,-1.098287255401311,0.3572980066423057,-1.0468913232998103,0.16094319791592343,0.429762160482204,0.3894499976218301
-0.20285189212658736,-1.0036494230824404,-0.2951407941476387,0.5399860020848962,1.2120498864562372,0.8907395047019393,-0.4497594865232346,-0.39375289773371364,0.5142952316224678,-0.428745856961413,-0.27747607454406203,-0.9525220571543522,0.7426949922980449,0.8461035308208766,0.2685878688097839,0.21184403771135982,-1.1697677390135353,0.7761331134035924,-0.6772240583913745,1.0084324367320996,0.8036954525024186,0.21006257401940312,0.13283960263757674,-0.20944764926813633,-0.3742328768943364,-0.00930121009625027,-0.45639435399358863,0.8277168545233585,-0.38818628844905934,-0.2519774282519302
-1.1606033727147484,0.3045587393655317,-0.453537565386771,0.8159268904417107,2.1217945293109204,-0.7737602610350263,0.5861974109128819,-0.3463859700280258,0.2710849571094948,0.24420392285148532,0.42217310202695396,0.22948964001849176,0.6843768681492371,-0.8127939507822782,-0.3596976053783649,-2.2808471282151395,0.3314216028645974,-0.24095568917801094,0.3744468113202348,-0.43084693315079226,0.36357791501850056,0.28969315541154983,0.48715236955263036,-0.5573897878216704,0.6075116665669105,0.9136513515746124,0.35719471984157514,-0.013171766647774906,0.176495661148149,0.6240524176559961
-0.7783619392765465,0.19546143981370215,-0.7913622432129441,0.2696271917596083,0.9583802349194818,-0.48576398117509734,0.6251739051811616,-0.016430478207890644,0.06277042738391497,0.5446633182138804,-0.37583586022207216,-0.9902046303010468,0.8376438296023078,1.5368159606022762,-0.45118157622520316,0.9286980232107804,0.2189003016576806,-0.581466015015043,-0.03976106664015694,-0.7567011947834456,1.0243245869169508,0.4939398428514798,0.5268651531410105,-0.8718195461363799,-1.1459141057819209,0.8463207028219044,-0.4667027116623836,0.035267030148504845,0.3021054095215759,1.3298140331787038
0.5817411867889022,-0.692829506339793,-1.2246620876675074,0.20335495663729047,0.3585868069527102,1.1553641183185752,-0.48525378967104216,0.16803023019887064,-0.047764680613606406,0.11817672879092407,-0.11289607805264125,0.8303785291801207,0.9414862688586352,0.4124128098231697,0.14877528958169497,-0.04753421007084199,-0.5847702862701035,-0.5725745796692068,0.7889957633432738,1.2542311475685226,1.3804530714338132,0.6907204477660421,1.1649413722829427,1.5449169649503602,1.1473831162795303,-2.1467507973665203,-0.9467996408446453,0.0023751182130552296,0.332548085248208,0.6454306728648218
-1.7274797162667754,-1.058690412119125,-1.1932180151420324,1.992235095421621,-0.7497982955977827,0.5051335030530357,-1.0052283286923998,-0.6412026533400426,-0.27264096466257265,0.6951246342517504,0.08658654927928855,1.2020307004820596,-3.577819927742246,1.2528665604355664,0.5846477699096151,0.24596182378846032,1.1786933796980814,0.9967820203630177,-1.2786248835268095,-1.1924717581850983,0.2907522520863867,0.35556185203777496,1.5265051289444604,0.4812872001312766,0.9414225288062027,0.7305547303991027,-0.47086530257110726,-1.1529501682017482,-0.5298183572557914,-0.20810414330844454
-1.2195863087581817,-0.8547323255423472,-0.8294169541040942,0.6441351712033198,-1.3424804583066468,1.543640922125006,2.7160099539960982,-0.90154236317419,0.907871416606044,-0.6815184600118599,0.007916624345246802,-0.8990175591606917,-0.33295765127593147,0.18678669775484946,-0.6198041208459816,-0.263134391224612,-0.936691576239761,-0.7520942201837556,1.9318496349105003,-1.0453593798910317,-0.5552218840522918,-0.649818821816894,-1.3494912814474,-0.3100632744236197,1.6784165180930417,0.5684590289878751,0.7311445888255729,0.08503132146637048,0.2312226049741408,0.10291756213637471
-0.9484880157831151,-1.4632548680378612,0.21104799873070665,-0.0551403625639388,-2.7985356281585063,-0.8006993778091486,-0.744177811981741,-0.8202507396309567,1.0920316596596582,-0.14072208632227118,-0.7234982088989778,-0.03675648206053087,1.1737330286768122,0.8902020031662126,0.5708163235903329,-0.13374075881667338,-0.5257148467015688,-0.9066486735588769,2.7568117419254468,-1.480540250761799,-1.1362231736924517,-0.3195691308621725,0.10123371416582219,0.4012234895836438,-0.8131612000211181,1.1858920696745376,-0.28987521148629236,0.572057993134023,-0.15135602692018046,-0.29118419106960874
-0.4103134722407987,-0.40289937274338894,0.5090089395009614,0.8567214109879885,-1.1193631590941964,0.12366137526473388,-0.0972906457057643,0.3984412594747315,0.07035513483365957,0.3982816700172082,0.28080208258152634,1.229317037859365,0.42526238762813495,-0.37741026169771724,-0.1737306768318887,0.20164461628260666,0.6174765333222231,-1.0531800261743547,-0.28896062921238863,-0.9337064053263436,0.3908664954324774,-0.22637868580854975,-0.18510781576803984,-0.09368553753554712,-0.4676254209676744,-0.47121242490718795,1.5300662203848348,0.5823788310465566,-0.1600860650584558,-0.34554717959503684
0.5436686597033871,-0.13806856695655234,0.5604035391043469,-0.7454295682865003,-0.25613004474375933,-0.07169182055600941,-0.28135765231917853,0.917990431073671,0.09957654510499335,-0.13444579798288583,-1.1865610686385701,-0.7914124215081436,0.23100144865031783,0.7956427159341214,-1.2117358324914653,-0.25195946327586927,0.7636953076957885,0.5786660694399758,0.3219851487715907,-0.5881424529196916,-0.25743468337591613,0.0919392014933601,0.28014289158389954,0.518048953547395,0.9955834967395288,-1.6227763323505235,0.4864418333122581,-0.20779015520799185,0.0510643711117287,0.34509809502441546
1.195955495433981,-0.5860632184203166,0.6498673444912917,0.9877051363700488,-0.5287920123794414,0.4222253506135509,0.4058690656543289,0.4850414536915434,-0.041081001283262704,0.18737091715777676,-0.5069602422314641,-1.2339826511601661,0.5738588987774151,1.8171420970659122,-0.73586444058154,0.7118784142365769,0.06079419020191413,-0.9575495298237274,0.07417322336063448,0.9100025528065996,0.13196965990064238,-0.31977798998792306,-0.6709382210495963,-0.575611678372401,0.0725978638389846,0.7905687294625746,-1.04701145584416,-1.8902850309037607,-1.3212342872149083,-0.27195971530346325
0.8828679220338497,1.0478354136961796,-0.027918050026648194,-0.7205331791745981,0.2765516288212118,-0.038093548209532514,-0.8105837534522183,0.1563780230301003,-0.2710565342039873,0.4517299544542458,0.05036858029578165,-0.6854970900600882,0.603796730633831,0.39345410700854366,0.22416956317448888,0.06259276003849028,-0.17925733670297464,-0.3266476273611351,-1.161153116962089,0.11932126258381587,-0.26148643346637823,-0.38519257662503154,-0.9151366109663865,0.5291388163954678,-0.12335950758823441,-0.5633344082101465,0.42319291978237794,-0.16302383131172826,-0.18417304364994092,-0.33378116226928395
1.15489275880967,-0.4398806721309427,-0.3548596639996332,-2.729822388136331,-0.10907884316026681,-0.08722951668981885,0.5644149957879255,-0.04958517695681593,-5.18493647590547,-0.7808013574571303,-0.9883543248324745,-0.04740109903448103,0.7532882048792728,-1.193896672821161,2.2127968612399695,-1.4356270336645869,0.4305093528234085,-0.6250333315010642,0.013068657145232355,-0.5889188170763374,1.2612513966544023,-2.908102959322045,1.8970956979981606,-6.17494525070716,0.721782307356926,-2.563169928716134,1.2940988646552452,1.9063611555215059,1.0938433435451314,3.636791009920662
0.813019154145214,-0.059880178123270636,-0.19159258792576725,-1.059381586515655,-1.2253899874235765,-1.1315024835095622,0.7295488759236766,-0.17649671418391275,-3.0628997319057962,-0.0062174861022936696,0.38590235840964743,-0.03786236060480479,0.5935481099886161,0.05617482468797594,-0.33196445376047057,-3.2238017479466037,1.0116360833260807,0.22010041749460618,-1.343106322833622,0.08033619304237445,-1.6600270436831104,4.742096327447908,1.0534925183613881,-2.8425464649189385,-0.4128748821396293,-0.7683460981281764,0.032015742173375626,2.2753781341089003,0.7759060232232393,1.6425507852167687
-1.163319830676049,0.3838896521206708,-1.0219649902719496,-0.4475940212874722,-0.2374137559764917,-0.6726900708753611,-0.35710115089721306,0.1606491516073916,-0.2499819310991862,-0.6152762996650049,0.43728642806212326,-1.5754704787420828,-0.6854251582379458,-0.363813260704967,0.2067405140384739,0.15539341156849087,-1.681362605518692,0.07343616366096428,1.2299874725144182,-0.32066058322687974,0.29895298033532014,-0.3945246865840456,-1.5072183379922333,-0.6768959140655834,-0.6754610060886913,0.7408316909228545,2.297295522665103,-0.3557159395682133,0.15850356175535482,1.143910959431807
-0.7417002857058155,0.5925345629560419,-0.3864850372356189,0.6162962793274666,0.2206333073148194,-0.8736278407939677,0.02774838165326451,-0.7068304464468921,0.12777939172121658,-0.72350026608652,0.84014423373204,0.6927810368919887,0.31655077018767225,0.06531595881945552,0.15042494742248091,0.6477401330691318,-0.7075563192331422,-0.8870822739308786,2.630180945763614,-1.1587146946043811,-0.5218686377087313,-0.36809864592961855,-0.6467968577383924,0.00358624633457583,-0.09116378116749681,0.38982099267733217,-0.9144579664221091,0.1600274303710859,0.12238726209497575,-0.08326470524198082
-0.7432796217298274,-1.2503866363169487,-0.06153943815157133,0.7117037659045675,-0.06547451465512856,0.5070856828275275,0.3700146340061949,0.8625272749104119,-0.49672610381245547,0.6986126163595793,1.0625596188724564,0.07989413601539289,-0.3946071217188869,-0.43378895612293367,-0.6440792924316114,0.3601958799956475,1.2307178003311094,-2.230506117383255,1.3437745636426546,-0.28434420115440373,-0.8249653391353762,-0.15636874965266345,0.672723384620161,-0.2787588161763899,-1.5959660683460022,0.2970790634200011,-1.0991085379789285,-3.030556130225073,1.944898864116167,0.043170125004246045
1.2756593201124515,-0.31004915940504135,0.14059147697602697,0.4536014748007701,-1.5390914033478824,-0.28658558617752783,-0.3590863912025915,-0.22351456661400934,0.3987446555915419,1.1653229852397418,-1.7117143800757402,-1.2261743079903547,0.40094455843807586,0.04501376769692335,0.100846152980261,1.0054644428332595,-0.6077127500179798,-0.052774395895396585,0.7696301126928751,1.2583882413288108,-0.0933739829383701,0.5228258963390294,1.6001780580017573,-0.35603542814006645,1.21848713770757,-0.3901149942447636,-0.1272832630021106,0.1968393176487949,0.2712881666112115,-0.31200405901551737
-0.39677329806160283,0.7466719353173538,-0.7283816827133891,0.429399898180705,-1.054217575181484,-1.213681749656501,-0.24478355430091744,-1.1083985210539131,0.042749722386504124,-1.597806783024925,1.487021826258203,0.7656534827878498,-0.6742744164070084,-0.08044521231048535,-0.18903372975576796,0.23667577701494585,0.17323212953595024,0.0577478590870155,1.1812212387719196,-0.03514404342222031,-0.4162406859248963,-0.023922642171186993,0.3909839723835657,-0.10896463871627363,-0.02988362174761252,0.6839392620856954,-0.16394739847285295,0.0995975598381791,0.039025828782902484,-0.26793135004956137
0.6452936683951436,0.7998087210963415,-0.6317838880329981,-0.34328690597754374,0.3109460243031593,-0.7175723611811822,-0.36359119024890035,-0.3168388235305024,0.015267328659586526,1.1032392277429306,-0.0918437015526158,0.828852755288677,0.7521350428638441,-0.7036735284187179,0.4344017257857074,0.5120421169094629,0.44627628368669653,-0.9897790353015746,1.156869007742562,-0.1657379623382113,0.1601851963424131,0.5356873741661587,1.1277765378170272,-0.06348224717285295,0.11262064854826975,-0.3910625984343355,-1.2565843214994314,0.033942868791807954,-0.029249850041855093,0.44903789553598245
-0.22953214202556277,0.6807013240053035,0.12606496429139746,-0.2714263045439996,0.1259174012955647,0.33877071705100875,0.16972533384930677,-0.0802025069062165,0.07824471852891618,-0.0053964668338566625,-0.08368262447265738,-0.02872855023862171,-0.01322177293486311,-0.2406517623923585,-0.06111977669790233,0.6492849171358563,1.3866022149180153,-1.001763913532432,1.006125636647574,0.9171461414870605,-0.07274965910049133,-0.4866489117423766,-1.5049343733506595,-0.14150223714186833,-2.4082149880599313,0.7561301407578614,0.3865408084687441,-0.08295847416622526,0.0046710868097653326,-0.3437922481972974
-0.6777477056401577,0.5563906741055411,-0.08314810449338396,-0.03215081185968595,0.8953017450465764,0.04301653158085102,0.21259817967410286,0.0347954563131076,0.08574939530349866,0.5104286941981994,-0.10310301477023007,-1.5033414198635502,-0.5217193189441286,-1.4353664483235977,0.33556850159305435,0.1464006807539956,-0.45854175194737007,0.052223496106480215,-0.611505440077431,-0.0794102926846722,-0.15166246569643033,-0.1803771390891168,-0.5031751226922483,-0.33306810639076095,-1.3125680306814327,1.3451051927697188,-0.5451364063504545,0.040841331996081184,0.04897718207822573,-0.04605218264900617
0.5019531308558178,-0.42277789493139695,0.3212750653602306,0.755434973022891,-0.5451258157383404,-0.20606575438508887,-0.4429501676046097,-0.0009420307581681481,0.3220518006678164,0.2694923599904216,-1.1926308076904288,-1.1910198325831145,0.8171648962161014,1.2313348373684962,-0.22177225914018406,-0.11285278515683651,0.17123332441789857,-0.5553228335129055,0.3186896207707502,-0.3501499605662837,-0.08276592248669744,0.5505894728226567,1.612282792800944,-0.333102270718214,0.10152548158110375,-0.40248521373919227,0.26441521983720884,0.12398805598413636,0.221705767182026,-0.2560855631148202
0.5753817270655474,1.0403478672299327,-0.0986444448107824,-0.8306018828134211,0.13990993452006611,0.07682560919249935,-0.4669664622026956,0.04529735975966079,-0.11578749393544573,0.335893388492054,0.23078742219817278,0.4611144777467015,0.7749161460746884,-0.3049404379483931,0.5421700439506789,-0.6393961233145952,0.28517990505283936,-0.8185439120083816,-0.20554121421776284,0.7550849984802249,-0.2670048597207753,-0.3661458796353411,-0.9762532278475438,0.42547175326939257,-0.82946358399777,-0.5360175951699615,0.4322810032305628,-0.19476724499063747,-0.2282779537029735,-0.3158330002469489
0.5030060215384924,1.0506360585947767,-0.6258454433837565,-0.6687008793154859,-0.5178508264115754,-0.6727532991798064,-0.8214587143365416,-0.3849762182758419,-0.2620525602098934,-0.16701926916060827,0.6833365645640344,-0.8117141059605109,-0.518942589463266,0.09866867774620103,-0.2266632079378593,-0.06141635024085022,1.0305658099177637,0.2981032727792311,-1.7441234988293048,0.7719786707702402,0.1309512842709655,0.3140270101747779,0.7854156314878102,0.12590665403276158,0.009228472128113074,-0.144572206055877,-0.34896569922485793,-0.07504498348860457,-0.1370142179624324,-0.015460537602048439
1.6081200820737964,0.15626921449394376,0.03840821316065413,0.35486492451266766,-1.2367795150217802,-0.20790044368905938,-0.782922180955453,0.21663909759452574,-0.19216219509542096,-0.8404683715839286,0.08305186903057,-0.9097993701350233,-0.6906068652904886,0.24770768462088677,-0.42322571994782365,-0.5987978645503256,1.0055866554393627,0.16997432880174804,-1.6701773875383799,0.5271416956318892,-0.012376431037343427,0.3612401474608296,1.0937896036017989,-0.1896658516887167,0.12286706695108683,-0.5783719087828411,-0.49780332080078854,0.1511646724987975,0.11538755180538757,-0.3359349417119641
-0.8713743021840243,-0.9367612130680298,-0.2946859725651132,0.6354535664238142,0.03605436827000806,0.3469541538228392,1.3170252814450183,1.1402104736243825,0.36632008474842415,-0.6619656470111135,-0.7056768351184262,1.962527635528383,0.514129780849391,-0.8966443491741435,0.6437668959507704,1.0181895186716372,-0.7804709482926122,0.3358979596260511,-1.6475582093572063,-2.624947399058194,-0.3392030133465521,0.284603954225703,0.9366853666017003,0.6798468212888185,-1.719035548885805,1.063041818485849,-0.5863077185223223,0.05996371536915792,-0.23599378627338738,0.8887279802786968
-0.8823243652838406,-0.35037726184097767,0.05977945635786624,0.957069826152299,-1.377254889340041,0.04342278441307291,-0.38019032945054787,0.9015470954844308,-0.34850837610717394,1.6467433403938156,-1.0611040066592397,-0.5488452672389731,0.1909770102551277,-1.0184870048737829,-0.5541487782370056,-0.014500283575723541,-1.66911579297018,0.10427834658754272,-0.6842127619211799,0.0026136123883483066,-0.014678373633142505,-0.08023318516533715,0.8033826031071574,-0.5021134962945596,0.17197237971791615,0.1870818255094163,-1.7489744958762186,0.05991407587486737,-0.8494879890718916,-0.06810847953423124
-0.5455888671508367,0.7891191748089638,-0.5824579040064581,0.04397087286693573,-1.2573401926343202,-0.575733379445543,0.10077971828715693,-0.7992241045916769,-0.04340407419055894,-1.9922346782471783,1.4248140450592908,0.2831312782253215,0.06742009502532814,1.893289321514727,-0.4573153627823055,-0.0824980511552954,0.3064920315761155,-0.40541265045670816,0.6562804794071552,0.7810552135433043,-0.22790747802879255,-0.6439621720031968,-1.3947231934525681,0.016314855479536424,-1.760060999259595,0.5924628840873118,-0.8677158935131768,0.08998079376364392,0.025060763238329474,-0.26418217842711805
-0.400711109214806,0.6180527606231008,-0.1379522232883322,0.6990495820720505,0.30171261028458507,-0.6491774802676462,-0.010077763408915913,-0.636614380586833,0.08701025675099697,0.7102289656598851,-0.116036514133647,-1.0092083824775424,0.0008675494629270065,0.5667863675173347,-0.30922878540858534,1.7972700522829672,1.2126396038888265,-1.1304302710145366,0.7396963125153073,-0.3925805857628626,0.010638964313943058,0.251241300247762,0.7664155849621421,-0.21912479643647684,-0.4452806164732671,0.5427590026025435,1.2839081620357748,0.024633793318665675,0.08308454261173867,-0.2463935556227593
0.4291141534283861,-0.3066378657669189,0.9063580650474836,-0.3087511604137715,0.717761714405868,0.10607741765259275,-0.4914106334506552,1.0771032522890764,0.07014452589630998,-0.6089338380505456,-0.1447670615912222,-1.2636413441133156,-0.1887605176876835,-0.6222604758596127,0.8661389847808814,-0.29099954512623877,-1.1441862249692571,0.4079829262545157,-0.3327539077880725,0.9082084333453453,-0.1282151073115067,0.178728809080289,0.7373476028506034,-0.19878322739251142,-0.023849831428910864,-0.1812103050745861,-0.9153581177545382,0.5550135063787011,0.5087568626750519,0.006874952914635204
-0.30449795863199725,-0.4765493408656305,0.7258612597206645,0.8925892586276039,-0.336495284007157,0.7197099465523346,-0.7082990100383695,1.3335300416894547,-1.2518745768104997,-0.4018589613095067,-0.27363303281874035,0.23256692118183325,0.439755763147861,0.2423586678767296,-0.14208815667224053,-0.4897083773605429,-0.307964926641092,-0.8297505020163155,-1.3731478831414172,-3.0113333172169203,-0.5326989033090529,1.144883215217104,0.43516776015651937,-0.18125367755471955,0.9803589521682556,0.2448134483100002,-1.4860172082953687,-0.7646695656465365,-0.9800259009293756,-0.2773042791056697
1.4047437178083626,-0.061080976084207705,0.7434838947656683,-2.236237182659008,0.11048193159180801,0.7964469810713639,-0.9500134756224995,1.6256817147849867,-0.005239577539219539,-0.6899738175980775,-1.124299602274752,1.0898003790691433,-0.015312927798699628,-1.044973876984443,-0.8555851435304996,-0.6998337880768369,-0.4084417632925342,2.087524805598688,1.8875785481889948,0.7006446988082919,0.3697635220989579,0.7787118767976198,2.1000731372527586,0.5849432966340774,0.9764231818452306,-1.8972916653107121,-0.9522450905330019,1.0550941381830108,1.2247277867126423,0.4119450273564901
0.5530815024064984,-0.4471317308108592,0.45521335580958344,0.19467441713531577,-0.459932728211024,-0.041621108078685,0.0833270110798094,-0.10639169809756412,0.2884513507411563,1.0652710511890124,0.18861197698868518,1.0608672464806026,0.5372265971816319,0.04755293152284557,-1.833012877296029,-0.19792523214583066,1.2972041036014126,-0.21042319744259175,1.2954903082625087,-0.7748906816762275,0.3250675008364432,-0.021780388027032648,0.6957186543263758,0.3358637637826509,1.0158028681589266,-2.441445313658638,0.2324194209997193,0.13019331241819937,-0.3777218481710929,-0.22433725873753424
-0.378621462692292,0.6294196753319908,0.1971650958611628,0.14186015777541067,0.508997443316156,-0.2449550362469982,-1.007618890437726,0.326137423366579,-0.31996017736663845,-0.23166246765141932,-0.04526767883372862,0.12023244203809691,0.7466135188077655,0.8164160912768985,0.28521192813148893,0.7398701580744038,-0.15009660243871223,-0.25586523645396136,-0.8252172581919485,-0.3021720955937937,-0.05067106550267754,-0.025271339987995554,-0.015591402237067679,-0.0667208656826481,1.2740124532160326,1.054006928679278,0.7116680049600587,-0.11987643559653417,0.04075998834926312,-0.2779424359775749
1.0780527967880746,-1.157997427746238,0.3222063767957341,0.8883643093757309,-0.7893714218200162,0.7725597578686677,1.5344541015310817,-0.22061299121861402,0.430951779746542,1.4864070726902208,0.7582850769598971,1.690775110166485,0.5948051330146656,0.5429459359101527,-2.627180016879495,1.2534278897746836,0.4150157518954554,0.3726977912244533,-0.004184506264618109,-1.8685433297281262,0.5625653716280933,-0.32656338479767266,1.0679237309502083,-0.25819183682844365,-1.2769235344806202,1.0040707007244414,1.5128613371073636,1.585000050866371,-0.3343800844836126,-0.22880435684087094
-0.9101627949337582,0.5320281250370933,-0.3690516242544115,0.7589227739744262,0.0593925401342033,-1.0126252329940222,-0.2620611756192603,-0.6042047685143924,0.1599395867535507,0.7499498056947848,-0.15579495295877993,1.18010031071311,0.6164802117422684,-0.9389788716575337,0.08470090445981475,0.15164316388624474,0.6263976756801317,-0.4180372041904875,0.3630147853288327,0.3405166701330487,0.02686332405349104,0.042885756987391,-0.007435312845614868,0.04289598075339041,0.9886612968696414,-0.04845931539877321,2.001738199709414,-0.14698575891456736,0.05589310770602242,-0.0607297907028268
-0.6264929872075562,-0.6204350969264435,-0.182353680492346,0.9363047080571093,-1.9040291337345236,-1.545363153917792,0.29855822385204495,0.13508151258461795,-0.10776690657926322,0.48162699948004817,-0.0577791926187046,1.2675236017304052,0.5981351201574617,-0.45411947683052734,-0.3617402592778975,0.6817063101370372,-2.399540919957361,0.27279971079167153,1.8720389608934505,0.049412719629286936,-1.3117120226646837,-0.30723104382335104,0.22650359649969304,-0.26630088259412626,0.4144784114973321,-1.6456839373065342,-0.40082235888347834,-0.8480395459971054,0.2248268368521818,0.5023239943400705
1.0207966014642278,0.9718533956477281,-0.25440008991325636,-0.3804405283798445,0.38936538050640274,-0.47760271194070253,-0.19860180930685226,-0.7117492609838784,0.13489421517210276,1.3101782743246388,-0.4797676664897627,-0.6980207328890607,-0.44111423627900836,-0.7422767613649649,-1.5064127871958561,1.168149117247596,1.3431440354961184,0.41091385027590777,0.9553089980206343,-0.6501240253249175,-0.1283122006007147,-0.030944280819423884,-0.07924810207855258,0.4818703788073033,1.0240974092701798,-1.1337341286217004,0.7023982883213812,-0.012385309582752134,0.009328870363915632,-0.17659514775812304
-1.1854726506395235,-0.3775627641391674,0.2603226089447236,1.649977592059533,0.8662355988876989,-0.578452295230222,0.3206825092266278,0.2739851755450456,0.20323113240264434,-0.08536925145685874,-0.4985637684437067,-0.3113909736326041,0.06479827360876152,-0.0857263642789193,-0.23965982091513124,1.0979335591163164,-0.521132851869209,0.3004905323341688,-0.041764249235618715,-0.166497848189234,0.300870940662924,0.4409557512114857,1.269433449854801,0.07370296904730503,0.6710693551857515,-0.07930425841968163,-0.32575468185483447,0.3529829902040748,0.4065604745502839,0.10698581219477064
-1.0287182858029227,-0.04829698468534237,-0.03258962670732083,0.7923522982032876,-1.0136507234953072,-0.3985799261274823,-0.18274245835586156,0.03591501222493074,0.020380375784095194,-0.9218098726349108,0.16646916117032334,-1.430894812101236,-1.8563457892036737,-0.852521881803931,-0.1737024484768088,0.9441196086520948,1.7442888854360725,-0.11101396212127446,-0.8082977966288262,1.1998322095336618,0.24659056080307204,0.1747493377375628,0.15220481939499625,-0.16660071103556462,-1.0127367376628702,0.0747595372527208,-0.540435315387995,0.03746450718095812,0.05344833170572403,-0.12235181364617712
0.38335552435934617,-0.9136448769508019,1.528175986222641,-0.604729559368229,0.153412357351824,0.05324958900065768,0.15876383560495153,0.4353050414526484,-3.368769121320341,-0.6759532952894818,-0.47476428092164696,-1.1693177839122968,1.1251513320895665,1.0959812166394698,0.6105697496525433,-1.342167479636233,-0.7035447791893974,0.15907976813555397,-0.6526272621331105,-0.47786288474672606,-1.5675775396164295,5.39346075838798,-0.8160849414250524,0.3368464109664207,-0.15523619972139086,0.5682228933968262,-1.090095681576179,0.8288138386712561,0.26344476287235574,0.15883605803707188
-0.36594465887288935,-0.3911844596762968,0.17809812431990046,0.8117464027654324,-0.31428329308810354,0.07143102948646998,-0.34247960046051995,1.5436760637735445,-0.35351020289719226,-0.3898874267910809,-0.7941317084095884,-0.06743245750902033,0.6673387164094671,0.7651698634844316,-0.3220630458044255,-0.6982909316001239,-0.6389314554841918,-0.1905235647928755,-1.4344131584248543,-1.505322889196515,0.4175736960417993,0.2285696240213559,0.6596982169341985,0.3476536245123596,0.7499501567141719,-0.03942147491611092,0.5733943364205092,-0.3887392031013147,-0.26416080881354004,0.4111074464621144
-1.937678812155941,-1.448434707738861,1.3344533470813662,-0.0621583759937726,0.018983828279878406,-0.6440099608800476,0.7466136513670498,-0.8691347218701351,1.9359640388476083,-0.1672227134801158,-0.5909589433536704,-0.1187704796688342,1.2204144068527911,-0.1484347716863063,1.079681951664605,0.6009363534635521,-1.5346729193313602,2.409705771206184,-2.9391089606684524,-1.7168848045410148,-0.16885709579248445,0.03489496524238725,0.21449147218873543,0.3798843926088153,-1.0339288047559234,-0.2557353716674567,0.7692990124729607,0.5407130447804542,0.22393446584479443,-0.29154315431005545
-0.6208494931484201,-1.0160565233288155,0.3731515650470664,1.4655527982213348,1.213675414209708,-0.8734289080317168,0.43873062125239815,-0.46129286580122575,0.40311156547099547,0.6529564237288923,-0.033913631759951615,-0.4399288427142895,1.0389754009532106,0.7454460769640174,-0.8476197023283198,-0.08407081912395203,-1.099458843609599,1.005687655912485,-0.5684672981120794,0.6537554120861426,-0.7958890112504406,0.20950503958543482,1.3839674681822296,0.5409699315586108,1.1265696605731748,-0.6789707384713449,-0.5043441082174167,-1.29063981703835,0.3477586253209125,-0.181700402733365
0.43861122738611136,-0.2976643188624087,0.025649005510059816,0.9290015655478332,-0.2525425372792994,-0.1689151257379861,0.5617190044250189,0.9210585578331429,-0.05600126832111825,-0.001003612442082226,-0.614860863351855,1.0031198032569064,0.8069857393376458,0.6226753975666734,-0.140980360295347,0.6213712090769454,-0.14359459744462355,-0.8992094600104024,1.2588983595857985,0.8003732965784064,0.7499396486146621,0.5710720579934404,1.555026411494862,0.22121443741351787,1.1738745593279754,0.06758075831435492,-1.0367319605974514,-0.10232054494428801,-0.18700104339804474,0.49139555790869316
-1.08995440790728,0.4849891549315922,-0.20825901113432224,0.251635260762438,0.38141605634497344,0.13809493207796358,1.2287953032027943,-0.4048893946551519,0.5605525411502923,0.32087239581008753,-0.17964231813646703,1.7688606240330251,0.9442532453514898,-1.3151860327392926,0.4975386641275582,0.3316342618450565,-1.4809085460372124,1.2419805479550203,-2.4073246430894257,-1.2820569189807676,-0.34017605647446,-0.07910477902758652,0.022956999252901907,0.18814964794522748,-1.6567335910386305,0.12057703292131262,0.790261068302661,0.0815605245332992,-0.030418913897489384,-0.2191921189577982
0.8012267784992579,0.3096107792188058,-0.10542034397174786,0.10611878995570737,-0.7916367151985505,-0.2169014696400897,-0.2078932094061266,0.07129167674768792,-0.5406302388893722,-2.393236639851046,1.868536497893301,-1.1867498736174935,-1.2400037522548184,1.7649141469790472,-0.5310678711193992,1.4636563647060257,-1.9019461255511547,1.0914976555268063,0.7554461344958335,3.265421611599214,0.14912172682866537,0.1610652849872318,1.5427918792956845,-0.48915251193853304,-1.0446751545972877,-1.1242937294622986,0.8838376680642683,-0.06170514442621112,-0.08416183858110725,-0.2519774282519302
0.8724232464617172,-0.3773261705701303,0.6737573400147744,-0.33590875908755746,-0.5433708818650501,0.7681377926109921,0.5325770363272156,-0.2017144238725647,-2.1316829768264793,-0.4510511693123236,-0.7478036642821662,-0.30471890624106845,0.30174630180251516,-1.0790471427888542,0.8961328930486763,-1.3748115722293848,0.31267306434345915,-0.7682269365825145,0.19082879219091672,0.5252159150959379,0.513072101518783,-1.861696262917427,0.130912512714416,0.3921526737776523,-0.24937258531563958,-1.677421403980743,-0.12899643760947166,0.02011478157913849,0.6938469284441329,-0.2918622327460081
-0.5918107681202535,-1.7744222359324326,-0.3456901466571829,0.12093599361209748,0.14746487714156853,-3.9835312391474034,2.17519726236833,2.471656621605874,-1.6301793591832356,-0.40778138841771205,-0.28304234225405794,-0.6675987306728365,0.050671298961396966,-0.11471795424880786,-0.6539919242704408,-0.8186546652586006,-1.3727052862001774,0.5254966079423974,0.5400711011754771,-2.4736901427723352,-3.3939031816919365,0.7169999615616505,-1.4829015599847326,-1.5216295396502464,1.196386619061071,-0.5917002653820643,-1.329792160834146,1.1226601173335695,-3.688523692203081,3.5717388937908217
1.1532291915310442,1.021143413668027,-0.05452050393130922,-1.1440234207295803,0.19964265100125575,0.3412922573413498,-0.5809308214652931,0.39745378929252234,-0.2815325074477149,-0.006821986908726873,0.21047976169204038,0.7205113869401499,1.4603037657210134,0.8124121216659381,0.43032915673994176,-1.2876350328056874,-0.4298561919632391,-0.519540186988798,-0.5315691143947123,0.6422248677111778,-0.12704332210015154,0.04110073843929779,0.34906690344433516,-0.0124616460927257,-0.5051521624921556,0.38195656820898066,1.162214913546971,-0.24026887987872253,-0.2554714240564464,-0.20826368252642086
1.356394977659943,-0.01595891389709412,0.6216392535608367,-0.5870414831315269,-0.8806167889885518,0.9659605993476471,-0.8933779170540576,1.293261661417062,-0.26748010160069957,-0.5357535340316557,-0.27469463416612006,0.3125457610362023,0.2639175084354969,-0.5665150190470972,0.9911649171268984,-0.8917009630408262,-0.3639336985305903,-0.9560516534343142,0.3583424772746872,0.41080121301022765,-0.08774100328492936,0.3588267518482864,1.279541317114287,-0.5034912821673811,-0.7363340071289063,-0.5453128625832586,0.20529824352902595,0.9607157515622264,0.7744702003253553,-0.33693206182431606
0.7920034561190281,-0.30442253467136043,0.2985928367248496,0.2603085887759609,-1.9226606576941903,0.06553173707423271,-0.23485962281409126,0.0809596932004122,0.377447064844727,0.9444847038144453,-1.8571163050784627,-1.5690831604873,0.3802702498975995,0.30554261141735456,0.20110381626664517,0.8987312093492642,-0.07815022603859895,-0.5828436356340997,0.2724095327709427,1.2390661971332029,-0.15631137070481502,-0.20168662744899282,-0.6763715114688253,-0.04057819099873998,0.03387013782852601,-0.6791791921160756,-1.2000318170452455,0.09627240769080327,0.2770938728943949,-0.3049843334245597
1.6064143991678634,-1.8640674834472966,2.1787621694224333,-1.7565682546356252,-1.1308499973506307,-0.17859546184989047,-0.07196064729123126,-0.23955251633720312,1.2461567026024367,1.3458304096491995,2.5425409448941187,-0.30205968075684725,1.2384178550312204,0.735875356227698,0.26133312401807157,-1.0477558415056472,0.6271664539643516,-0.8327939201783374,0.005551037215871415,0.2972870454555421,1.641816172401246,-0.7074359731907714,-1.3531037355664712,0.38347201765636,-0.6544246911537162,0.6691616364128081,0.44025400020352834,2.7212791428383833,2.100545642828112,-0.30885315946048525
-0.8960751175995715,-0.14174257921979744,0.4239867383355571,0.8666601759364067,-0.03895517033578287,0.3469805910757027,-0.5856364219441469,0.9227016949384345,-0.23043598808906826,-0.19714433743241838,-0.43280926420352855,-0.09808799109459874,0.052520875727196784,-0.289627009141026,0.07149209230005243,0.2927590833411822,-0.10851504257624704,-0.6589413084914371,-0.8086272130368628,-2.2470345493676196,-0.21264806907431721,0.21074743781905736,0.7820693231281042,-0.060771058387515814,0.639926540013105,-0.44860228168696614,-1.3356759346380274,-0.20536539897859912,-0.4445942470781315,-0.24001198690370684
-0.35918510069011816,-0.18313336437425567,0.5778863705527878,0.7542893470582587,-0.08225840816147864,0.07204303299041336,-0.3847595011819255,0.3842827032264703,0.1639066798103813,-0.3353270649204615,-0.2656860676651684,0.8758859476273476,-0.43065096847589895,-1.6601529830727082,0.09810215681540502,0.44580027210500156,0.8675549597311913,-0.312899837632716,0.8084920196895039,0.4125582119229012,0.025812172202352157,-0.3480156306021677,-1.0760670575443285,-0.0847671226096153,-0.16640463376421746,-0.39418093291997636,0.16784702323808756,0.5702025106656283,0.24672470172972463,-0.34813969188715194
0.4907714318058131,-0.23154166099901125,0.6236183630852961,0.8610728812095371,-0.04880542543382053,0.2651821532784006,-0.48554251743836147,0.8229327125951191,-0.13617215009248082,-0.6159846305219592,-0.5605945134004815,-0.7739830756908153,-0.28220693599948615,-0.3505211939293299,0.33875194679701154,0.5676218995175436,-0.7147416333130907,0.24940540064196484,-0.7362152118752364,1.4972297351107542,0.05901681506353685,-0.3801571621060616,-1.0475606407256906,-0.44336390470957704,-0.006417969421614875,0.6146072883440816,1.0492124452869878,-0.024244439142413043,0.15426883178868528,-0.33382104707377797
-0.9514361096946041,0.654579266492646,0.1942990345945143,0.09824811352844096,0.4322739835304229,-0.1667433810264785,-0.6578556361894979,0.04183730666071637,-0.13291204260745085,0.10443160674119055,-0.24863066800114922,-0.44379634072003865,-0.09068031275586513,-0.09476878049341211,-0.24363236367254132,1.2691511823447317,0.6889704476929076,-0.13561380975551515,-0.16102402522806875,-0.07455007225711006,-0.12259535205283084,-0.43072638795017254,-1.2778349223957663,0.1438384621529304,-0.041625183761807655,0.48364529560329356,0.24477420042074263,-0.06374136068211257,0.07965801903068429,-0.34813969188715194
-0.4089447143533217,-0.28576318544337814,0.501933459012956,1.153164949432142,0.6214845372075638,-0.08580562533452504,-0.06727194393616298,1.1145584925547458,-0.2805342573463216,-0.24279498827829554,-0.31900590022144854,0.016394599840613727,0.6682898752241393,0.4559578215029122,-0.42883438356728676,-0.4135612627575808,-1.2300229014078998,0.363889703166751,-1.3043777886508676,-0.5023465759251675,-0.04909722369651306,-0.03213862966402858,0.4504638955329247,-0.1428439076111162,1.042210005102247,0.267331193063516,-0.8862260658092573,-0.3885188714794004,-0.578675040016317,0.05030950500868601
0.7961097297814592,-0.5746142537605842,0.9801552312982732,-0.16259244670517797,-0.7116129100772627,0.5755442198339569,-0.29075936072302005,0.6884018220444945,0.13671450986734268,-0.24863533825981576,-0.2780899972212218,-1.6384800250101388,0.7375546283933266,1.818285692461968,-0.04981425706940087,-0.46353617158268423,0.10618873099549814,-0.7496210377214763,-0.7727853308214688,0.40194656603085827,0.16119169836826017,-0.3436474195040039,-0.8776204357455821,-0.18948995408466848,-1.6929567707983775,-0.22096603924067695,0.4665145740919845,0.08771202284727053,0.6363775303494036,-0.32125733365814346
1.469496494792853,0.8045086041385228,-1.1434253333684175,-0.7842718944255834,-0.34383334037001,-0.6294711586560262,0.12466295861404468,-0.3381382076676796,-0.014020625223386173,-0.010465066917203326,0.5124855835915662,0.5278206017469377,0.8028282853920804,0.17296676577198258,-0.5531195854390919,-2.8069545368296454,0.2890299442812163,0.8486602634095392,-2.085605989368021,1.7983519566617174,0.6999774550046554,0.08181157312603708,-0.2931057366782027,0.025977437994041782,1.2347561512372742,-0.3368759205501834,-0.8397208003069851,-0.14225894541962777,-0.03827374462670767,0.8082803296141418
-1.7501800393852407,-0.13327990944572926,0.40654390078311764,1.2769542468185846,-0.03429091881788149,-0.006698907800063768,-0.4461525509502463,0.5427077035549726,-0.4812587962109999,0.9817716961058004,0.07194471592814042,2.5732635366713508,-2.3926053323519723,1.003524052219105,1.4878555353123455,-0.036291238872736366,-0.09649395054671274,0.35828482479670803,0.5273845650050227,0.9966882739677624,0.1308490575003338,-0.288281802696018,-0.241313091086314,-0.2081254777509353,0.8517996675382952,-0.5965086888709645,1.790667872095994,-1.7336209595357202,-1.4174053345623767,-0.29987907844931777
-1.2754316305672448,-0.40472294865295655,-2.3726534191165913,-0.5864030495049841,-0.499489992051394,-1.4540919806638115,-0.31729476209982677,0.7279360219107316,-0.20597891626296572,1.1800079107682389,-1.2341343730295724,1.0654972402921317,0.5710769513620654,-0.9196956405897613,0.8399457587781846,1.6788111488424895,0.24932886556468947,-0.6351511036658979,1.3769199306320565,0.7541105971016255,2.678567790445637,1.0741709407366575,-0.1613476225336835,-1.729929729099275,0.13577813157263555,0.16668436563229713,-0.0652481298832904,-0.48155563062858936,0.5814355714226327,3.9558694458732853
-0.11344041535385678,0.94036315067025,-0.45744417859617853,-0.24863200548826456,0.4108299019282285,-0.7072848994669725,-0.380525864662714,-0.5215045320542888,0.03333281647265966,1.5687306062300301,-0.13933236223525808,-1.2686079205278373,-0.40451213655597434,-1.5104417125519218,0.1437130557137193,0.7794629196623125,0.12535589084659216,-0.44060378052722315,0.478898718992973,-0.3919939692661099,-0.25317536728898987,0.369257640034883,1.1445648566016846,0.06674903840982384,-0.14858019985223442,-0.25277593207774013,-0.3080872187834594,0.053522152018508,-0.09417968832915864,-0.04856492533213306
-1.139398154365681,0.48957085516888843,-0.37953306936674797,0.6841950216240575,-0.05259849750384839,-0.2291000468640762,1.4885353481864398,-0.8500606752724381,0.6528411370086042,0.7985840504297531,-0.45017617200332644,1.8834559813938907,1.819104935083575,0.14955936572751516,-0.31538058963893856,0.05440539989673293,-1.3760695805199825,1.2778606734177413,-2.5351508122030872,-0.985340701606489,-0.20525260340380125,-0.07098771997832654,0.2992476106695523,0.28781106975925747,-1.5437677037188196,-0.38555977695314825,2.181915072787163,0.0840419369064897,-0.02478604030761625,-0.2719198304989691
-1.9114828919709959,-1.5854140543188835,0.7342125725509431,0.16432679612194848,-0.9648331215509889,-2.1089740195383673,-0.5220938861022084,-1.7177039868196449,1.8169287561833731,-0.09020790897885293,-0.7053834426027376,1.206482927647398,-3.0076575733384314,-0.04688248774984464,3.012887167679316,-0.9526412685882737,2.8012093058835013,1.5244063297870867,0.41518591391208676,-0.41665031986961537,-0.805863734659302,0.7578692623218024,1.2315776128795375,-0.15758333104344294,0.7590636588830127,0.047877650245034584,-0.6012226065058476,-1.9713188580922973,-0.8331240167085437,-0.1524648410392059
1.4824259923760976,1.0078651402604568,-0.839243910961483,-1.4495178105238904,-1.9674847414825725,-0.3339886238582405,-0.8777453352608516,0.017722519864797635,-0.3039562717886615,0.45716818947054105,-0.24984292712950656,1.0310878154579513,1.2053765828302772,0.05832136686520324,0.7617349713671288,0.4203842816359992,-3.10801591449762,0.03455658018901612,1.94369876296411,0.622584771264809,-0.4464088436730211,-0.15166650845726012,0.10717420000098776,-0.04610539668892705,1.1717316100177446,0.5440390537077092,-1.5835850659915232,0.01527405373354538,-0.12004491190572326,0.18667565157393817
-1.1854305350122165,0.6992976908310601,-0.35319249330482677,0.04754956575770932,-0.5307560193071181,-0.6439449679811823,-0.489596898297348,-0.40431696012686,-0.04274156119479988,-0.8989733189337173,0.8296220524150765,0.6742328267718772,-0.2576462743960326,-0.9755481835466087,0.6049227974926328,0.3343296557970487,-1.117515825977762,-0.3748372604560148,1.9425120476866118,-0.41556570224322636,-0.6726821813414043,-0.5001602167368507,-0.9403659700745047,-3.042851516050146e-05,0.011323608783121714,0.47186996966522,2.1714861366318603,-0.19599505899255376,-0.03152968909257049,-0.2898679925213042
-0.606277486100203,0.6485335398775648,-0.4107947570851505,0.32297613490309623,-0.2087616504416136,-0.8047736128803575,-0.23163042482550975,-0.6090936699483414,0.049302709538317474,-0.7623622499802383,0.8536459507200131,0.6314139784362887,-0.11337977510731018,-0.6118643684664044,0.37139133116671147,0.5289855475654438,-0.879496713586026,-0.6157495571413258,2.4473400959533875,-0.8540689428010795,-0.5976364838868918,-0.25368426083456774,-0.24989080161675328,-0.12317557009815007,0.011412640342937878,0.5620112491656511,1.3101554062265883,-0.052806760929499395,0.029901657774236284,-0.1840137213940215
1.2288267425470834,0.8918253334918321,-0.2725548437896258,-0.914011044391876,0.8822794593861043,0.08166975229125563,-0.19006269705911952,0.1402711753967053,-0.060280283632572824,0.3533008601800913,0.35535951410378985,0.15961777369747723,0.3272610557142664,-1.015557783022976,0.7297206101673385,-0.5718759229957757,0.12324675108163474,-0.8809519880763755,0.6632283200428394,-0.074494269379553,-0.07917210784918993,0.3551839165927954,0.8338923051339139,-0.23898039118110748,-0.9323409738312302,0.45919561716522717,-0.9496473224694366,-0.04634000695206921,-0.1404040824242105,0.175826984751549
0.6888833426578737,-0.7859462948447772,1.0466882679846143,0.38226348848534103,-0.8296322941424502,0.005903862951838528,-0.6140998551616232,0.5662161412251178,-0.30176861670380994,2.0166293251220773,0.9263340823959442,-0.6100932175657267,-1.0171117970495818,-1.5048133677731137,-2.1587394715945454,0.8065546905393016,0.48268381254089865,0.13648496137240923,0.5318604426571527,-0.5316451203237538,0.9184657717331769,-0.6778292926942738,-1.1295747030847554,-0.0699732322442704,-0.5116982644564835,-0.04701164096005328,-0.6552960902397048,0.13998477077382163,-0.11818650991073584,-0.3489373879770335
-1.6926500924838983,-0.47262817131304957,0.11079342716543356,1.4348548596514326,-0.4379800533519412,0.17062922392842986,-0.6344436174755673,-0.002761965878592966,0.025830790786262214,1.089042139741392,-1.1119776465941835,0.8694674077491892,-2.450080196990016,1.5943642705782028,1.4740514892763643,0.16772086322632654,0.28007139108392626,0.5213831836696483,-0.3395495363481549,-1.7608455403080812,-0.02569525876941085,0.16345992596392517,0.5847807733866964,0.0176348544761664,0.6840402381866594,-0.7568129643642635,1.7880346492945038,-0.014754801744750617,0.3544454250007272,-0.28807317631907065
-0.643107602180162,0.5917180449801566,-0.054862533294313565,-0.11788300849656463,0.17059944896473697,-0.3862663792105224,-1.2105278900332002,0.37083825181238267,-0.31170817842083914,-0.0017881911872924038,-0.07407707974270723,-0.14077612185917654,-0.35405004060096235,-1.202084777489818,0.7813630594305058,0.9514741840284097,-0.14083232877473145,0.034548106234828055,-0.7645123966542949,-0.02450422817159085,-0.020368417023102204,0.0042483790438063215,-0.25680461325126636,-0.150927172024823,1.265385170629982,0.847109418901719,2.1715931363172123,-0.3315467439564584,0.012367266263053308,-0.0365994839839097
-0.8246048980596168,0.5512978046784072,-0.5775723858685742,-4.9964927575060186e-06,-0.41831893411340415,-0.27946477485338544,0.5610854146650633,-0.48775362592875965,0.2889658913309804,-0.5438489593086027,0.3674915886337522,0.5132440320133421,-0.7482311165414954,-1.5092292692141915,0.242196223166185,1.0855855192987576,-0.8712062414516422,2.398507415796386,-4.208286309692528,-1.0721429329603178,-0.0625126881179731,0.4314221799890374,1.233625479195985,-0.06492993074806536,-1.000796846051363,0.6888063827450621,0.08302079102845923,0.09986205889586394,0.004523546210491766,-0.032611003534501914
-0.3385063276823882,-0.2807825415441268,-0.1726351011996668,1.6664689835118387,-0.4700735801703254,-1.506664974179388,0.5409785130476229,-0.2956386459039575,0.10923837371391178,0.26959901989878826,-0.050413142114767696,-1.6067512274984765,0.40679148426725975,0.638157699648342,-1.6819119621888223,-2.1268797627539793,-2.3718095728085835,0.7968983079290569,1.0916532743180234,0.004527867928890715,-0.6633613600084628,-0.47735160547558986,-0.055335475925381,-0.020052966284894308,0.7793169181442661,-1.3352694893891075,2.072709356813779,-0.06420271017304899,0.35910317920244916,0.09561864291395847
0.047083298126719096,-0.7921425567598689,-0.44024983615343366,-0.29398420220311827,-0.40117746002927035,2.4044057086660815,-1.5871046363910937,0.23547492935417605,-0.566248128037855,0.9621167231683821,-0.13317592282186175,1.8196935140102726,-2.0779366917561233,1.070483454742437,2.2486563979518497,-1.4483075992495857,-0.5852297398568238,-0.017330871610355753,0.38317379786318323,0.1735242270123192,-1.056618487799132,-0.06823099762236433,0.9490638267873371,-1.311774384274871,1.3818019140230553,-0.8016868817718812,-0.04533028670765745,0.1236795145970177,-0.4696019659534349,-0.3301915298648169
-0.7601890460935822,0.4155388247783625,-0.36563828371394663,0.6712770319921658,1.0484355338413796,-0.7284804013427059,0.18398767803906868,-0.3988067303647038,0.18721497505010265,0.7714214231937048,-0.154641403828775,-0.648075170112032,-0.118617596405003,-0.9137977258394229,0.004057691766019248,1.053848341268115,0.069753375247396,-0.09563480353430814,-0.10858783198420445,-1.0916791723145987,0.12340976149229481,0.3208380898924645,0.6599876369273242,-0.2978846856168698,0.1382569883093057,0.6545663105793066,-0.4706248574370855,0.11758669008022038,0.17749145822694037,0.30640983466516
1.1380043922595688,-0.09499245968693382,0.31077550022127565,-1.7404512429004364,-0.443530556747674,2.2104233249778904,-1.6235216133031618,1.1198847795150588,-0.29923711991815477,-0.458111204326704,-1.2812205401487906,1.2065269767428846,0.31991409464762977,-0.6573369993219386,-1.345339665722199,-1.576283166494566,-0.0747674955425435,1.3148190114621736,1.3987443706522529,-1.0341925468727409,-0.11951184982215882,0.7346957522997215,2.050699688581282,-0.024997041129189875,0.9141936409958847,-1.7716562589941893,-1.440041734841997,0.762761271203021,1.195086064045823,-0.3477009590377171
0.6844612017906402,1.1198478722118526,-1.022811502019976,-0.26915896552185586,-1.3062490739285422,-0.9069065355491617,0.5533642024432268,-1.45909140480821,0.1512119611032159,-0.9695435583052455,1.4798174342282888,0.09098988474044362,0.37041065296598147,2.097779818382468,-1.0368960333170314,-0.4888874113630654,0.4606798479538013,-0.4961253801343697,1.1553039206759823,0.26201242003142367,-0.24377122769653545,-0.14122091357720515,0.20435499712224245,0.3501778382686976,-0.23817528844717273,-0.8139567726329353,-0.5417513490587793,0.13794790289084646,-0.09851348529438358,-0.14731970125946986
-0.14511136708871,-0.029670700262890936,0.42984606073913584,0.29249987177472064,-0.2001421320409317,0.4216798432651013,-0.8239037609210093,0.7992963879746835,-0.23065246222644747,-0.2973401274013676,-0.4608558471372448,-0.891724044489245,0.20541985402891907,0.2752239589300644,0.19980475289241423,-0.23243454118860218,-0.3946864157062131,-0.2782435787676539,-0.7973860419144466,0.5975480542945731,-0.056247804387345696,-0.17950758599897138,-0.4382828507321442,0.2183320125231397,0.09889889200792562,-1.9571681887830792,0.27816381723479583,0.3938613921294386,0.6697898573614239,-0.30989016437733125
0.8051435318388076,0.9515716403555383,-0.716806673239271,-1.0759385968356503,-0.5525676750257448,-0.42730153990346315,-0.9090605773491002,0.02154675611988003,-0.3253281662347738,-0.6158994881679125,0.7174046117168172,-0.24597288396033704,-0.715093812752147,-0.3941833687071485,0.33069354664515266,0.4135941130389295,0.8740982138600556,0.4740307487862113,-2.1994298733322943,0.5152939556764432,0.3890577231620744,0.23791718812272797,-0.009483019575964115,0.24103274842619568,1.7833708773489159,-0.36800378032194936,-0.7988740150089495,-0.2130172362308227,-0.06839732498477182,0.4095519390868454
-0.5104223183495037,-0.3466873688810919,0.39169583448812734,1.196521140250581,1.0575940475616423,-0.4976262445454416,0.6509046897185528,-0.40281866187220755,0.7908457410151787,0.3109555504175671,-0.5769332191118092,0.3433838977051072,1.2307188724461822,-1.0118661639652091,-0.11742597249144714,-2.551761434007981,-1.4039050644137085,1.2130085945660452,-0.6395105545273708,1.424601230360692,-0.3100291909063068,-0.22002120240526923,-0.23710067586931197,0.2639036821384657,0.33637752488048867,-1.6109353084630986,-1.221864160055409,0.3849845562663596,0.3676595100981903,-0.3250463900850809
1.0328416708740256,-0.2527220102965464,-0.6075439092823774,0.3068145351010364,-2.355946322720253,0.4404281149783081,1.1540099422055428,-0.3548308393968922,0.45672040245366935,-1.9967986194478462,0.556897305529556,0.26477870305907336,-0.8684025906085425,-0.38918926949400307,-0.20263415493359374,-0.7806270913123583,-0.9855080891028809,0.6788656144956392,-0.5012523639509939,-1.6449998572822728,-0.4422283449164972,0.15858021349284226,0.8715236396451217,-0.09115660907748514,-1.6131414449217072,-0.3477931681544441,-0.1941859983963351,0.35157688597358294,0.37754012891064115,-0.12937153923713482
0.09749570401318094,-0.7490060291579761,-0.02182560384641757,0.11573593791022278,-0.6655301487344508,-0.8176990218440695,-0.27429742258141415,-0.30371964354436237,-0.3685863530366638,3.636578682215572,0.22791124242887,2.249175628063526,-1.4848432393704203,1.564082394627779,1.0075204805595066,1.472301822281695,-2.105593551762018,1.2597490281253763,1.8399602496893062,4.3393762264501285,-0.2663609526324925,0.09581546462121329,1.9318404876163124,-0.19554633893175732,0.16994408419786017,-0.6866156900586823,-1.1814075315837915,-5.965798487250996,-4.944837344035097,-0.34562694920402504
1.2265946142998132,0.994279351458486,-0.2037716436893898,-0.21221223570189174,0.2767414270799936,-0.3237844819373925,-0.07219727372316825,-0.4568008122625673,0.06762788407899224,0.6610702668819669,0.16344928415111332,0.7153357017837398,1.307069854776649,0.6513590360830779,-0.01547521193582372,-0.19922985476268526,0.7240135852098336,-1.0586829114084721,0.10639911128932317,0.20573426056456015,-0.1861710524174313,-0.2173014573959255,-0.4828882298280911,0.5602970057759483,-0.6631037333044222,-1.0701386658851917,-0.038154707172231885,-0.02545218187229852,-0.15353037718645907,-0.29987907844931777
-1.8527947653187113,-0.8247118747150582,0.9181456537550269,0.7603003367324588,0.8818022599660874,0.24149416187670225,0.1891172557861197,0.2389328877602939,0.12551907643461704,1.3534329767660882,0.8895708357476483,2.1607853475980408,-1.3978631557321224,1.8354259659005987,1.3313827855682634,-1.2731545269252813,-1.2804172777496103,1.235351309551118,-0.06598215452231614,0.880955409669488,0.51265638533206,-0.45485454487143206,0.1791363239234169,-0.47684660128800926,-0.01502645031986883,0.09354188044399876,-0.5247738819368822,2.357670646867312,1.2192439316376418,-0.196058932351233
-0.7858585209371899,0.7007038553741647,-0.7403953295126876,0.4064070783049937,-1.0745694525726084,-0.9710108563224568,0.28715116698766247,-1.1473267757414645,0.21788225049156215,-1.7226526761549974,1.4089261406248166,1.5354938207366944,-0.2427505621070029,0.09933909340133304,-0.12484028930375676,0.6366386093537523,-0.7333358461356306,0.8910958437771518,-0.09877394490327364,-1.0530098017661813,-0.5075179616802574,0.12408208938634874,0.9695081219680577,-0.00976539505335914,-0.46000758963435484,0.5040643166369573,0.02319691004451541,0.1739243802068182,0.01690574174401484,-0.2918622327460081
0.49588848052361184,-0.3033961452611578,0.7466265542096797,-1.7459131818919866,-1.5429409054329457,2.358622848939735,2.013377272561152,0.5673466333793856,0.8796049332470051,-0.48439465698410233,-0.3427279199312676,-0.2659055663861627,0.04853133829072647,-0.41146188754652524,1.2245882644511232,0.23781564655887882,-0.7276772221517017,-0.38537448352196585,-0.5731967148905547,-0.3604103424589022,0.009814226103146738,0.34368993555315897,1.058342098204689,-0.20995453186223906,1.2393031175526257,-0.37089164781070694,0.24236924194002932,0.9832877938293431,0.7877561850362272,-0.34646453009840067
0.8253169173188537,0.9591338362562972,-0.19205329752849348,-0.6026748281200073,1.0986069469726423,0.009641577558428397,0.08583043799394892,-0.06833205564157645,0.03170146494542249,1.1101563904449239,-0.01710595132615681,-1.6347398191987637,0.28577163672013783,-0.9837904575390631,-0.10879646411842997,-1.7169044021849569,-0.9119194688812658,0.23047929818317536,-0.9704293870308985,0.3378419875962537,-0.30723313809374164,-0.4469717833084676,-0.9800911217476438,0.3678183090392029,0.9112642111620413,0.07564110266484043,-1.7528837276317188,0.05977744044197229,-0.09825441904943161,-0.146880968410035
-0.5664150448541411,-0.8695483892036354,-0.06847228871883987,1.9725068241968546,0.8268787678072569,-0.37460784770710037,-0.011151932527757346,-0.31080499127681455,0.14740324917573072,1.109060459380837,0.3159937377011152,-1.059614267063806,-0.9508489267394076,-1.6075091653456266,-0.7225592712843941,1.0456714576009414,-0.07823589284347389,-0.147967511455858,0.952380810866769,0.6154841024481118,-0.11815240724373575,-0.04107734564736653,1.201245270837534,0.48487528530367485,0.6058432151976757,0.9453339349969699,-0.07646882091566318,0.9975082748306648,-0.4492339097614109,-0.3485385399320927
0.7304514668098685,0.740221308230459,-0.5363073600017638,-0.12594633159937887,1.084293914878788,-0.774634801155866,-0.36870169809873926,-0.23589018769475725,0.004925411364113951,0.5753466825329582,0.27718130257342494,1.198812790862772,0.9561758831288455,-0.3581634107533257,0.3641352307105877,0.10600175502121756,0.6142312934909692,-0.9594099042199841,0.8834682655720251,-0.9265545888829483,0.22022651821888536,0.6019867807607313,1.2125254870883189,0.00882679268366343,0.8850738249912273,-0.5479292330700986,-1.3250522962965496,0.025503465069520188,0.009820222344827266,0.5497071420790349
-0.919470348568602,-0.3559906292101231,0.8136979954159191,0.9803510367321885,1.3400847091062198,0.34445801113234653,-0.2417669115120054,0.6463772844465656,0.00084209239539806,-0.6542716962860379,-0.40728925374287456,-0.8895553790289072,-0.25248157134651955,-0.1435936206677984,-1.5758425385038846,-1.5397459999126626,0.6241267067715939,0.5697813803835493,0.07425680697500905,-1.4880308152375314,-0.24159741078151617,-0.02054357655359457,0.11774278695429688,-0.24372228003879623,0.5075323826696325,-0.13494784571990642,-0.2521601627452415,0.03173194355700589,0.4773588412628726,-0.32137698807162574
0.857114215935628,0.8127659040633284,-1.0803833051091283,-1.3646262085827883,-1.670073338722116,0.8342853895734836,2.6499315252612266,-0.8656807151496564,0.7877955929725738,1.9695625614450423,-0.9790467557817351,0.1419644843962889,0.8710820470949744,0.05431317866747204,0.11340973663406384,1.9439489326594226,-0.32426325814380313,-0.537745120479793,0.008483244326566441,0.5240930235392055,0.45888603933093614,0.12731138646014006,-0.14746184473052928,0.2140339500947421,1.1952185247365938,-0.8147255381071165,-0.8709149739598326,0.05366115440673958,-0.006127229746513592,0.5731992919260468
-1.0627055970396602,0.5978934815978683,0.3487148328333793,0.12479993690624414,1.7207880382792475,-0.0059505367107296194,-0.5138135795930945,0.2740835495602473,-0.03536024013916747,-0.9506856447021269,0.8855879301309655,1.0084569954534297,-0.3720640175339663,-2.057509513749051,1.155036757614928,-0.3317220433724433,0.6347734462729366,-0.6461672152379052,0.18864895081283845,-0.8137480490037978,-0.3674801174851849,0.03752371339742742,-0.0919678893031555,-0.1093358553556781,0.7977496250208062,1.16932303087049,0.0932865952499561,-0.13670050236542436,-0.007411148798332562,-0.34259570406247514
-0.4677802457011807,0.4929968426316532,-0.09779093254113931,0.6714134261804899,0.675307567950521,-0.3335188629260055,0.5545470834427458,-0.4868072685911211,0.3405209695715478,0.15816532839554484,0.009279267301241062,1.7122136657485867,1.0961330940509915,0.042773460160603585,0.3110041428138826,1.2939821159015217,0.20545123662358747,-0.4070694815180288,-0.23790133958442902,-1.2634695912782132,-0.0984781195073163,0.22493312934584797,0.5999175446057768,0.044850110709788685,-0.5041037825487042,0.26742168862023313,-0.8354111088988752,0.19148488116689225,0.09197143241665558,-0.13922308594717206
-1.3133567529571855,-0.7089353855105035,0.19577569149899593,0.415705565573956,-0.30871356994301236,-0.051661175942121954,-0.08784985587936822,1.3075867306510907,-0.2691513880254405,0.23646256169284743,0.3261134741455803,1.2349442457477058,0.1593897403693793,-1.4145018724709413,0.02780741670386655,-0.9680522712853239,-0.39188323131186537,-0.4285443533126886,-0.5729048883893628,-0.69975446626926,-0.49360241444025105,-0.10385160881891257,0.869368058405401,0.46359359173920356,0.4295262206079073,-0.9739772710751563,0.41518120870081154,-1.2787140119658105,-1.5135101185834838,0.2767754249260601
1.4422897995525403,0.8937405566588024,0.07706904626524656,-0.08322113363630362,2.465145356499216,0.15231222650765272,0.7942148868953656,-0.37619260334143384,0.27541612576749,-0.7016349172279854,1.4238638697721695,0.13916936845912362,0.24952670877118116,0.06991601023551083,0.15686229059561627,-0.7448503256976629,2.0951326482625334,-1.791248418804219,0.5500549400812453,-1.54357278115253,-0.12445246562381106,-0.12816916955736238,-0.7219118824235934,0.5535936871653376,0.30757301857428404,-1.0778070438960323,-0.8256230053834482,-0.0336782015227789,-0.06421750714392953,-0.08015369049144275
1.5998233034943201,-1.5743854957721455,0.505732584210495,1.1926232954815013,0.4092857422734061,-1.865986779310298,1.1228691616625328,-1.7784674171248178,0.8034766461321133,0.4066759292456594,0.8889313299494543,-0.6818387542704382,0.822543415008186,-0.4967938405017577,-0.6458290479777976,-2.1155625742374315,-2.050709387398633,1.0959531998261918,2.7521474104686607,0.3596845382456402,-0.6663596318344227,0.6300098976642985,0.03237741023713488,-0.30730777996024794,-0.017681071819406518,1.1525622208471094,-0.37150554408186387,0.5189082383802043,-0.2538946197731844,-0.15226541701673552
-0.30163409597512225,-0.5759757744990401,0.4988944762546191,0.8070966091773123,0.19842386718050734,-0.33637179323665334,-0.48246230775112103,0.36211870294086623,0.3465803566132332,-0.21470951508377475,-0.6889555194864222,-0.9725176589526704,0.2545529398576186,-0.12643797792208616,0.16709507352308792,-0.4843347033917392,-0.3224005267418479,0.2718910945567655,-0.5433001275856768,0.4475910667532701,0.2208983982586461,-0.12481383594642158,-0.43106835909138747,0.07739658339877811,0.6857107725593196,0.05741913068028081,0.49287825694495374,0.4315435133657537,0.2613505516868873,-0.07317384970497912
-0.5793024268100787,-0.3835054339644762,0.7496834289397649,-0.33396191413473325,-0.8466663435275105,1.754960906241407,2.5746919498477543,-0.12059906126157283,0.1358102725881363,-0.22642314871297897,-0.06438818781417663,0.0045390023195329525,-0.2667195793303991,-0.10252931052241349,-0.3157384577803829,1.1963575857416349,0.8035043105805932,-0.5076936525208409,0.38425568795296455,0.2889764075448888,0.2470134145050156,0.562558026254897,-1.7757849982081215,0.11820490997799486,1.515640059759507,0.12368188818899739,0.2050263842106533,0.9611315532060786,0.48482884174505897,-0.32979268181987614
-1.0099768316513142,0.606101901958313,0.009765903637352281,-0.139199284326679,-0.05157035340968316,-0.052171449712231345,-0.6314391358514005,0.3027375780425594,-0.1750890849521102,-0.3646285321960098,0.017311892343391602,1.251176242479802,0.9288108156990481,0.1711442130236281,0.6513097075650015,0.1035258478564693,0.36543940624292776,-0.6500609641407633,-0.48617344442928884,0.8258407833810153,0.08386004006066738,-0.4336178843418582,-1.5187065510839761,0.07716722397157194,0.07536440263375799,0.40223813382316476,1.4534754139163721,-0.2976470454709265,-0.013043507195361091,-0.1126598061541162
0.2445213589418679,0.9714890893028709,0.4292749101997219,-0.3358203906847895,2.9110249117749762,0.44410784902621453,0.014303847820532354,0.20589332854387488,-0.2582996572113349,0.28186860736367725,0.8840196164492103,-0.2549177123996058,-1.675805084534688,3.369395674895216,1.1643035499457477,-2.71887215520412,0.22721190117714385,0.2209244117923821,-0.6348177247308574,-1.9802810295253872,-0.29143772759967906,0.025169748933076472,0.7988080289805152,-0.0018595626699439902,-0.13644441285421885,0.5359487018157486,0.3041347418335481,-0.11510676503050506,-0.1750152922194845,-0.29118419106960874
1.576870286612013,-0.13164280355875307,0.13398849283850023,0.349416130305143,-0.42591538917651267,-0.6486265608530344,-0.06425172492892492,0.08566988736840783,0.4581346555319742,0.8770844552911695,-1.2455715198957398,0.34021621847241434,1.7412795259525868,0.16110569968393737,-0.009548595451636858,-1.7249619289965652,-0.7594244916443437,0.03424009871592328,0.1894533159593034,1.5143473346711476,-0.0798785678168744,-0.1256795358567725,-0.28415938222015413,0.7075967630069695,0.058370071828702595,-1.5692076609008538,-2.3589562765943217,0.11635163556410136,0.11305288208103266,0.04524413483793808
-1.3161363843594465,-0.21450572764854525,0.5511812725059626,1.0926716402033332,0.7700375236452585,0.31760787900938814,-0.13731997134540944,0.60693652926926,-0.12912297336971285,-0.46056398516831726,0.21441335761190758,-0.08591527774364313,0.04190498092673666,0.3868634948631533,0.026729732659484095,1.6783384727893225,-0.7732394269954226,0.034091969254963925,-0.46883099420518043,0.37264419815104344,0.41375539319396615,0.018390674269973577,0.4885827937432707,-0.11217549859050846,0.13290938084031878,-0.5779224963994265,-0.697853707270747,0.6365230649215842,-0.019370280977785162,-0.27231867854390995
0.843489810501818,-0.37193951707864875,0.6097745884088619,0.3243211018311831,-0.329630365058458,0.8715377468176232,-0.48988118021822413,0.7806450623012923,-0.02649621325154217,-0.7002547069803347,-1.096521077651279,0.8791871101238631,-0.11628144266659571,-0.563366538438676,-0.6573071377221839,0.4010188688957763,0.30692511285720936,0.41737402859445083,1.6267231828786872,0.5406610816353763,0.09064301687542406,0.3271198923420736,0.8847629796551965,-1.0533275247273155,-0.8934115001659406,1.8946373149527629,0.23977590551267694,0.0661769866801519,0.20041948663434728,-0.311804634993047
0.03895498205647086,1.0413378047173272,-0.07851030954802211,-0.7514156889450655,0.25166136401829897,0.15611844745444883,-0.2977676742666852,-0.05053417611963243,-0.254144950185412,2.0711996912441286,-0.5693126443719075,-0.0196932263725999,-1.5066040878771756,2.5863107849067934,1.3277263428650572,-1.2969592863987884,-0.826029499565493,0.7286667912616821,-0.36045874002048156,0.057858616710891285,-0.22602347735902642,-0.08367546341830341,0.5471142318384612,0.0819384805509377,1.0434118434888453,0.43902203173947935,0.26570454608466704,-0.1241245665864981,-0.18256472806293123,-0.28891075721344633
-0.3396013339923698,-0.46487736626581383,0.8190156527842821,0.439347360111943,-0.23189392983377238,0.23155010712667096,-0.3454696047694136,0.6572496952164975,-0.10377891347299469,0.5777640175968852,0.6143522276110496,-1.164579327120956,-1.3225332489924375,-1.3390701883706735,-0.6200393070367889,1.33646668807122,0.6943758504439028,-0.45950822136118014,0.3543747875806829,0.2458136812052716,0.6142841542304248,-0.680238686976271,-1.4309938099387471,-0.18216193141196144,-1.1396960643555105,0.09307595336736701,0.25701083876962366,0.9766331952229553,0.19422106430032618,-0.2580798033395241
-1.0986934005734794,0.5500068271478918,-0.7498143505701157,0.7748953748131728,-0.32866922513886887,-1.2243578174370844,0.1988255250720884,-1.046850285475748,0.2988694806150123,-0.08141943508493553,0.5192405532004085,1.221421121674526,-0.14010390824917987,-1.1637606507957285,-0.3328939789612302,-0.4435778620131733,1.066540011201294,0.7627252701541348,-1.3745323082171519,0.6320219708874171,0.17693318692299095,0.3391266473488894,0.7886205760391142,-0.05295380519562808,0.3766007545892389,0.30302022864671174,-0.4193916714860739,0.10534946722236192,0.08602225135219393,0.03319892388072657
0.6312481066882638,-1.4693544598832429,-1.9577419816333592,-0.6068111719848893,-0.5018337526238494,0.4989519914561537,-1.1589244569701909,0.06113628903430683,0.3135083259032392,-1.4579440032776725,0.1720131892085196,0.0071259714299309355,0.17961554815705347,0.1474497388714968,0.9287393118326149,-0.6110603100011243,-1.0877052795673683,-0.6220748503598843,2.561931401851842,-1.16889902309234,1.336796021185381,0.6372533737123799,0.34337466435509095,1.1353280266600336,-0.5506017116093155,-1.015984968531415,1.3160074427416089,0.4812356664136542,-0.6207511775697817,1.09513184353555
0.7074142186729474,0.3261378787810574,-1.880640975207907,-2.4865091565310133,0.02591705141338077,-0.07286430822852207,-0.527965061185444,1.3697049944259716,-0.6797614912906892,-1.1551079518503344,0.5748757739385257,-1.5569220849166916,-0.30600287789512065,0.5966936017411781,0.8098376647239394,-0.2371445383695993,-2.241578120902706,-0.08739329820386031,1.1939442128727837,-0.8264712941783087,1.550888430744713,0.5071375746417593,-0.3715747569029923,-1.4485806582932932,0.34656060292562935,0.589370648338363,1.9359390640061056,-0.7151913781979272,0.18203274835101854,3.1439344807873417
0.8398046931124569,-0.8729562960408325,-0.15685102623178057,0.6240279379343724,-0.23004671658383785,-1.1171969713997538,0.57652516805633,1.2636109728981155,0.44163212521236334,-0.4107729038691108,-1.3058382278447789,0.21258091006939167,0.029339938397566285,-0.817149994254868,0.7375816910978826,0.4678103772172929,0.7647059394326128,-0.7994511787419961,1.2943985818242212,0.8060653640203931,1.0823327281737654,0.25613233614706465,-0.6391224348705061,1.290040097669376,-0.8671794374959875,0.9296160538850242,-0.8585258524360031,-0.5429015942206985,0.09111196320193905,1.4830115672404571
-0.12462211440386146,-0.19583293677007296,0.7731218543872678,-0.7951244444762922,-0.8478575254898302,0.7238311865226427,-0.8429922546118829,0.9431569968803178,0.162130648534955,-0.681843537801981,-0.47627569900267497,0.5380415146383613,0.35879910778080926,-0.9386718848871958,1.4126913272292192,-0.8840643556853776,-0.3444063417638528,-0.5408102299400366,0.29957261473023283,0.18694105510868053,-0.2530200246820949,0.44509769625983203,1.2758147668531217,-0.263361765549661,1.3204932509098193,-0.6198787882201822,0.07641633531516633,0.6377920506903899,0.6170824354121462,-0.34554717959503684
0.7225969023171157,-0.25048202923229496,0.6520053399244831,-0.4865752491417846,-0.3545711502022892,1.1850546923752738,0.6712116922884708,1.0142283489132031,0.1680169281692729,0.016056241677014714,-1.7381822115861578,0.020557642110011445,-0.01566188040516723,-0.2635176346105204,-2.140807166328105,0.23926566753392814,-1.0294269869368289,2.7209109112951495,-0.995597488640662,-1.5819143760099572,-0.2552185622177658,0.03413704589430904,0.48848173660787586,-0.14946084243765392,-0.8397113935793264,-0.7362100477282519,-0.6619532242979059,0.34696103506143705,0.6205379008236845,-0.045174716950136466
-0.07277777718896211,0.07584073213292025,0.29060056399977574,0.7136786534017764,-0.5549555278619868,0.16226283159226906,0.09745761112172527,0.023745471744337696,0.13387467385015395,1.5047416349470863,-0.9927772354558215,1.7367000693766643,-1.5105378672291585,1.8178293642181051,1.4512853097219505,-1.243617266804645,0.4245036957446525,-0.1340942098150188,0.62799002527426,-0.21981536705672006,-0.23916224204128664,-0.30582474170826596,-0.5121054439586545,0.27634178387962743,1.0175640542217894,-1.4688008120965734,-0.9266046912704495,0.053043983479979614,0.01910104536513425,-0.35077208898376105
-0.9564899849714423,-0.7956264083917179,0.9761670580566195,1.155256325016422,1.5157682635666139,-0.17052954496334596,0.15310592388954503,-0.24513268142878497,-1.9626324787781406,-0.3076642183049341,0.4985549842508721,-0.9999192875393182,-0.2655428749218518,-1.074794643379208,-0.12871892353748443,-1.1702622779272924,-0.06917008168499482,0.23956492907624252,-0.4046171511968949,-0.7192777977540382,-1.0659135898821475,3.1190788936601574,-0.8407581278015557,0.47179905826560664,1.0835338657547964,0.31720955048044497,0.04639465952945573,-0.13969253998606135,0.18275907827964902,-0.34865819434557493
-0.3063089306061976,0.604644014905786,-0.1349541338656728,0.5409807586821131,0.0457193324835226,-0.7492515271633933,-0.5267939160509294,-0.4068041951912447,0.05303194250306297,0.2881127107286528,0.04271265530485401,1.3936189973605408,0.4075518331377575,-0.8922947660901925,0.4518624034888799,0.7663737851710938,0.7972169829745858,-0.6657548046304653,0.5038224522292652,0.02174785267431581,-0.11835509954241862,0.1882007104809734,0.4555666016661167,-0.005853571868066271,0.9725624260080223,0.2725832009805848,2.1635962112077416,-0.17814021544545566,0.006089441484928887,-0.2879136371010944
-1.0717393990970085,-0.48486729968726755,0.1801077779494726,0.6323506370741236,0.03814259822434458,-1.0252960582697968,-0.2874117364911504,0.8070436338816589,0.19230762453550942,-0.6166499915785855,-0.8041109893632957,-0.39985624646195217,0.25783385316989493,0.7594416963646264,0.35301065203998405,1.37462521481755,0.31792107548468607,-0.04740280859299601,-0.20415546753090624,0.9015143692304857,0.7545583116950395,0.12037954080309705,-0.46719413043022945,1.256636852383074,0.6747168500332374,-1.5235462381225557,1.5127892432576124,-0.3023724531477737,0.35408067420318656,0.7483733532640369
1.0193225545084832,0.08186988782377246,0.5115785062081765,-0.2675195581397623,-0.7849460741509038,1.0638924928414661,0.07410199817917792,0.8841090345374846,-0.20998823280412576,-0.05278957014814848,0.013000466610038848,0.2957142333301525,0.7101040616995502,0.8604479884016897,0.049786729154319066,-0.32046310028668124,0.1219590392201862,-1.5708156164474405,0.7699923383616484,0.08859996011616318,0.13103082907990848,0.3167340028529543,1.3500321963654083,-0.6074328971069423,-0.26499135280906877,0.3672702461621621,-0.42028107417850025,-0.09238537643624478,-0.5519535720517481,-0.34813969188715194
1.6095730712158873,0.00032489450806386176,0.7866248539368809,-0.6968380248163206,0.37173471725297474,1.2756561139464413,-0.6146579165037301,1.2068121635664373,-0.28227684274801246,-0.5467210975403911,-0.8539866657350549,-0.6497713642720198,0.20163407619876444,0.6823714058019907,-1.4411288686300854,-0.9359303688216343,-0.23527085986325383,0.9092280735490496,0.07764038464638967,-0.7472128550856355,-0.20445240461069253,0.05473993836486474,0.3911088429491899,-0.26281636986247625,0.8229108753101383,0.6274921365751012,-1.245823328877048,-0.18851884828688598,0.07422988484759442,-0.31395841443572725
-0.3739255702475631,-0.6860354439582969,0.6874526761009915,1.3626282334157511,-0.034833789888496725,-0.44134373489432,0.10209832372752806,-0.16322643279410787,0.3699677724829358,0.06218859904944245,-0.6914806334385796,-1.2000619316249144,0.709957973671925,1.3516763455888088,-0.6041007083750095,-0.05615104077355405,0.23662350737573873,-0.23701311736002625,-0.062170263988038994,0.5305126268065825,-0.0895887060710117,0.03835888308724917,0.009429651442536732,-0.4193062460441304,-0.07049346892607687,0.46297984118864194,0.9259298644083449,-1.1806233061055946,0.030483305163043328,-0.3255648925435039
-0.9108155871570164,0.5528401759097763,-0.29127841965760476,0.7800105479194729,0.16279092975827233,-0.948985007549877,-0.22956430758168503,-0.606046982084449,0.13874484582456717,0.6299211958479511,-0.0924520648374776,1.2182821512942128,0.8515662262336371,-0.3876284766107333,-0.05147454823393935,0.03121567083243581,0.6027510293775159,-0.4806769164577583,0.4419439090314445,0.1754449502601848,0.006465753779095487,0.21404873432573743,0.6316690780357593,-0.0766335748629532,1.0223442126704347,0.24275150532948492,2.231504014363503,-0.12270191505077452,0.04123248330800154,-0.15226541701673552
-1.1652150339048633,0.4182644019765936,-0.34491854965630486,0.7400156329487647,1.1999150700534502,-0.5550787477645999,0.7206051578537124,-0.39441360376668044,0.3379980243096761,0.8944649165651427,-0.275154027591187,0.5777040220414352,1.666837470962226,-0.35585724146512654,-0.5396125552930956,-2.6105589263794835,-1.067547438831649,0.6250838532713504,-0.9928568195671027,0.5259840598237371,0.03828912698396897,-0.40347010118057036,-0.919900730287557,-0.04357808482847195,0.029889936865986136,0.6797986325277425,-1.1172521934606818,0.16377052953668889,0.11547911781963605,0.13797630528666913
-0.9476035876096685,0.662027965070757,-0.06138346336653965,-0.17914464309431977,-0.6622585054799841,-0.16665043297111173,-0.6611145454084203,0.12790470798774584,-0.14432035153902434,0.8619040423306028,-0.7620855950417367,0.9882728162477407,1.3126933514970072,-0.192254353999289,0.5140309559067915,0.006127695504617419,-0.9466436043766917,-0.2635518438398215,0.3664311838911651,1.5250245156077407,-0.16195696476981986,0.012989302298571155,0.35665391863257073,-0.3927814227677765,0.08225063323623974,1.8708904882758972,-1.1351043995518872,0.0794801092129877,-0.0073699337240418815,-0.3477009590377171
1.5472630006152022,-0.6783807608258922,1.2035898187499359,-0.5222141749011301,0.5340678033165979,0.5471799755828797,0.09946625041763714,0.12521713729922548,-1.7520899157302223,-0.8462697739249773,0.13953905038788283,0.18599879188454993,1.1192991494392437,0.3008474974176537,0.9912375925463071,-1.2311124177077004,-0.8823174722429068,0.14585469303819545,0.3067256781626988,1.4033158386809845,-0.72407097220724,3.337024230951076,-0.07849631951163381,-0.12257167932361715,-0.7665575402391784,0.2509595961261027,-0.7209087742394703,1.1897381959759468,0.38826455034349305,-0.2755892325124243
-0.7985984981975531,0.5043371174720007,-0.19167806811347043,0.7192820337194235,0.9435121624436059,-0.76576103112906,-0.19573566459877476,-0.3506632690426041,0.06141226856716984,0.7504825009455682,-0.15941001870135196,-0.7902800414190257,0.059856721887251885,-0.4855810518762011,-0.09571284559166009,0.7533942650192439,0.36078852970239966,-0.45173865838172106,0.18347841912137497,-0.43416672725331035,0.03343178452970812,0.030765875883925115,-0.03905212751062227,-0.1265747253979798,0.5328885818006247,0.6551349183264461,-0.8690621412525164,0.11401876314501179,0.1618984290277616,0.05166558836148461
1.2043575630817247,-0.7852180078253399,-0.20085770697727526,0.04073655313204649,-0.2768592980391596,0.7316281335524443,-0.16975531800388155,1.3511484535386935,-0.08360320093119664,-0.5398441902872614,-1.4589128677814516,-1.0537445232390403,-0.6995374273846519,-0.1505470585255769,-1.0667556881315154,0.1432991003554444,0.3422875661522543,0.5891996729325725,0.6220624274686137,-0.16677605159215692,1.068030643825225,0.3521814080033431,0.1084501786117546,0.328272593557605,0.32882647212576044,2.040744501230594,1.579181583326477,-0.39106198713343343,0.29424005856662194,0.8448546953352112
-1.4525278433931195,-0.13167374464081746,0.5925862207976906,0.1357287818312356,0.021540405554369774,0.11905065066181458,-0.004574273026559317,0.27903100374558404,0.400014877417598,-0.8122598864473323,-0.2763946959590149,0.15825217995521196,0.25147387430499846,-0.1649060926984307,0.9056412000264485,0.4728315379883176,0.6721747354176136,-0.7052170286387277,0.381794370321102,1.8899406316702783,-0.014445260532928633,-0.503094795766452,-1.8768182222117131,0.36221265536527436,-1.4597898192126972,-1.2007528379559338,0.06680068019171835,-0.31502769171768735,-0.13047768770060067,-0.19653755000516196
-0.8719007475253616,0.6695103628423652,0.21861547208497262,-0.18615088051606857,0.21364842798817127,0.442611193061924,0.172724441946623,0.052824129718729004,-0.03970106306476188,-0.062254588605966006,-0.3330281807987276,-0.8633674448346581,0.5327417894347432,1.7323808091903832,-0.6233006228008525,1.4294880910276309,0.6130767315642313,-0.3659544591769877,-0.5329838320857898,-0.04705364086075464,0.02029840615548269,-0.4594772961140143,-1.19849057875541,-0.0473396529282772,-2.202786232285113,0.7169848777866481,0.4285762779500621,-0.00021512782409178357,0.04838387189678075,-0.3437922481972974
0.6672148524084296,1.0719014151725252,-0.6176466199195949,-0.1854551209798339,-0.4533891986897349,-1.076023414412627,-0.8347284042192016,-0.7784481386407923,-0.15090099995370498,0.12732651108897514,0.6823516652462663,-0.4768690316363642,-0.4655990979181048,-0.0877070130266485,-0.4299326862720066,0.18147341652001295,1.1878857121260442,0.35995856944230376,-1.5018593502926407,0.34323701479275165,-0.034726322263134914,0.48674993945585526,1.4802536462842193,0.2805651656553045,0.8139384528952478,-0.4219095225787409,-0.24307889625578352,0.01616702227425893,-0.12628703588582396,-0.23602350645429906
1.284861584679028,-0.04938435839951939,-2.3973325175391467,-0.6995023573786009,0.7177295534852141,-1.0017115696415597,1.5130195254039052,-0.1062065020703906,0.3719224942942762,1.6081008408967405,-0.7106832817178593,-0.47524177478976976,0.24130337410194144,-0.44197499555638936,0.0484906711214256,2.3247937428542174,-0.17324730184885836,0.18918466425261898,-0.6103713310121,-2.3267780023324818,2.195718922224061,1.2390817856274279,0.8688856220540871,-0.8733603817954011,-0.5100579394635049,-1.8282291777245072,-0.6333066351972542,-0.17494674652466996,0.4376278618370832,3.636791009920662
-0.40744960958392373,-0.47599154343819694,0.8062826533437392,0.4859512482658364,0.2847731207679993,-0.24223411598835387,-0.4002435360221269,0.050785044240125435,0.4392976955922628,-0.1751921393869584,-0.2752244765119321,-0.46038845391656996,-0.9996828109685967,-1.909429054348898,0.360536618912363,1.8160199647831183,0.004620240696094699,0.9354106149265156,-0.2432330903483482,0.27996603446187557,-0.14854345809023387,-0.17207679263105433,-0.7577881212069141,0.2565294721775759,-0.03994355079248924,-1.5702745380262255,0.2447675025648567,-0.03424528118419579,0.49250070365131776,-0.33382104707377797
-1.4454734758191994,-0.3690884289910081,0.6801692332953149,1.0224214939814842,-0.03480635959535549,-0.10847724509952418,-0.4746569240773487,0.4977888095637167,0.07138847777849285,-0.14622853654108917,-0.03540871383639876,0.05585973776618791,-0.10647518684401049,-0.5236727742938445,0.22333261113036632,1.2508013741137978,-0.20968092346524378,0.023965890278691455,-1.0301057251505634,-0.6069568188869412,0.193419728443509,-0.2956059853794333,-0.6599511645318338,0.1401686135247658,0.6013465925243877,-0.5155025114493191,0.18206396737018138,0.9649624264646603,0.538971356609929,-0.3153144977885258
0.6575914315687833,-0.7811689813553798,-1.624085983167981,-0.37413533042475616,-2.0147994781261147,1.016794690600257,0.6353109960636122,-0.13990013566262346,0.3964444654612774,-2.0049909213943393,0.7412856114915213,0.3524480958409219,-0.29235599648954524,0.28271134985693047,-0.1303158731300228,-1.3911074947641375,-1.3264659678466657,0.7974865827951834,-1.1004026677301715,-1.4415481507511845,0.7637915479738484,0.06752848517365498,-0.20657607479888834,1.6252950364289327,-1.7075576753434363,-1.3357827065818746,-0.966039780226153,0.8349249847961896,0.9189022609680816,0.7650850863470554
1.3602696153721856,0.8930280309405245,-1.244456706869208,-1.1354117338380871,-0.9320722957962296,-0.9427140870147207,-1.0627453110940608,-0.102502856021712,-0.46747606131426794,-1.6041350679075352,1.4122462898213681,-0.7439415860351418,-0.9069755438330801,0.3299481359575463,0.11380409520274525,0.14891262332994512,-0.6962980746381122,0.5708482802049897,-0.42201793055270675,-0.23984925798434714,0.2157019705753204,-0.17383782386990576,-0.8947958612549369,0.04804477066292097,0.02186721810081124,-0.5659259788146946,-0.7216589402340585,-0.19976019749751303,-0.013385019888290052,0.9245844195188729
-1.327528661545986,0.6750936644072092,-0.3435782199791324,-0.12434673883020726,-0.21417635405265983,-0.030337643918716337,0.635071877219958,-0.4020216961270406,0.13159054199537784,-0.7948218658916837,0.6841895507825593,-0.1571935902633154,0.6118114284114822,0.6233800417324339,-0.07255694014039865,-0.8936534073331145,-1.8330541912003222,-0.18098621042358215,1.3189714590943018,-0.13644777119499435,-0.5795058137326339,-0.7006453220552725,-1.1610399427321063,-0.2372553504674603,-2.1949245308551775,1.0614079536111307,0.9605456207706665,0.011104375971389756,-0.03213381518809297,-0.24001198690370684
-1.9189163001906788,0.6177839725056209,-0.3571219532433973,0.31312587637149253,-0.6184966697420077,-0.01986079302223941,1.163755851559241,-0.8926438623199425,0.4249420816401129,0.26143651245627925,0.2081566385217814,3.0322234867500857,-2.2192028221996343,1.5164713964656742,1.6946072059631505,0.5608981162278047,0.2805532913635306,2.1242615300635777,-3.124907528638861,-0.8947795868463156,-0.14296778574856542,-0.1383930654303895,-0.07191172862245591,0.361926619068022,-2.363914319595741,-0.18911022008204728,-0.803803139123475,0.1233528072102346,-0.04055467062063086,-0.3317470372400859
-1.016294175747362,-0.2745396887100716,0.3240698980317875,0.6173660251387809,-0.6379033283188238,-0.03946203938109144,-0.8544215105766609,1.9784970474894543,-0.8659010016930077,-0.45739844622100323,-0.3121881134003573,0.17254373970143333,0.3653447481288134,0.9569465984607421,-0.33703965465553565,-0.006288940066257427,-0.20508497638840278,-0.7482903324433061,-1.047592616493489,-0.7397674942433925,0.09271393117308573,0.0029726277042135675,0.5331407583275285,-0.1704645513071839,1.3571551145530303,-0.5591680697621234,1.5589363897081743,-0.8420296464235316,-1.1497188976640933,0.4690999521965036
0.7351473592545974,-1.476821035596343,-0.8812764718117031,1.3937376925405494,0.26183530336663424,-0.012399051248286901,0.3471261273714959,-0.9755021993066038,0.4058328425822319,1.4623912063667721,-0.5034375804097954,-1.4613926674636875,0.31963443565542055,0.282464594516767,-1.109425240164201,0.29896961251508636,-0.4205829128392128,0.24188081649514584,0.5287580686266258,1.5615862768260216,-0.3728508586452089,0.08534474627678981,0.9533751108333466,-0.8699615439242828,1.1994751968165478,0.6100377321295612,0.7000249627760654,-1.9347678377679245,0.8482634992918098,-0.2545300557395512
-0.1624630055391881,0.9550207340933172,-0.48225743201934057,-1.6803381618554063,-0.49977207759451886,0.19748274858959183,-0.9272453552517125,0.5454436296691719,-0.34591005557689697,0.8543227053219682,-0.28461725206588134,-1.1590437630419081,-0.6768234027152846,-1.9701969034765068,1.032072353233851,0.3309519950083233,-0.9156230190617325,0.14660157929303433,-0.6063086662427625,0.728027439198844,0.014565668564659491,0.2096200414484396,0.29166422617481974,-0.2197306796700561,0.961924249748143,0.5289828561675081,1.7687984267596426,-0.4151576283147548,-0.19187804851325144,0.28646743241812106
0.72009102249235,0.9945081560849252,-0.19120145650358222,-0.24774705465612118,0.17015573804422918,-0.2780597970878795,-0.014862713718550679,-0.4680431022557885,0.1053767303780955,0.854595954304012,-0.012630266110831265,0.9595080004749766,1.4238600107942874,0.46693935761126315,0.0632176674657926,-0.06189809374457118,0.44141684974911416,-0.982956283019028,0.3223099921081203,0.256541660846849,-0.2047173752255506,-0.17299972389973026,-0.3675575522482992,0.6296077863609434,1.206707270369519,-0.8230430264495971,-1.4103459221358552,0.07249308000666707,-0.0997043103918379,-0.32241399298847173
0.5965658876009611,1.0342801618718584,-0.7417692651585772,-0.5867157998420454,-0.8374076946540607,-0.391281491720552,0.3415439385159275,-0.8518103623911906,0.0478232246035003,-0.2818331515087808,0.784980224424241,0.39440770528966707,0.5867985244045396,1.855492362432519,-0.6410796394496465,-0.18108373884628567,2.059402171128094,-0.8225435060283073,-0.35555779101843177,1.0704379429650777,0.4058977140490368,0.6170144423679946,1.6120155541672507,-0.06599087868990398,-0.11236909528213936,-0.15068101074630963,-0.16478889645973702,-0.0005973164604885039,-0.1187075941857597,0.03319892388072657
-0.9776530876932027,-1.0433807616356647,0.4153460548332323,0.6559244555025427,-0.6894527071720216,-2.232629522236098,1.1697229819651596,0.5342976750606863,-1.8494187801302762,-0.2476634548192301,-1.7435554621379463,0.6838650938829973,1.3077469995385667,0.155125702219102,0.17548343494416183,-1.3106063017500658,1.164536077522522,-0.4853936251190507,0.33014038838030063,-0.48035511970330985,0.9025872327440487,-1.7385632597329892,0.7046094795571806,0.7394355665353228,0.6429153300290898,-0.15104843829621656,1.7127990335665435,0.7343091265440461,-0.007920202728018312,1.6425507852167687
0.7254186493466838,1.0299321852391135,-0.14778794628145564,-1.4557137453927989,0.18209581966675945,0.3377475094311437,-0.8268331775829,0.4806079885518304,-0.30236498131694384,0.37560329152550337,0.15007734240413437,-1.0998461395285888,-0.6699998846035523,-1.7610017460798169,0.950479318154641,-0.05229247770447519,-0.6566545638110349,0.04066483852747695,-0.7490038501089721,0.14272031556967674,-0.26313392950273473,0.1440184927442433,0.3788865697812983,-0.032716057208128556,1.1914101605126204,0.5529430944031819,1.6585533227822107,-0.35829467089184186,-0.22832779639238374,-0.11636909297206544
-1.3184738016749842,0.32224202751294767,-0.3646280734394192,0.046341686650537006,0.8613487576383786,-0.30536617726004006,-0.15164661077452626,0.29617047534309393,-0.005619850841852659,-0.24362221174306956,0.025768735986156623,1.6154011172226705,0.832292763361662,-0.4892708004880333,0.7994288460289046,0.5810039201625206,-0.05968489974940587,-0.3489513513268629,-0.08289954018784758,-0.7357734620656659,0.4462726176314966,0.37523962649194337,0.30161439288614894,-0.4550644582167136,0.3960208840679863,0.8589503230574267,-0.7383424466566241,-0.06384821675067097,0.16502922778159615,0.7219696126889573
-1.0115351098616727,-0.31144861454902717,0.3926679312938268,0.5618478365928403,-0.37117836743628285,-1.135842770338699,0.5357611444800969,-2.092942652888068,-4.279748902488766,0.9385150531912536,-2.11338455216124,-0.3965859467588801,0.8358226842867694,-1.5538347766187892,0.9718364770562707,1.2837072723677165,-1.2131193295878338,1.1940056681157978,-0.13649750312359152,0.545786752084151,1.5198184889301942,-3.210551408487978,2.1176972874549325,-0.053541601366318255,0.6805877175722715,1.395935431877687,-0.8208208402132445,0.45582124226692317,0.8535239283768281,-0.11297888459006881
-1.2569639279931317,-0.7871915125293171,0.2522538045984434,0.8031580878295057,0.1140304325069198,0.22477292268977123,0.05430634998516015,1.2406161845077517,-0.36437746235084956,-0.015219638095915393,0.0004855453172693483,0.5363241441945555,0.6190450516891295,-0.213145398970402,-0.36569539519945266,-1.7792284388147797,0.05953787778782933,-1.0444210724629641,0.0935924574285743,-0.22872463645648,-0.856327331863747,-0.23796511990048208,0.25715134142473667,0.027925361356624608,0.0499063817144473,0.5312996601125678,-1.21795460873666,-0.8779035570330498,-0.5582470901007635,0.17371309011336286
-0.2576232654393222,-0.4516223685229552,0.6681284874959482,0.27754333260649244,0.26920718842203334,0.7935588914491765,1.58351141072339,0.1186791185218411,0.8022491244479983,-1.015852280343105,-0.3638641738568617,1.339853289134086,1.2530137000411643,0.9428989126235298,0.7493612055448294,1.4685667526394668,-1.2128443472795756,0.6601197625828247,-1.3422627645178444,-0.624408421221137,-0.24311479840484154,0.45233091906150935,1.4120481939841778,-0.06727113687376665,-3.045494587783664,-0.8223191511765447,-0.37493510187533147,0.014914259351109082,0.16326626284180493,-0.22445691315101648
0.8055646881118774,-0.042497108533318825,0.21100649964202348,0.4343348932693729,-0.6795582066070315,0.3987493776030829,0.07919833186665114,0.3714821795582788,-0.04720780573488952,0.7509875001473323,-0.1304778158841517,-1.6476054700896277,-0.7164470144955911,-0.6245654269534127,-0.38170996309645044,0.33345907742494174,0.7096288256010287,-1.1643332546052167,-0.0423890532190813,0.06457343729092399,0.029519453846571318,-0.47194610864847747,-1.0274219880928313,0.3556218447436529,-0.02170515336269503,-1.4410998173052791,0.31612645214319585,-0.02349455599526234,-0.39964094237890085,-0.295930482804404
0.6485365716977814,-0.2012137393052744,0.024912718432132358,0.5959783819354734,-0.6527582522553003,0.45094843359384557,-0.15498855377926307,0.1594766416920236,0.10110592884702833,0.707575148171246,-0.9368924538734423,-1.5546942033842739,0.165255635723486,0.2970933837366511,-0.38587494125573407,-0.3770861865406959,0.4117707765086417,-1.1726852254009794,0.5061219757629704,-1.031103006932189,-0.08557295256655768,0.48323801817978995,1.4380699865824307,0.030784064786232496,0.8146107107048906,-1.4202412934703672,-1.0034158189264364,0.5937211139596243,0.7861894136794542,-0.237020626566651
1.5260367244524813,1.0377752475125035,-0.8970213144677048,-1.871934190344585,-1.2980636399232388,0.36857639333223674,0.2159315297818756,-0.03133142930882893,-0.1721739611634598,-2.238896762582508,1.5722492462443325,0.9290819808782372,0.13694552704834978,0.8996124276034743,0.43470282014540235,-0.7084605867112665,-2.2381905830317192,1.326694827126766,-1.3440110043688684,-0.7354372037950179,-0.3057967511439699,0.39808763774390477,1.6876688389658514,-0.43957070031764595,-2.551575005762215,0.9050412096107889,0.8248989841966975,-0.10826770080326434,-0.28047665166381436,0.21084584309734938
1.4319082974213684,0.9833145867508827,-0.3893897654785607,-1.2129006626352374,-0.47239631652119357,1.345696945454231,2.8045774923391886,-0.8029888417730926,0.8373028863418902,0.9584714554248284,-0.14047499655479176,-0.016065129029360865,0.556712102970775,-0.057082269426498085,0.22465785388567341,1.1493261047567858,0.10444942651140178,-0.7274484593772648,-0.4709745001916009,-0.20993039216026668,-0.12606704496369925,-0.2905283992943231,-0.8947580291943042,0.6529464788065669,1.0771393602663797,-0.7845894433375573,-1.3388799023925206,0.11120890037157699,-0.10345608027392933,-0.22198405527238363
-1.25412112314991,-0.12738513840898408,0.20526047356973182,1.3330494412128842,0.3297313705865628,-0.4247391033728921,0.26210523922397627,-0.20818656637370195,0.32386571007460074,0.2819362386594837,-0.21522838634187846,0.26263358600856374,-0.08459813396476507,-1.4558129490874674,0.028279120975479622,-0.26833444045297145,0.1758919862039674,-0.27844386613363126,0.9743200641310065,1.4384851873786548,-0.04411522627279279,0.09063300471715884,0.39493501280514104,-0.019672163426233954,0.015558565931249761,-1.6533960740419709,0.6073260237987163,0.44372283699730825,0.5215079816053919,-0.301554240238069
1.293790097668109,-1.240922937969984,-1.2505202683486094,-1.4128221753465433,-0.0349512977863371,-1.1931310073554537,0.8301875968974037,5.082708076943823,-0.8052166250696038,-1.7176779003239648,-1.6222102176442967,-1.602766798153513,-0.5379111399811191,1.0892594367584196,0.6526534170771037,-0.1836562023409612,-0.5863196913393189,-0.4875098911941973,0.20852586672226792,0.8477781904585571,3.6159888503232245,1.270404129201264,0.8786002432717662,3.1347990177733083,-1.644289778726733,3.8950583473833187,2.5794336070927524,-1.313918452831951,0.2757158304236422,4.608384847396398
-0.8848302451086063,0.723700705687884,-0.7887739950677042,0.4864328078216904,-0.9425463663960838,-1.3194044716550577,-0.2744411604216441,-1.1451153573283088,0.07306673892275234,-1.233393183131726,1.3100411525507052,-0.5623737805601645,-1.7042872507886166,-1.0791561560469114,-0.14469844773201726,1.3922899294134874,-0.4135024034139064,0.8836750407131395,0.07580691264458832,-0.9773781973801619,-0.5417805352605295,-0.055784516211845846,0.28971059417734685,0.052199116293235884,0.05779395747532909,0.3952303449887833,-0.1465520563989572,0.13377931593607592,0.07188260321499187,-0.22884424164536504
-1.170542660759197,0.6006597612202035,-0.43648151928515533,0.24648588540744618,-0.4922087256679147,-0.6537335140247004,-0.16687582870110929,-0.4117188602432048,0.006640072999212611,-1.08705001862435,0.6952797308252685,1.505780481200394,0.9135001265789521,0.762636399925975,0.23005843912685697,0.5148386330286182,-1.473521299748696,-0.08882374155322618,1.014794446466309,-1.0485759764889553,-0.4207869415197878,-0.4939463252223755,-0.9763546150511377,0.15162992260407482,0.07005767379827763,-0.025177303749376136,1.8840433455507661,-0.1268034716259367,0.030799715750682365,-0.05574419014106707
0.6913260490416788,0.8054325670271161,-0.8793051981375901,-1.756652068817359,-0.15070692108067174,-0.16582009561634395,-1.1015545483227065,0.7194684365494576,-0.5216124125392798,-1.2562595360758066,0.9914303104091007,0.6736378265404233,0.2213866797314678,-0.585116406673368,1.1256838708246124,-1.088805904077515,-2.349300956748337,0.02221913019896304,1.4232145836825045,-0.6316077153468482,-0.010861379863427117,0.19566699179096997,0.36307372992163156,-0.5915352136781059,0.2536852794776858,0.6212547547189328,1.9948805867576394,-0.46999702741840754,-0.14062545604241924,0.979465910502724
-0.4827944668361211,0.6238529890655745,-0.042337061321305575,-0.9821155407779887,-0.05641697999467452,1.5304322008733142,2.6042509774613203,-0.5147999297500244,0.7541516393946313,0.41786604490842827,-0.6640134080527939,-0.15569255722370062,0.007992991874258648,-0.24757418504909584,-1.478616097114298,-0.04588957545909963,0.4978798931817448,0.754509745384106,0.5814298151245845,0.429194165272076,0.10974606844742296,-0.3048591077850892,-0.818993575363353,-0.2320360110374782,1.5580527525120995,1.3438398103088787,0.881213194363119,0.0008364476583320583,0.11951330952103985,-0.23378995740263067
1.1637159827304835,-0.1802903663170639,0.711540244556127,0.06517844988938197,-0.3418283623961943,0.9617396682895781,-0.519862011573915,1.2552662855951535,-0.504086220783981,-0.3661243977009547,-0.8694736798200179,-0.8160110976779454,0.004062651602099587,1.4446674276868905,-1.4213366052287975,0.8327165300866949,0.04810533667876722,0.07101288264435264,0.9151626666203801,0.36301285020633606,0.16972043204756626,0.24917568241116514,1.1736599026378869,-0.8767757592887772,-1.2097927413296088,0.9265180752100418,-0.017546388120121593,-0.37031596919252224,-0.2845906612546524,-0.22748815829256638
1.2905682521791244,-0.6739912376852626,0.5818926354436862,0.6316649309223393,-0.3698663293756736,0.892474526358702,0.32462908975533866,0.7233783796674988,0.18529703968007355,-0.263670746932383,-0.29236525299054644,-0.17690066717219055,-0.31721795473296294,-1.3437565988155653,0.37920670785806593,-0.9625478845783427,0.5487889124493373,-1.321691569886712,0.8364752172086303,-0.606317684141461,-0.2571263468924277,0.020937426605694948,0.13187858863115093,-0.6305549365124703,-0.03860090964732412,2.1216990384229444,-1.1561612214343933,0.10418094046076767,0.2147663469967913,-0.3080554633706037
-0.6321154234530387,-0.24324607759746025,0.4674088087933696,0.7412007799479587,0.3727234026186822,-0.10522205697652513,0.124271961763276,1.318566549430664,-0.19449651518964559,-0.6431719436482333,0.004491094920577457,1.4624812476976907,0.01325001960164047,-1.2995953652819663,0.5717342848959324,0.25911588700953136,-0.3048277983924775,-0.3945626247146704,-0.0637287795027359,-0.42555166989256804,-0.13561179078875538,0.10710177739972454,0.44646914217511696,-0.16483822954183372,0.32884728806143937,0.2009940640178621,-0.8682374724725458,-0.5005084600165461,-0.7799827884304328,0.29879183700679113
1.5255313369247974,1.040924573349395,0.062339272725418844,-0.6555743134070355,1.9198241491395551,0.35751787010210934,0.48738371952351284,-0.20967277946532858,0.019959537337199622,-2.2704725247176274,2.2900899750309236,0.1359717322336611,0.2075008342823738,1.016939355018522,0.2766941340804341,-1.1880297277198326,-0.349949496071383,-1.289915039710187,1.9769089206394554,-2.6390440567475384,-0.7763266425492039,-0.11676030583343029,0.2711068399665433,0.18020136478467924,0.37931693781578435,0.09936940168059775,0.23880908665809286,-0.04687006754699557,-0.15971154593618322,-0.32201514494353095
-1.161445685260888,0.3440204424448221,-0.5021762192389804,0.6252505851658597,1.1354024580934965,-0.9054221910975049,-0.1363743701813079,-0.2117227672248022,0.030614338429718443,0.7080329865618842,-0.16584216855916986,-0.7949419082833847,0.018707274274526734,-0.46453620582325605,-0.08839850481256664,0.742448702575903,0.3965105245792835,-0.4496433529269767,0.38969745843367376,-0.69219576531725,0.4496585072111071,0.36801258443364776,0.47961052408265514,-0.48617175928492146,0.6793700296890386,0.7538991300705915,-0.5561591752368817,0.03917089927235395,0.24122204224506608,0.6853154773588997
0.9962853063715621,-0.8020209300568943,-0.6213360964397836,-0.05200209658943358,-1.5035158674819307,-1.4315827698929227,0.00902079442107826,1.7906489662940757,0.22524881365837848,0.1612098733662275,-1.9021264701414582,0.6068413717059071,1.093754804430722,0.1380567817791591,0.36787138140226333,-1.2346408416844494,1.075763394984505,-1.2341024843458428,0.3005120866192475,-1.0081310795471206,1.1709835732161262,0.4239477959639346,-0.3575471116706317,2.533655088803622,0.007224717938080899,-1.8161303004384337,-0.17539963071031747,-0.4539157084404801,0.5642458258219933,2.0015140256634694
0.3535587180396538,-0.618335672778671,-0.7189403017837716,0.7367125403657652,-0.1427280671094615,0.16979525317675184,-0.7612337092984032,0.2731752719111144,0.06752487743553214,0.4851384623735186,-0.8962731992178412,-1.0948882439303935,-0.4094056627753033,-0.8507022356180531,0.1738112419123792,0.8161856697052203,0.5267159684736767,-0.852098867033756,0.33419564713014227,-0.4998198019791435,0.6982068158456287,0.12184010392293207,-0.6606179268036423,1.1030196357337687,-0.21906203361851964,-0.14285251126900986,-1.2670109621253112,-0.22280610890191319,0.08955416279465837,0.5217877789331804
0.5681799547960528,0.018267107950273007,0.4178325384405319,-0.0899556912299903,0.04551507081682524,0.3874192024224036,-0.050879551151246316,0.5847241326189531,0.032259823462522284,0.503478086146275,-0.9844266190347517,0.28088997324584014,0.8469864012373246,-0.469573868394837,-1.4715456965503138,-2.4527776020097902,-0.6436979804428462,1.1341484324062157,0.3540049657205771,1.3568729641222992,-0.20783192762866765,-0.3458567294081425,-0.549681085504062,0.024182887519717082,-0.8329228841864545,-1.2365067592540373,-1.1669323413189876,0.12949763138591636,0.36598689196035356,-0.21273078062975756
0.9075897952630503,0.1465203488338474,0.5818157823151321,-0.3362870253986072,-0.516657357600966,1.0178107889473222,-0.32301885837155525,0.9482363874415851,-0.25426923394306356,0.09355132553716664,-0.5774554497025565,-1.1159444963155472,-0.28097608928629536,0.37163487043782883,-1.3803526796783738,-0.2099845240024486,0.48858015964367807,0.010576681490877283,-0.07669492776736138,0.023896209241698312,0.16513573555951125,-0.5908189680987301,-1.249443728177221,-0.04927222590075617,-0.10460445727319975,-0.6729424286684459,0.25584496559218706,0.14881796510795048,-0.44328853580874217,-0.3437922481972974
0.6444513558490038,-0.6615960282035653,-0.02622316951254723,1.2147692292348446,-0.4564720427872016,0.858521088585889,0.2559151197282597,0.3374254816280146,-0.00174295353569248,-0.11333896798413896,-0.45082418762230264,0.6421425314757778,0.8424297216031756,1.0410738359800014,-0.34209692181279344,0.4050788631725435,0.4210927146477589,-1.3340884058663105,0.8398348393838596,1.1111403089271408,0.05643720523922326,-0.28168136223079476,-0.34872333079010964,0.541555126942495,0.27899861151560545,0.9871635391338092,-0.9217615914889496,-0.30129537887071234,-0.7324209693012562,-0.34698303255682367
-0.2499582212694508,-0.2565820162772812,0.6054272827791424,1.4109095185036737,0.7946475144600813,-0.12313417824341368,-0.35354845176994737,0.5566238226108591,-0.07394922156906879,-0.431843798686729,-0.4906685791765867,-0.3224523773543992,0.8518630619269364,1.001898527334025,-0.32030572249038886,-0.1580191390194127,-0.9337510361993173,0.31543731826268323,-0.6256032757400579,0.9509724969907606,0.13851311432399235,-0.17248737476411077,-0.2339729041134561,-0.17544416658049694,1.2030363921119533,0.09469318039507867,-0.9778380126441225,0.34485206846815936,0.3757995386023359,-0.2822898796674294
-0.45000745097763273,0.6288842560163055,0.20545933863077975,0.287584293773893,0.546270979723435,-0.40648873226540033,-0.9513621516837276,0.05751847893492001,-0.17234261448374016,0.05472248488461825,-0.2513509985933569,0.16590511032831143,0.16259798849608453,-0.1658415495128865,-0.2106079944085731,1.2086401046480442,0.4578633488293419,0.15622396263767713,-0.43451041227832143,-0.39275448796582896,-0.14444002229971928,-0.36774583621073426,-1.0991595859650558,0.27640078098189164,1.0946814008442796,0.31058831341594817,0.15600207188333723,-0.06123743606063749,0.10182101785315345,-0.3437922481972974
0.9694576517770122,1.0473688752733616,-0.07583449570706118,-1.0986722464843792,0.43954810097180924,0.07289830484108908,-0.9630471566052793,0.33266119977069125,-0.2827448508104694,0.5589375124700483,0.15704372736988073,-1.183090662625806,-0.5615484753029246,-1.8300844333277815,0.8019056537143141,-0.24340764472260298,-0.6132731310232373,0.04125202038504823,-0.7876841410079773,0.1260010934788438,-0.43551911420127637,-0.053667427782515896,0.004451890514027617,0.1224942882097831,-0.12875118877556666,0.28975548780738614,0.8119619810597465,-0.22991640926467038,-0.23530587173376097,-0.2840846958696629
1.6247978704873627,-0.16750081901404873,0.5586813753051181,-0.2736812338583636,-0.43682970431428436,0.7819230557129856,-0.4131443420277487,0.6866877739000321,-0.04560660130184422,-0.23072164943311246,-0.42196214750457794,1.2629763235801867,0.9416418595468142,0.5005598268113295,-1.0495973117251718,-1.0219719771723728,0.45112845892146686,0.19084169676058854,0.08121391611688829,-0.043150980443896,-0.03265959409860564,-0.3503715880553891,-0.8417569960844291,0.45463949799544556,1.013388345130795,-0.840552582725255,0.1505608315402733,-0.06421047982558706,0.23598165238161092,-0.3413991599276528
-0.9628705025084507,-0.41406125485202244,0.8719132729397594,0.648357690461739,0.6408419209814706,-0.1551314195888217,-0.40176915625179155,0.2677556818230575,0.2734019113367849,-0.6052244561235373,-0.23310424988217143,-0.20903822957208135,0.012257449894973961,-0.38270157773685975,0.7479701900573726,1.3694692048197656,-0.6876209737892237,0.4583881349945825,-0.4488329790203382,-0.057104459076243765,-0.282064544997399,0.38005412679937317,0.8829232607241368,-0.06916430663099034,0.6696651280233363,-0.7489182936986778,-0.7226606060725128,-0.5224204857408868,0.29728236653087475,-0.34530787076807246
1.5489476257074815,0.0007061065129237922,0.6017367160641554,-0.4229898464670127,-0.23820070038604993,0.6372453830572875,-0.4600695894271206,0.5997899771137448,-0.020548627183653016,0.41718199833985553,-0.9288546584159871,-0.9273623545604438,-0.62434878332188,-0.8935036716588147,-1.8699835933316533,-0.7436866262012687,0.19697395585352104,1.3410674540549123,0.41948438583922226,-0.47416353286216745,-0.057924881193991966,-0.01881521487814505,0.29311558754332273,-0.2793996187542368,0.8336539922400462,-0.15139349052263662,1.1394448539983775,0.25155733214270465,0.26492667088659433,-0.3397638829433956
-0.4236851839107667,0.5307854661399415,-0.06502279917614369,-0.12042523506062891,0.6335668663824113,0.0395560667541972,-0.08720306714473784,0.17569831755846874,-0.028350418836080898,-0.14743066662390372,0.13416933245254536,0.44619567012638167,0.34823063586973513,-0.38032225860492574,0.6821261324893787,0.3790994571433543,0.6125999076364039,-1.1393544557343886,0.8418019029953765,0.25901405881812356,0.12962708174444135,0.11708488221284714,-0.026134297444733782,-0.5003421381033633,-0.8744615494311111,1.3734757767920025,-0.6286919432656957,-0.03909489180973519,0.061849102638068164,0.12293973399240178
-0.3916983649711111,0.5512663551233694,-0.03775759065487696,0.09775296799865833,0.8894794401357726,-0.023671734158499755,0.6091741840986327,-0.4169559981461854,0.3455735815995727,0.7227077885529621,-0.4903642799210303,0.33974487196763375,0.23388773219333156,-1.2796950739389166,-1.1092590103338258,-0.7789224995675004,0.1797187416664846,0.8145118046693337,0.7851003406919925,0.11615479429482506,-0.17821047057878722,-0.10414411247092759,-0.02051481910503533,-0.3602201479632003,-1.4974451203020356,1.2207905611321626,-0.4386352300850758,0.17578461603999398,0.09635882828703023,-0.21400709437356805
0.7372110249926397,1.0326129397025827,-0.6407835893390906,-2.2996966508485897,-0.9961194893709331,1.6612273830173063,2.2520584108436466,-0.18691984479547435,0.4330244512291157,-0.940725560590711,0.8615985548228755,-0.2877481330817973,-0.061491918063316504,-0.046510269463574616,0.6893936894045061,-0.0492543836100366,-2.5223971034340744,0.12238602066809978,0.5268141973716111,-0.9297677324604886,-0.46886308069649435,-0.28395082132331223,-0.37913796836149327,0.009892120175035327,1.243764548306242,0.4614142015071015,1.7410722938084597,-0.23765841463184564,-0.21718422628178166,0.0668616988737283
-0.6972893567105991,-0.2905272033506963,-1.6934243544835468,0.2622047160132128,1.386670099002277,-1.2285455417684623,0.5197389632248446,0.28796321627000826,0.13841057746645802,0.38654447522086527,-0.3124377582204748,1.2979446563252113,0.87723194136662,-0.5896114981767309,0.33372009644756023,0.3298540494792621,0.34630925619731445,-0.30103697289370185,0.3595449244210409,-1.0185157474720854,1.9647764862409398,0.7994557959242852,-0.15521062859761597,-1.1058393869575853,0.3994275834383706,-0.15089849382879758,-0.9792828851161407,-0.20446431497090228,0.5275736796796829,3.0385189425094943
-0.6570689326324277,0.6057321035790342,-0.04528878566441637,-0.32982393861375664,0.17771595698188403,0.2981165439199857,0.20260852321470071,0.07258915332541761,0.09503881125490908,-0.08654503582090106,0.11527035662594648,0.3353229597377627,-0.11281486199839383,-1.1732479487191954,0.8802934412734748,0.630342807591375,0.35823101715087774,-0.7203017396687612,0.13233185245170137,0.3097037384180997,-0.10518056054257081,-0.057165375924746235,-0.34773057401838253,-0.3393659279507262,-1.8935838835729517,1.0766762730759123,0.9368242148719549,-0.14344768884970197,-0.04357003162512638,-0.14588384829768306
1.0617751068339247,-0.5758666110835886,0.20138701148663932,0.9843042434333151,-1.7082598502220525,-0.48732346908955465,-0.2651799949536681,-0.31281561367935484,0.5270839258118695,-0.8376356449124974,-0.4017400293507455,-1.204442607996884,-1.356582739822169,-0.8462738244484336,-0.09667130538770033,0.11741475701944926,2.0731140356213102,-0.046472374320628944,-1.2065589653183864,-0.10591381940111338,0.12279082290926363,0.05049789987924961,-0.289759200635178,-0.2591747925922156,1.114801343049592,0.8641444163104207,-0.83075684366053,0.32021832394912964,0.1408264611527874,-0.2761077349708473
-1.9452596250711984,-0.48686521460598114,1.7478593926098849,-1.8411477782307166,0.982818805046391,0.10591403167034617,-1.388117435968722,0.19670280219300076,0.48738712627841924,0.22034661536040412,0.2791218682442915,2.3478563456366963,0.022798612231572656,-0.8970464472887458,-3.252680437816614,0.510351753234262,1.21524528359824,3.4072154217193122,2.3781086221170455,-0.43314746894945083,0.7193101337359773,-0.2800986998285448,-0.24306623919817666,0.38523573665041877,0.245480973110306,-0.49685445185687466,-0.8913406498250627,0.9016864054372831,-0.1521369575705647,-0.34813969188715194
0.7500984069485773,0.09014860612084101,0.7413012623170895,0.2083456496710884,0.8293440603711763,0.41312539150110955,-0.41361499258006396,0.6098235396135053,-0.19293351328804764,-0.8189774239924617,-0.3646204084660071,0.12029196948338837,0.30954750433443434,1.0983216397556297,-0.9442973288409093,1.4022285482331756,-1.1497323530197867,1.8793412625288246,-0.10675104708002915,3.1823583018081414,0.443862040649193,-0.2875911181742837,-0.552612382900496,0.10858178422761057,1.8459263962991384,-1.6144064821311637,1.106185609808202,0.4551165534320095,0.6646878039681983,-0.34813969188715194
-0.8092116362789135,-0.1154013218139206,0.012690010668238843,0.9544798510623704,-0.7435676832057329,-0.278128399528613,-0.35491708710223085,-0.09635465210152797,0.06116495025219705,-1.4716668888131386,0.5108198020387767,0.9664808626677592,-0.66131280330557,-0.5577450201064874,0.17482071470710903,0.3198476651785825,1.3136555513903794,0.18609986378295548,-0.8267298374769028,2.3122380038757417,0.3240704010092389,0.030813652153607606,-0.26384695142514636,0.11896882761769702,-0.08412199674865006,-1.1831537700663444,-1.0356357830840668,0.3328973047029912,0.4342728032042016,-0.27602796536185914
-0.7721498842487661,0.4811467212940674,-0.5240724816559179,0.6084558638679678,-0.4793693069921162,-0.9237141036238036,-0.016665022188473058,-0.573890550659373,0.2395762096184135,1.6333553984814155,-0.951328804064311,1.3820435059690879,1.290955656745547,-0.9484134616916429,0.12946532854082896,0.5119870735781773,-0.8353783701426026,0.17867003624410507,0.20271306432314445,0.6382328214986985,-0.005547243434782014,0.12504191673433546,0.4333890321947271,-0.12554165765432312,0.3740565294164809,0.6463397358738876,-1.4307695875119744,0.21784860246224586,0.11832352642901932,0.05014996579070967
1.0070247913348433,-0.42457929451011733,0.98667177202681,-0.5023020715396331,-0.5902744349748644,0.5070960436132249,-0.49766907517701103,0.6679965514204736,0.06652138390193607,0.4400191553231009,0.529045018363827,1.1560439220179817,0.5269043394041641,-0.3321876062463956,-1.0978840151450069,-0.940912842812197,0.4823433937797693,0.16419208188202356,0.23835409022079346,-0.1313792406493689,0.6652749560000614,-0.5571622660792255,-1.1111168849637463,0.23023280337097182,1.0571481061286365,-0.5151162734296338,0.21944242757624466,1.5689904396290402,1.044025093687554,-0.3158330002469489
1.2429565355085772,-0.5272753357390222,0.9522776876189515,-1.6160291464230887,-0.1952222218417875,0.10484084726003437,-0.4379241498922109,-0.05476349152317307,0.9018766690537289,-0.462449467934548,-0.9821217682142943,-0.04676714866523295,0.8702036238765646,0.8552335776660829,-0.09033901459996305,-0.05774218634891752,1.1206955016892335,0.35470958006978365,1.8944509700356504,0.49463110002476923,-0.45855583570007646,0.46403288417775507,1.1756636734975334,-0.06183168755286283,-1.9126629571608373,-0.044570343594179135,-0.20905884709817588,-0.6017273624778917,-0.8228329078871838,-0.1809425914479775
-0.9500884096207806,0.5733179174958193,-0.00319110993504157,0.2330951497588241,0.22367067111454314,-0.1076512373933546,3.1263848452408956e-06,-0.07753110015006397,0.08831325274394089,-0.15385449332071172,0.017482776408974863,1.3987426542675516,1.0129337433248689,0.1864520319132263,0.48339496007103416,0.6855377944622383,0.39500499755763774,-0.5864386795021354,-0.5737563470675597,0.004757997469909072,-0.03004748473058601,-0.3710499668185909,-1.2376471370300774,0.2353624457546054,-0.513899308307015,0.05764192394109041,0.27065160429845087,-0.0776252789971016,0.028242599578709626,-0.18955770921869833
1.177108752214105,1.0145164727270228,-1.1629309205487959,-0.7443297342852488,-1.201326768117053,-0.7711471679747615,0.19887192190248348,-0.9302499694080082,-0.020005864590704497,-1.2767689886206497,1.4926317705571226,0.22367612033559037,0.1027858763358134,1.3406586099427293,-0.5490767535761273,-0.8210166924040792,-0.056110595883673904,-0.12332718603716468,0.8103807026957109,0.32546751612963265,-0.007179881107125625,-0.04918268893243368,0.05991013714803091,0.09131664038055037,0.165277005443446,-0.45980945550519053,-0.4354649054901172,-0.017699893498516753,-0.0769679973970451,0.3343291978110145
1.1301287699531626,0.8633787436984794,-0.6977417580904725,-0.29913996528601183,0.13135678834792056,-0.7240178003924371,-0.12635332763963322,-0.5475107166117497,0.05032927760324232,1.6183445704697876,-0.24251373678521973,-1.610719922505607,-0.3260157044619929,-0.7535982602880278,-0.04207281035145201,1.2094806486166358,0.7994269731336842,-0.9546804873631226,0.6363934082646869,0.022101080536080696,0.13751975819657028,0.11417499672481551,-0.01530347963517383,0.11309290108836291,-1.1091610449535891,-0.9085962374734544,-0.1411570029468507,-0.026182230906425488,-0.03345063638750863,0.36603761738380636
0.5539659305799451,1.0668761762902297,-0.6223571628622079,-0.3044391738990939,-0.6774305486543858,-0.7497347341322552,-0.27473677793989915,-0.8156970226705345,0.0066070586045708845,-0.17135788592981935,0.795906802697843,0.7220592209581067,0.3132269610942823,0.4083572713562083,-0.31914389138466326,-0.5282944599201487,1.7602233252948727,-0.3007747410246023,-1.1205777947610949,1.2531271901362606,0.06416545917432213,0.004683220093772124,-0.0678808535482651,0.496550621170421,-0.5883769636973888,-0.9351494907029506,-1.0128599218758727,0.013255431585127342,-0.14948854507260534,-0.21209262375785234
-1.0161467710517875,-0.14631683633707585,0.6690152262298276,0.6259703598615721,-0.09237426231528748,0.3195393598750221,-0.3900819172356188,0.5512844711194591,-0.015299020978228784,-0.30317880139125664,-0.46670939149308965,-0.9465558288356002,-0.3727360970735039,0.23838044658605204,-0.4952875476514404,1.04552095579485,0.7186367037156909,-0.3485776057562666,0.1634311661660653,0.27584096416113263,0.17983905204346198,-0.4348696888563452,-1.1649741835365202,-0.1922343803581942,-0.8588155902424645,-0.09517825070344911,0.25835462622423583,0.6043738992662916,0.2737834913266217,-0.3445500594826849
0.08269206101477548,1.0655577784495818,0.09249422936516019,-1.359883972769094,0.04203380953234272,0.5552329841472203,-0.8023063079659466,0.4471763890718413,-0.37565042063426013,1.1466791237157221,-0.16639436945062513,1.9488327120608313,-1.7600923101422365,1.1717007749436954,2.6110654601945678,-1.0838187699088224,-0.509906143721238,0.2803043021576622,0.33584106961365123,0.2316228464633435,-0.3292700217252415,0.06221291050681933,0.5869975842462984,-0.006770163944768532,1.2448829782230129,0.7438849605234253,0.30325757954164445,-0.30758903571686963,-0.2682282173116734,-0.3122034830379878
-1.0449959757570728,-0.5783573524533437,0.5805117439606414,0.7500230566763133,-0.23545149345350583,-0.503911129063703,0.32619342097544723,1.8524161846419933,-0.6160904312991196,-0.21898086144289014,0.5647979733540284,2.0301557768762306,0.5732064934289547,-0.12510059778026292,-0.16023622668821272,0.4745119550948029,-0.14035054955231716,-0.6109911456255964,-1.0272911483298954,0.16360726294574904,-0.391781988651945,-0.7814778900386748,-1.3527902646820704,0.24985824585969751,0.3405954617997207,-1.0158176666188348,-0.29789629201324697,-1.1033600739970153,-1.5348287713806708,0.6845177812690182
-1.193958949541881,0.6690754841194152,-0.13063737838262138,-0.19673619111053942,-0.7798255474645934,-0.10402232800135959,-0.37693791230870494,-0.06317180641109542,-0.032762787513467985,1.2194625877587437,-0.8701895341011368,-0.8551531667883384,-0.2259313379597943,-1.0888821679868155,0.6560777663045843,2.2951486073292333,-0.6261588292311024,-0.20753687205940086,-0.06611959458317437,0.6041546698638015,-0.2481680918864449,-0.07992290873102972,-0.09966207343504503,-0.23330509853505219,-1.3080561502846233,1.3145899941825097,-1.2481476782012029,0.1298601529641344,0.02550175566836582,-0.31978159589186256
-0.2127280067300755,-0.9358534825199903,0.5971433572513101,0.4143168784239734,-1.251019322349016,-0.1551374514555118,-1.0439397182611938,0.38007582282081775,0.2683940451828842,0.4423209134750345,-1.5743965970638083,-0.001862088213300456,1.330924387817161,0.4320326032262139,0.4243150675798275,0.11382068261497709,-1.4440243809931241,0.5975834604409219,-1.083477481459452,-0.47595704658628873,-0.49429414711219494,0.2816564316703738,0.8029306576298733,-0.5758511890461385,1.0929176676741525,0.9852796102296328,-1.6264322969010088,-1.740044392766005,-0.7569165855629234,-0.32919440975246494
-0.7295709850414036,-0.9512747066515626,-0.3853214727963384,0.4284158689313908,-1.614052370004859,-1.289985001430977,-0.33866107734667833,-0.939571490434056,0.678842344768728,-2.0973543326590427,0.8003224211846669,0.2307133263468653,-0.7201945495913192,-0.17631336286257915,0.2285613665620128,-0.44347019931330955,0.6934578621420314,0.09459710746057444,1.396641008456614,-0.6119234961380478,-1.1039941874270431,0.16959202550187027,0.6967756561826741,0.36273460177051825,-0.024893039629741976,-0.659977160739105,-0.6848881554288477,-0.9248070663672322,-0.20143384202109887,-0.12434605387088102
1.2376289086542434,0.884541584221162,-0.1322615320555412,-1.040987248942578,1.1322364877100235,0.045067061608947766,-1.008570668686084,0.6582593922308031,-0.3896316353681315,0.18441894751024127,0.18658987695512716,-0.6395780014329644,0.30373618577034683,-0.6164695871548457,0.6798942865882585,-0.5454091148013399,-0.94530667420364,0.0526143675414721,-0.8702869370993069,-0.5182552681974019,-0.06921538675435857,0.21309757235923063,0.4858892590280576,-0.1091770459458678,0.66881087984755,0.6578052517136721,-1.0973617225725223,-0.10377153573900777,-0.10607264873442579,0.23142640221629354
0.8974399290820667,-1.0486572409423704,-0.38795315569542965,-0.17088631641980562,-1.3807856565640644,-0.9956449056399026,1.7307468417743832,1.4334604589977862,0.1585319083921283,0.7478769798054363,-0.8675479104252435,0.7824636203920825,0.19762160927340994,-0.63751856932966,0.09635002605752187,1.2196368490135483,0.06893604197573593,-0.37209621451856306,-0.3977008894263347,-0.627100366542984,-1.4650930381355374,0.07689409389795797,1.7390944968201167,0.48773583400045023,-2.5309371335271984,-1.1386457826323881,1.5250284132971863,-0.5900414703460373,-0.48642453451733536,1.4830115672404571
-0.7685911137413258,0.7723068279172199,-0.605906207161915,-0.018711424866022747,-1.250146511635709,-0.46566457656858123,0.3446879999978019,-0.8374102509514375,0.03825921808226878,-2.003790119922048,1.412552543268885,0.5794618727273095,0.10252156569676271,1.7248207796424109,-0.3913187680619181,0.08774395458388858,-0.23878844161122992,0.05752931873051792,0.2955656822343473,0.14425361829723032,-0.306809991634759,-0.2699456532615555,-0.16569832066210252,-0.17097460843827342,-1.8850157210767675,0.9169275236690931,-0.2605557562601641,0.1191516755863642,-0.006055909456773899,-0.2918622327460081
0.5024164027561946,0.20186897026949932,0.33897768368937253,-0.6680882700370551,-0.26745931113178684,0.7596573659890427,-0.3923525337886913,0.5836665451710447,-0.01415141730473572,0.48955841680618256,-0.8887597745646467,-1.6649152219100933,-1.2372911678213496,-1.9520804809963612,-0.9977703468747553,-0.8793500763890689,0.08506098327883511,0.8333117554864722,0.5345214078175824,-0.2444859212833679,-0.3484719055291206,0.22685055965687492,0.8892554174646314,-0.10132056222719156,0.3266261130096803,-1.6223061993685375,1.0617733048374955,0.3149032462694359,0.5055388091822972,-0.3242088091907052
-0.8529276574235646,-1.007294042420883,-0.5035234165196947,0.703600319524827,1.067755883084176,0.9204805574243877,1.4014072198669634,0.05319343532315264,0.07587609512994613,0.8133891187849636,0.32137589498202535,2.0191711186459385,0.5483203736503615,-0.9650365770352579,-1.7692627503346268,0.5307228677442999,-1.8938990825685038,2.2614714829322424,-1.191730508493743,-0.2545075335075643,-0.917670373568345,-0.06784853310506134,1.560535617750187,0.1258391035290077,-1.7517194319029856,-1.9460467791874878,-0.5751611408170696,-1.6302975247092715,1.0845936168197314,0.05294190210529513
-1.6612950079538475,-0.29505516876258425,0.7791960229512177,0.7860337943235478,0.018724226169758697,0.11804469512741493,-0.3450341437159938,0.3489993552071908,0.07369811654588153,0.9215686761049231,-0.3433371485523097,1.9363871352554107,-2.6062244219882342,0.6114029967365284,1.3965481934346544,-0.418477998496026,0.7761620037847755,0.5039899085353043,1.0233146177479084,0.11709478721143816,0.19058342690895386,-0.5826415465033532,-1.291261485467561,-0.05284296858298869,-0.2368400030975522,-0.2998020955465095,0.09218926884609553,0.7760986987345952,0.41468790536274974,-0.33378116226928395
0.8192522669866478,0.626846274561763,-0.7113783983752059,-1.8916317379869647,0.8418988132653157,0.605454815493717,-0.16971741380608252,1.0644416614844632,-0.3615368892718246,-0.3560421559436528,0.30194383480148884,-0.24954231263343118,0.48282342335921397,0.2390210633698162,1.0539278789673492,-0.41031644840123316,0.27266847210254974,-1.3971353316957607,0.7136222617882058,0.3334798630247385,0.9353141316772244,0.49645907299186925,0.1283133554081444,-0.9643744231308081,-2.2446998298226264,0.8834790283571086,-0.9730797903282524,-0.3071096283872214,-0.020228804599900254,1.515198604467178
1.538713528271884,-0.7167575521944837,-0.1662658752106917,-0.30044751824906923,0.18370819304019909,0.7802881359744653,-0.8051324066980788,-0.18839889832772605,0.32095788622181065,-0.3132230610724362,0.07059243419108742,0.36047983539614054,0.7288047519105527,-0.19796761083612427,0.8786944926971626,-0.4103055840744956,-0.17872718730647458,-0.15266292451099,-0.001189673021413072,1.742690006423304,-0.10176132487339042,-0.141153362664743,-0.4650403045925852,-0.41722726771717095,-0.560584698157614,-2.6907359672616558,0.4179841686862567,1.073518097671944,-0.38974462331693616,-0.3186648213660284
-1.2259457684815367,0.38631130331470165,-0.48159403524452693,-0.01423923326600826,-0.12260730072504854,0.12457501143953735,1.123835945514985,-0.2556860629978887,0.46269341897220445,0.03811901345506646,-0.1930549313238766,1.9635183090810124,0.7423071933404022,-0.7435465764448007,0.7437362156965261,1.7836422000155068,-0.6762277782013678,0.6492721226037658,-2.0386979045976026,-1.4550327022961644,0.1387891924543776,0.15540136202863414,0.04679203498025425,0.0006971990578187992,-2.1352785020035516,-0.3410562287224514,2.113539306473052,-0.12168990098620207,0.015452608671187546,0.3303407173616067
-0.7510288971543128,-0.40288720718550153,0.34748370554643215,1.2163691742884093,-0.2294579385048039,0.5134877865588399,-0.736444863260578,0.6120183481934016,-0.14261973258037447,-0.3068252656824041,-0.7160094020218841,0.20355199136135319,-0.17940150710853564,-0.45147402080529797,-0.5045817552772246,0.8358286804748731,0.19879604873724557,0.0861110021842705,-0.8600506130769529,-1.4832466833414473,-0.0069571819844228095,-0.24671181606913362,-0.7243530851624714,0.016078946049939927,0.5550323403920383,-0.5873067272038016,-0.16117597233124223,-0.28860791605427927,-0.3069722916081779,-0.3477408438422112
1.434456292873441,-1.0058798984486454,-0.2631150634562032,-0.1341828320042511,-0.034563428666613556,0.2867286938245536,-1.1481781722830298,0.8309924704307784,0.17137495362916555,-0.22677364292334826,-2.0164696175850447,-0.3084217959728122,0.433902794235921,0.24698818285198784,-1.3976337456757797,-0.5764518363984406,-0.033270011381752666,1.7477632956785814,0.13903414050250007,-0.37363147961449866,0.8444439695816375,0.16957946994582634,-0.5245071091908007,0.5818155975574006,0.44417492370002687,0.23474585378207918,-0.26782022409959216,-0.1710273603694686,-0.18871034215320578,0.5986856819977627
1.3581217183795293,-1.1096183989772839,1.5881484186847517,-0.8925185124414385,0.4164272268866177,0.25239830169583766,-0.3583604276628726,0.5177981218082509,0.5363864536801418,-0.29131181200775397,1.2489660971894898,0.2931082583865151,1.2273740722047677,0.6198542596793232,0.7228065137179338,-1.1502714273229482,-0.978690986296892,0.031747408172620305,0.1391764450251085,1.2891960395604813,0.46916576227808626,0.0949964123239007,0.9845963738558721,-0.3200941780789721,-0.6140743065971233,0.5253911247064337,-0.8902295798492905,-0.177056402245863,-0.666548444147835,-0.33721125545577463
-0.5680575543191135,-0.07644340595112674,-1.151851551189298,-0.31727258517904366,1.379848091633008,-0.6236853612386426,-0.2552030846567022,0.9019320109274264,-0.22272790130059347,0.02370742944163748,-0.3241338929848901,-0.20358689326278676,0.25158573929086314,-0.6127061165664475,0.582463568356868,0.39428298671997103,-0.7409643044669204,0.39607680074622553,-0.9406003153659932,-1.015264224082366,1.4945308764884009,0.5745299509471696,-0.23362160886042496,-1.0743035917819277,0.7432123635090156,0.8723960992592871,-0.670366252727886,-0.26332270643992073,0.40272778415108895,2.3923851097054327
-0.36573408073635444,-0.23663802255550434,0.7475458084951523,0.997335093876311,1.036836567401577,-0.4175834617912473,0.1230272363182307,-0.24025446797917702,0.4325093873135726,-0.5259266595472096,-0.1425320794949142,-0.16055585269705183,0.5653448005813244,1.0822831301022748,0.2640000696738385,2.3077896625826226,-0.5015334389533569,0.44893248670790203,-0.1355960861731858,1.0663654518162058,0.015078730033476392,0.18736318441962974,0.5037952187068325,0.12264590983222828,0.1464497607146419,-1.074873844547309,-0.6613154593060173,-0.2023488790505812,0.0738133929692267,-0.3417581231680995
-0.9773793361157073,-0.7216090122807474,0.5098597267827117,1.0121518269833738,0.8402379691302388,0.41270430519727586,0.03220369157516171,0.36656328296248786,-0.009954341727290367,0.030748922600171476,0.9586124955042126,1.4345023222691717,0.9485361534658894,-0.11088309427916669,-0.21399686489823994,-0.40780304344429746,-1.3764598272971023,0.38187008033874137,-0.43115090139808193,1.145845590361698,0.3920822351461354,-0.1919396530364553,0.4697946538155986,-0.4866052267305988,0.4391644159904225,0.1604639638197315,-0.5194624740464743,0.8895178156762191,0.5217967006968793,-0.2682903132900081
-0.8914213407821495,0.5337549425099787,-0.22879327823929294,1.271881764863513,1.2237813243227076,-1.0237212843844585,0.5298399461437514,-0.9190721213810762,0.38786297234465955,1.3172643658088259,-0.19702246847427798,0.3936938235543496,1.4964559399954451,-0.40935245359620376,-0.9069986124419104,-2.5200303240461204,-0.43409526887236094,0.16867934138995533,0.2582119407402727,0.48060957314662556,-0.23727207004899623,-0.012102074657066687,0.633456532761998,-0.12089729164042665,0.9711659477512088,0.9606431899658349,-0.5276279805166886,0.26246242441872863,0.08924676072347752,-0.3437124785883093
0.8247904719775164,0.9389941942792577,-0.4841933823062983,-0.4903551132650531,0.15037544007829,-0.23893867645174907,0.4352709998483554,-0.6189122930709342,0.2432601576573609,1.2730679250164088,-0.011201735023204958,-0.018974125610048423,0.3572332522902913,-0.9297451035561012,0.19396471484083022,0.04474360533256905,0.558641028052296,-1.0498164052976373,1.1901090903915912,0.2740696186488018,-0.1162545044788952,0.31769699540806323,0.8972467679352248,0.03156611032156372,0.048528572992314424,-0.19159390924485606,-0.4683846087637847,0.03634773531593527,-0.11192391278790335,-0.027745057386224417
1.1509549476564669,1.0262451212014136,0.036840062273646425,-1.0698254928946171,0.24137575213928478,0.2630616639336742,-0.44119459795068466,0.023477128471775327,-0.03296115181462314,0.2858958283063183,-0.18343511269437981,1.2127359236376318,0.5838840727300766,-0.6787602154050334,-0.5315720915451767,-0.430233235674978,0.4944741621232553,0.44890797133330446,0.13877622613845653,0.254242265894359,-0.2550480667205145,-0.4123890059531037,-1.1388541984945033,0.5800708684527802,0.9805636235319235,-0.6661704213231796,0.3117740772364706,-0.16545643951285224,-0.12524244643111634,-0.3465442997073888
1.0291565534846643,-0.014605636851323746,0.6146135665556709,-0.6704681291337113,-0.8224399520014949,1.0150431910231241,-1.032426822963904,1.4277673895838678,-0.40255031374882067,-0.34988946504739454,-0.4537533047227807,-1.470180435115156,-0.26717546249590496,0.0003941905820501764,0.6847367283714304,-0.15863087043240565,-0.5368634350263272,-0.7821230177771611,-0.20241172344136926,0.1458028318774389,0.007933445003575654,0.29491872635632016,1.1145038393008686,-0.4540913307596019,-0.9882136267567966,-0.38654303306079324,0.2649663725767084,0.9574120941557223,0.8081350415133618,-0.26342436714173056
0.5683273594916272,1.0502800360288091,0.13077826319900354,-1.805932191470373,0.3103838642956865,0.7565609764136638,-0.8303026969944677,0.6155064545743383,-0.36834138203332145,0.09953345248951934,-0.35664762126277444,-0.6795437333643239,-0.1002646024348908,-0.09779360997907642,-0.766562257229781,-0.10302369578312111,-0.19731200615042735,0.9777742774216179,-0.19375234918015777,-0.02483556106271151,-0.11899266143338555,0.04220407076060958,0.272816149893974,-0.13126845065206208,0.6438875993417631,0.7905910426918737,1.4485887324845685,-0.26348460053211037,-0.14291152012357017,-0.18955770921869833
-0.750481393999322,-0.5275313693384825,0.6006561894938974,0.6000555274798812,-0.14056191511766902,0.20952216094850068,-0.08170169779437557,0.28731353669725385,0.21877154204910357,-0.015062498689346223,0.19403606283848182,1.1315615033998065,-0.36967037800421165,-1.727330959010621,-0.019432845559337397,0.7819717628004618,0.5031441461967028,-0.014626244457100044,0.24068257842538887,-0.029058529878051527,-0.03314538476394908,-0.35900355902071324,-0.9266554604024622,0.22034310656333256,-0.6800953631165336,-0.40790922770675075,0.20675596174596195,0.34194094077761966,0.3164253728918361,-0.32684120628731433
1.0781159702290353,1.0464267481798648,-0.15630280060930715,-1.44425101733485,-0.4765811454435709,0.32247745138188205,-0.9663371895161404,0.5340165092265026,-0.41069972329885907,0.16383975510416762,-0.025092832638563815,0.798473436786664,1.3226988335514758,0.5521699116662778,0.6522301936213553,-0.9473852639536731,-0.6451062310479256,-0.4350313930771822,-0.38770610134175926,1.1215262547012312,-0.07367321387041896,0.20683684516721554,0.7863748095965805,-0.19745782123402014,-0.3277753836983747,0.6420487548428156,2.219644568535018,-0.3644670832372334,-0.29538484071298704,-0.16251581177171354
-0.4318977312356289,-0.44193638096405036,0.3485121818445305,0.13055436661751577,-1.3185519424553191,-0.28560098669125933,-0.6049305210541134,0.4915481303687443,0.4518192232154493,0.6437652210398509,-1.35764912804757,0.9349677288535713,0.5130044391177154,-2.1959609351956684,1.1280277900107003,-0.4313781237606048,-1.0236375720358215,0.23779854536624298,0.07131102081130629,-0.003438655022401225,-0.25228188778369914,0.3169419211988809,0.9298542977138584,0.08913092341434115,0.3322518600082606,-0.40860490539288524,-1.6896531895527764,0.7311986441041509,0.5154086399805127,-0.0878115729543057
0.5093865390755008,1.1039022966705558,-1.0362914122661704,-0.05028354847346063,-1.065125621717383,-1.272347491994512,0.06826292257148205,-1.4355976473714211,0.05494233926903187,-0.6133065847030483,1.3076435743418338,-1.0136115767062424,-0.3571399805677372,1.3290029221997368,-1.1210642581863548,0.1112591803972661,-0.15848019729683252,0.3426525294254907,0.19798740236990142,-0.4647854672683899,-0.35674665588476473,-0.16190782045043906,0.19268355690325345,0.5392048703745456,1.0538397916045643,-1.004413485589537,-0.5768439239434752,0.15371984368875694,-0.04865413452139665,-0.14029997566851216
0.9594551902916031,0.13337111910673738,0.6654355965139194,-0.8568327025981936,-0.11902857848286832,0.4043726680172984,-0.817775525021485,0.39020176485058516,0.16834955221454115,0.020970001378023306,-1.001487751436292,-1.3937564280132566,-0.7609432654634818,-0.7226515083024264,-0.40880268316686663,0.8644442931195477,0.5128175944715123,0.4581206303571532,1.2398127628089286,0.020017813801787864,-0.38197948422038963,0.36350568696228064,1.0327665061620594,-0.29689238005902835,-1.2336701487128525,-0.4013724020096142,-0.2200340950643156,-0.1781321093424473,-0.17231309097405473,-0.3457067188130132
-0.5074742244380147,0.29728974645269934,-0.6203256098358738,0.4116020819287628,0.9189444275333148,-0.49392332781503545,0.7675055264524361,-0.3304607425883664,0.29342122455581565,0.4850442698724077,-0.06658367067767475,0.5127574902881196,0.6571407968851728,-0.275997264529003,0.07568096513436993,0.291257208514011,0.5116613641399512,-0.7237048944978499,0.6953851586145842,-0.47031193962266343,0.5395831808221924,0.44003280527101846,0.6158859881443851,-0.637134073261696,-1.0520404247476645,0.7237800775564139,-0.4495234758970732,0.05783923269391015,0.1943037104332961,0.7969929299423177
-0.10630181652532271,0.9927202930107846,0.3763848386296258,-0.536605531684619,2.6209229078935796,0.33104145021902,-0.3010676857070604,0.2441972620681605,-0.15623453759041672,-0.9822296814394905,1.428098610674566,-1.1500859920666906,-0.5635135519023083,-0.2914584165499887,0.5071415808221342,-0.25001320485368805,1.0116797524420307,-1.0315040677315335,-0.2967563879632891,-2.1945278411549967,-0.41020719730093774,0.3066518985046233,0.9009256058446355,0.10208181981277281,-0.17127939509846196,0.20999456671995775,0.29208252125288275,-0.11157690398722399,-0.16556036898924797,-0.3333424294198491
-0.7658325401527183,0.730883039123546,-0.6874591970568195,0.01865288649257984,-1.0369771652573898,-0.811967750189654,-0.36817018336097035,-0.6094091217453287,-0.23149042744156156,-1.7853728374477014,1.266500973147027,-1.0248781578223272,-0.5906057449918274,1.7346358298711941,-0.5780180505470343,0.5690071323658624,-0.22352408875633015,0.17129521777620352,0.13942272712487438,0.048677870038845696,-0.09989845088744745,-0.28795967835903125,-0.45679372456260015,-0.2366081486756636,-0.7146269285017179,0.975350215398532,-0.3455514041190613,0.053024366792070524,0.08550800781461591,0.006077256824753635
1.1856371667437697,1.0525418510779057,-0.029950264018523905,-0.6998009789560835,0.29549327034051054,-0.10868844136052232,-0.9154255737705376,0.1474969389798257,-0.2801400866201887,0.4953802977024745,0.06863678624067134,-0.7222471464132812,0.4286351276512461,0.041167354037804735,0.29317085758718114,0.04475712520539189,-0.12098004132494121,-0.3363746039711279,-1.0371196387394839,0.17496846876549027,-0.2933761677391485,-0.39404748243320814,-0.9635538512745146,0.5450536232479494,0.0759270121941682,-0.5745514301254185,0.4054132268065145,-0.17459449489724302,-0.18393483295832685,-0.3465442997073888
-1.2562900779562198,0.5304395820551314,0.11212896267839927,1.0712007963867294,1.8731711120511463,-0.6013975141629269,0.279964977252866,-0.4994455993190168,0.23567566860212413,-0.18706628149472299,0.596388535588249,0.9532748696131066,1.062946752886201,0.18489962944446112,-0.26620539248930675,-1.1429677206924271,0.8564373372592735,-0.7189484224488868,0.23779948498080508,-0.7819544650355669,-0.14356992367884622,-0.013186609490284627,0.0946411403154493,0.06718273640522036,0.900930786900393,0.46919227228214944,-0.1583180866267532,0.09459450913238346,0.09382108960817413,-0.2911443062651147
-1.3375942964723557,-0.25067494947281127,0.6637604926101851,0.5868142672004527,-0.20976746463624873,0.6017039071187903,0.0557501929103719,0.6647377480004539,-0.07876835375482631,-0.018669142689491266,-0.03740687026009156,-0.7267885213104643,-0.30319297443631865,0.4552194782540808,-0.8155449105508263,1.3618632899042786,0.3148476408203887,-0.24227008587161108,-0.388768020928841,-0.12035276068470031,0.4297131711281851,-0.5204436235025567,-1.0229317774003583,-0.2091042128716761,-1.6233922253075355,-0.12248232809492698,0.2899340978099089,0.5124770319512052,-0.22220716274544094,-0.2976056445931553
-1.1287007850297068,-6.552869339185009,3.9871088860946564,-8.439366521685857,6.205593707894278,-7.7729475766176455,-2.112630269665176,-11.505653175388389,6.681571764317867,-7.034638153428305,-12.035611909978652,5.863356033910932,-12.421483463942069,1.481437664858923,-11.998683455891255,1.084422385721117,-12.551149169111014,-24.93152705714041,-9.525697035759295,4.091728355695387,-0.799550919757023,3.645255257478634,-0.06564088111962023,-1.3340928075398808,1.0335463073791813,0.2427320350914182,0.36829946504663663,-2.019123532629244,-1.5941333961806288,-0.20283934911522628
-1.839065070816634,0.1611416041250904,2.3100981924978767,-3.705415864387962,4.2712188036639445,1.1263333421055925,-1.9907996341595178,-0.6029062653408979,0.04701738211020472,-2.4416849652367247,-4.565344311416749,6.3185403104738205,-7.549206381585599,0.38914043987903923,-9.678175037565945,-1.4925926727654821,-0.5734025689826201,0.9286965392061547,1.7812593077124055,-2.2221546741883427,0.5050651824047437,0.28363224241559465,-0.7055607053059044,-0.9305827717139247,-0.3627298412434129,2.830602564389651,1.0189397901405748,1.2815422230586877,1.230734209717377,-0.3477009590377171
-0.6853074607417616,-2.6895185731395856,1.5203547777125175,-3.491440716144463,3.4510051912221438,-2.423488682903505,-0.825497360342781,-4.691904442731116,1.4492716894280142,-0.6834461857951745,-4.450577948312174,3.4799922844390587,-7.781184813017425,-1.2022934966443135,-10.479641960919636,0.3230672829505655,-8.551518479134051,-11.591811094439489,-5.059215133293449,3.2932405100192543,-0.3698012139868963,1.0393693235308905,0.6516975079702018,0.8741095381651339,-0.2586610155529562,-1.3612518345376547,-0.7605724252941951,-3.6714601843994337,2.072287195824436,-0.34730211099277636
-0.823888932395398,-3.065062990930521,-2.383286140263125,-0.004396806562785438,1.211054831424888,2.4750476615566006,-1.7490877099789734,-1.5354856314865744,-2.3044269913693993,0.8082857281045128,-0.04496518553943076,-0.14947424484748123,-0.8198920179086392,-1.905543812662853,-0.8696985176279082,1.5151161475570394,1.3611533478017641,0.6354016208538753,-0.06134363451357056,-1.5137061433019132,-5.35439072363213,1.4984490665454504,-1.3679895710126846,-1.1129904468775063,0.2315715179706583,-0.3923289080348933,-0.9804961079548468,4.384548698628036,-0.31944344223397597,0.892357497487658
-0.518340056283217,-0.7725226644528068,0.6874218234941827,-1.0563459723865414,1.987069905391711,-1.931533298029274,-0.23226898396456214,-1.2281471988434893,0.7162773798381866,-1.3643757870129947,-3.7338592744084087,1.5252618737563242,-2.755896374425966,1.5139651055721017,-5.678640957805277,-0.018315419405631705,-4.262115179746642,-4.674881711760447,-2.003098078017848,2.829423312232997,1.622441200596601,0.9925125918712487,0.668265881791317,0.9036332602151939,0.535027399096358,0.07966902185603157,1.7132648072988301,1.0237563461598769,0.8170080748567418,0.9170860762739863
-1.121098914300796,-1.6544727919104865,1.806211332575697,-2.7466251312449117,2.732708914981676,-2.642447404078288,-0.09397384659054836,-3.831313893683507,-0.054467679657896034,-1.97664376510473,-4.380130125879922,3.406488962211739,-6.558735849508051,-0.9888088139580437,-6.353543207330033,1.2289503673525919,-8.827049547258898,-11.674877223243037,-6.1916058484595675,2.5088609671960254,-0.2893659927308935,3.539060446308162,0.31913544079839334,-0.05823914313143021,0.07089952100662986,-0.8396889886053225,-0.2613347964949725,1.0405925395394389,0.009152043860025882,0.335605511554825
-0.02118613373790467,-6.551782945412719,4.553588023184038,-13.523208353784236,5.272963969122982,-8.39066552893761,-3.8610059861430908,-11.321320438441001,6.9934526630314915,-3.953541400145728,-14.327647878072808,7.468235454602269,-15.649708857586539,0.5082806699971089,-13.857692602758982,-0.8711993596550549,-11.828835822725363,-19.00531353391853,-7.012026761227027,1.9326437403967198,-1.7876450003198563,4.036231576410829,0.8474753777803034,-1.2217471596485898,0.7129089368873216,-0.20013943707983975,-0.02120069780822225,-5.928735813775367,-2.204421963653025,0.06323218166476721
-0.6217760369491738,0.6090703184525333,-0.34601169275523913,0.49027309260793245,-0.01028909569141229,-0.4528492340526875,0.625994279461142,-0.6729718243215492,0.22940467075953305,1.065042892904561,-0.3418021985881845,-0.24027685676196128,1.3780369764020124,0.8761184262066904,-0.8569753398326794,-1.6955288147542154,0.14518060262498012,-0.47100238248538195,0.3246274314602999,1.5054863503597584,0.08290959921695282,-0.06785689554082082,0.2851766920590794,-0.4228801486969355,-1.121747353805859,0.9831790310836163,2.5863872049994163,-0.07063052292174364,-0.019164856303083302,-0.2244170283465224
-1.1614667430745416,-0.4928031604554979,-0.9963439782857314,-0.12363570504923856,0.8180678758860042,-1.7820893897624044,0.6410632229198566,2.2488879162537896,-0.2544522583943307,0.8559755043196737,-1.8089022572249833,0.15750702579507078,-0.49514515451922514,-1.1884951445776852,-2.0489913273366884,1.2588218108087474,-1.5329855052188655,2.958821003532473,0.9271676126703656,1.7266637771636333,2.3163447472596674,0.6079375640142844,0.7384265563589497,2.604343946706557,0.3372034800672655,0.42093186667473353,-0.46066488243838055,-0.7618154908657094,-0.5036230339126573,2.7466818280263268
0.16285915759362268,-1.2706780324967204,2.64358124992091,-5.131711973383038,3.7885323699432303,-1.3221923377131448,-1.8358937715880983,-4.00854759664791,1.2466217683874803,-2.6870219928044707,-6.605259256265164,7.206100122386855,-10.217405065948869,2.155358830722886,-9.396524825084347,-0.51848861791477,-9.313528268982832,-11.59166532640627,-3.679436349663152,4.151530032341616,1.0291506151881937,1.8032286178696677,1.4067463173881858,-0.4247996495113579,-0.6122430412216828,0.7025446622127023,0.16858169336128698,0.4569978411183683,-0.6476331258616362,-0.3477009590377171
-0.5617823258503727,-6.735067259554481,7.753646725071937,-6.53754289867307,2.345109889647365,-3.480333621072722,4.327798764136307,-15.140941264544653,-31.350110146584832,-0.3574446582798722,-4.650968697191224,4.324571729295248,-4.629646871235471,-1.9203233850638033,-9.490311024439256,-0.24785094375784533,-7.103858613177055,-7.401434116254079,-3.7542119974110544,0.06255167262086354,-4.5303994835480035,37.012128045754736,-12.245975812683549,8.452998671775568,-1.0558996281760948,0.5062183560522595,-0.2261764368443613,3.1354243233208603,2.8728759625813423,-0.3477009590377171
-0.6074777814784521,0.14574709201708147,0.848848040789727,-1.1100982451354773,2.7293559521707,-0.8593629026252735,-0.2558271054743205,-2.0505486167646763,0.6452586077128232,-1.4112042135725398,-2.4481744204950275,2.5729805345339885,-3.477226648695598,-1.0600606527118848,-5.183902854543649,-1.5309321747229891,-2.675317033516323,-6.157286158499452,-1.6008054902659739,0.3540646333204815,0.35204672163163875,0.4790549261854845,-0.33618431920132275,-0.3094096636220559,-0.2840212001485486,1.4252557317250327,0.2648965115091796,1.4071494314933728,0.8902352394073584,-0.32165618170308424
-0.005477004752399016,0.8714294477499394,0.015379284491139796,-0.3218904172402362,2.675093052850955,0.8258225860834905,2.1903631328710853,-0.6003050684167537,0.5871438814569296,0.9183668883126014,0.8406866430992102,0.7517104154469952,-2.0537607042067076,1.007986863298916,1.3838475625014146,-2.973117330864198,-0.17427640137612116,0.8910102623060604,-0.901022034352602,-2.350606298170286,-0.4761459700345603,0.0142802818524335,0.7550358626297359,0.1453066796136561,-1.6647089340817218,-0.15641214601206813,0.37262694359478954,0.019282676674066246,-0.21103369526040888,-0.217038339515118
1.3139845409618085,-0.12406843422561147,2.5151263326233417,-3.7431578951841167,4.586429517881979,1.1532564429306695,-1.2029248890516484,-0.76753720393072,0.607091378355453,-3.7628934858260217,-3.6481808604496813,4.386053225310005,-4.674117061812615,-0.44390116719589434,-10.616997303245542,0.6688081632210013,-0.32903396887340747,1.6631862004216664,2.5415384100911775,0.8680568144804599,0.7304433413608938,0.3383211354006916,-0.6622110515981068,-0.45604522640256745,-1.9052679983502374,-0.06698659766661044,1.1609420408932072,1.0113202418669207,0.6756451475468657,-0.3486183095410809
-0.7415739388238946,0.16601552616986726,0.7805029125901669,-1.3243666607002933,1.7089879854368768,-1.111274194290431,-1.0754328563616125,-1.9860713266074415,0.5188270554687132,-1.0266222458434382,-2.9794207057852504,3.4954777165918176,-3.931129688385946,-2.1370705247288813,-4.664098532720074,0.6310043214354717,-2.6791617401590506,-6.0076303695260185,-0.8931382281793323,0.27982698167911113,0.29017177133568295,0.7572169919243422,0.23351922886133905,-0.27797684955145796,0.5093808654306667,1.3653190548117546,-0.4796382552153027,1.433732700916014,0.9201435564023706,-0.32668166706933804
-0.3794216596111248,0.5522278925969302,0.6642107775986225,-0.9018985842145086,1.4214458850020566,0.5131812302633576,-0.605868347699045,0.12263560579907717,0.1332683272711271,0.008356984092843609,-1.772050059218311,2.557624234705038,-0.31303047826469527,-1.777542022874118,-4.633030832782192,-0.18869648883117918,1.2085721316463909,4.702725741658252,2.1006691793867787,-1.0829886134647333,-0.1748699145296274,-0.44308952656525624,-1.012280560822703,-0.17018299401463868,-0.37124439962640005,1.0932173903211058,-0.6954395110321709,0.22030955906293825,0.3431333809778893,-0.3477009590377171
-1.8184915868771716,0.22798275668567555,1.5053373368917535,-3.7355453773028136,3.147154401636843,-1.7715383250628562,-1.6405084178401077,-3.8082307658742773,1.0493150260320585,-0.6552408505962076,-4.961972619204264,6.333389417839212,-8.517819117028317,0.6395474035813319,-7.343000760438327,0.5890568928856095,-5.317517777489271,-7.449065695556262,-1.596630627059684,2.779507615836167,0.7143343345479778,1.0281944789454973,0.19272223743868905,1.0604757758009857,0.217638594829424,-3.659699556426363,0.6944492565469974,1.8487125720107709,0.536064413009895,-0.3477009590377171
-0.826879141934194,-3.792250247087059,1.788072477482486,-5.727070693458993,3.6623032305167276,-3.4512766895412055,-0.7180838387873201,-6.276873911096551,0.6023966802847023,-3.3563263345834886,-7.73557086333711,5.598515161504677,-8.673763699830218,-1.6119411995797364,-9.90185064386265,0.14924492463831704,-8.352581445772161,-14.745251776152616,-5.165139641951154,2.888908896991175,-0.15838792307092786,-0.4084799412502776,0.840771118357141,1.2574924761018544,-0.9321257229081775,0.3872559951498182,-0.23104947132627582,2.8268106977166596,0.31237017685464014,0.16856795033362687
-1.83940199583509,0.01326441059270327,2.506199189959403,-4.329350270236606,4.483888648178838,0.9637022968514926,-1.8872293726501732,-1.3639702211917968,0.2548820759395905,-2.8615427853973805,-5.565091402415036,6.6281683178816655,-8.982273552763177,0.7073912229869054,-11.227924765421227,-1.5082530405627248,-1.8734987130397518,-2.0690262004959545,0.9258718355719732,-1.6316171138533377,0.7638024716252322,0.5036170984468981,-0.7951332793877789,-1.0673213802452792,-1.2549227216775847,3.0805916615682376,1.1216157944841978,1.8203278698021639,1.5187732511265286,-0.3477009590377171
0.49944725103105214,-3.4090226855558363,3.3532338304633122,-4.74687761096868,4.295144814920722,-1.1860580474355995,0.3769344898736427,-3.7473691445655577,-3.642031886845194,-0.8663955157684305,0.5220432305372796,4.234569932682773,-4.958322120890431,-1.1117752961529732,-8.881625077360173,1.0958768986086638,-2.2282784479732975,-3.6641574123950105,0.1478543250378059,1.088649846855518,-1.450028175948732,7.569015462247248,-2.216479975292972,1.5384838839763744,0.2709230878341433,0.09244640981260069,0.9670095804827457,0.6880575433299978,4.501869857165708,0.0706507553006657
-1.8208711198200163,-0.12877814941925642,2.6159928124579293,-4.54768336917459,4.800472738165182,0.4466055599315919,-2.227405650833921,-1.9675986235422842,0.41105356060659354,-3.073170568711697,-6.269667308009248,7.477330129377042,-10.324064629967005,-0.34398045148001105,-12.074840455798363,-1.4595917278377772,-3.0749106369690917,-3.7960768009250843,0.10307373428382116,-1.615815315266484,0.8221399124905782,0.7300011248751674,-0.7529326198456628,-0.9647328201746327,-0.4352508311729847,2.955619681488494,1.0861305269759662,2.200598928126614,1.7513600152530095,-0.3477009590377171
-1.816680614902971,-1.108122282880493,2.207361486182463,-2.9750857376189135,1.928637159696805,-1.5387935021021752,-1.7576770113968356,-3.4199240945147475,1.430131032394548,-1.1901236662605998,-6.183045341994123,6.2347086380484145,-8.634528494798367,0.4530961034622167,-7.851653869114762,-0.47951729142634164,-4.224743793629208,-7.468486726813383,-1.511128663036489,0.4390107866415933,0.6509798321218229,0.8772350679661046,-0.6942381389597923,-0.0009136045137905411,0.11890077171810655,0.17777567065459293,0.6398578656794071,1.3648217500772233,0.9139357850313183,-0.3477009590377171
1.5810397337154045,-1.589970463829379,0.3555570811204355,-3.5632457588538426,1.2833946131901708,-0.6094619235507248,-2.210294399329869,-1.7829689128714634,0.8889508742990277,-1.4881639866325793,-4.829087491546704,1.8978723465349063,-5.050826453799661,-1.1336491741352666,-6.711955533794624,0.1535208210973698,-2.9150166284870287,-5.466626890265525,-1.7621214721811143,-0.044406682750778144,0.3986351872938159,0.7931118563879068,-0.37136386052955506,-0.727041246074017,-0.30295008998039435,-0.6283396503294354,1.2574017471867345,2.185413333043118,-0.7764581757181569,0.6254882706177829
1.239797863460553,0.584742233404706,0.8513424457222781,-2.7445359287451705,1.8788010923377076,-0.23441529556175775,-1.3783648707713263,-1.3111919086551027,0.2182131210182844,-1.03225684317456,-3.0896068883131482,3.5785655107298093,-3.0159375460764797,-0.6508469911855332,-6.21861967301538,0.1900319267306366,-1.6866846440672623,-3.6514367970074018,0.26784008332339687,-0.3705413700055904,0.3708199721917976,0.7674962344748468,0.6137803428372947,-0.225028247964831,-0.4381809438058449,0.696260993269043,-0.8635720178167329,1.2531463364633846,0.7450649675528211,-0.14680119880104686
0.8432160589243226,0.614694930868941,1.9638424600769835,-3.9662013561510086,4.0405480390724735,1.1222551184301774,-1.7426882118753204,-0.631411062623579,0.06467016587762994,-2.7128571603726024,-3.746714742826332,3.330992545508171,-4.566411686331105,-0.06351577211569417,-11.000528395232658,0.05739370156197376,0.23465992732497268,0.547880778075181,1.0026713582644664,-2.730026737096165,0.44000752014776573,0.1333019470279711,-1.1659488702451846,-0.04985225106460089,0.6961994458219962,0.7463372767172789,0.11600796285392158,1.2147646074327598,1.0420706242920934,-0.3516894394871249
1.1710019862545922,0.9454661955561489,0.6488879825232053,-1.1718676917590236,3.2612099609514527,0.5583192861865696,-0.3002430119796921,-0.03314432526158012,0.07548967735242583,-0.19903153349958844,-0.34387847526437393,-0.674713828980218,-1.471063766872554,-1.6332971656607431,-4.448166142188256,-1.46526077953275,1.9833682382107771,3.475451278633829,1.7131821253095996,-2.363809301741586,-0.37284857861243736,-0.21530182507468967,-0.24326610259463394,0.04364967610394772,-0.7726965250690333,0.11265214569104907,0.30737762293998483,0.10458084531408172,0.12362886573136808,-0.3477009590377171
-0.12946541154416483,0.9786157858877991,0.5775599281194517,-1.3586995341417305,2.7078995638042134,1.2090885133607687,0.5791679049134162,0.18764620501151796,0.09095793060554165,-1.0428291771885045,0.49904614880230697,0.2970616311807425,0.2558727769291398,0.7138519907825028,-2.5320920945418623,-2.1837997015751083,1.72465635418019,0.9469449083568257,1.386037644041604,-1.4144859838793273,-0.14909542280986607,0.020253609095315275,0.33027482062878766,-0.17845602417227605,-0.6282600891835911,0.7130190301002614,0.3921467944160948,-0.014206812113825698,-0.03749577738775064,-0.3149555345480792
0.7072457561637194,0.4636881429332952,0.811441367968285,-2.959398882939996,2.2921533633177713,-0.30298174182613996,-0.571618871073204,-2.0238766205905514,0.5829709767249212,-0.4267171933525132,-4.202414085158299,3.5453702854810714,-3.18578330656018,-0.4019237601303018,-8.963886866017539,-1.7653843428599867,-2.730524488685059,-3.053486898405091,0.11041308477035196,0.11988579670429803,0.5793589595366745,0.7979463495907771,0.8181715555704111,-0.4019187108056391,0.5380888132626643,1.0809356827639733,-0.5320274948184359,1.6119808803176054,0.977937889053251,-0.08087161697233611
-1.61717888834978,-6.240585747721036,2.3374310954735495,-8.22706592911879,6.814447315598507,-1.9768068899353792,-3.3386341664040473,-17.70218974024193,0.2696028289428927,-4.04052296758618,-10.311636071299944,9.153855207951219,-13.153599701657823,0.8942493421199627,-10.606942203311574,0.7788105546658116,-11.55012825737269,-20.73716605456914,-9.60964871620233,1.9733993157727727,-2.784341969459403,-1.5785868162149161,-2.072965832437964,-30.68831854130702,0.9005876135379648,-9.172357655644142,-0.01638878038988564,7.538106395074189,-2.3710559265262434,4.509829495491533
-0.18996451017064972,-1.7183234099703757,1.7761458295157229,-3.735667642858797,2.748272238843093,-1.3341510808508885,-1.3519351085904072,-4.4885580804396685,2.0166154124760496,-2.5968263059338668,-5.519253254012078,4.1425644024165065,-6.143847145468988,0.023646187899744577,-8.524413740514833,-0.3301087547474752,-6.147286948561046,-11.034146532296129,-2.965433484632077,2.893687289626582,0.7490597476018745,1.190390185103104,-0.14165536051792335,-0.9663955121890772,-1.2272634245218215,0.18604738301608034,-0.2805061764763634,3.0591854785025814,0.3048587048271055,-0.3477009590377171
-0.37923213928824334,-0.6631988427738265,0.6549994143968539,-0.11898384112529313,0.9095921860176873,1.3468718922636156,-1.669545609870761,0.4239973896030666,-0.08094171590894234,-0.15454987181309793,-2.3420224581230413,0.6944550093479093,-0.8413530545138174,-1.0276868134361499,-5.223828422087264,-0.4987766895993961,1.5058026119615229,4.310195062051721,1.9351820795665788,-1.892060285468364,-0.24204986629499092,-0.4535653054624702,-1.1733958250515915,-0.5910743365908877,0.4931586520544275,0.851028074284467,-1.0851157586676121,0.00043298495610844635,0.41458758090929276,-0.3477009590377171
0.783369752521096,-0.1849094918804864,0.6876239526061995,-1.960667153666732,-0.19991525227943346,0.2691259158886368,-0.4308161074729868,3.255285443088043,-0.7838691592622852,-0.7007401587393897,-2.0692534346025275,-0.47255034314406774,-0.6956987044007379,0.18284669179653462,-2.481710683800477,-0.008317966493412099,0.16868220314172427,2.0834577138029964,1.2909995962885419,-0.4812598563751867,-0.032255511403235064,0.15027314445778112,0.7765351763960933,-0.6510603591252878,-1.4534479890999084,2.703288947611117,-0.28536544429026556,-0.0029124413863160278,-0.55944662536595,1.5656528821521867
-0.3733780670925723,-0.3656140053040098,0.369338110703835,0.7628141524660339,-0.18896262309403808,-0.40876772589663624,-0.4640323830476244,0.5638042334012946,0.05897780018928282,-0.12215147622580594,-0.9435639320716253,1.4731358763011058,-0.42209059992172643,-1.5992363827547307,-1.1244252065946256,0.31414862879010663,1.5771826299563503,0.2647332927932668,1.5628327118997976,-1.1017367934696607,-0.2412792416756828,0.17739563267803574,0.32944111621422917,-0.14388799183355455,0.6803829945682626,-0.41338501281218304,0.7340575246845604,-0.15382986139802424,0.02532366715865688,0.16282453848647965
1.1195998631264161,0.6434811805116997,1.6538111055020637,-3.5865341881533075,3.7735113211432423,1.0487850946827875,-1.0827801082802322,-0.7257414875344665,0.10364922126649839,-2.5053086341009965,-2.947800078936396,1.9546239544265247,-4.003118021967853,0.5811282050576142,-8.87637595308559,-0.869293909281869,-0.7607330584657368,-1.6263513565121865,-0.12441612768201814,-1.8030742721190731,0.4077956123310569,0.2839829645376974,-0.5873231423765043,-0.2462315699032478,-0.030632090070688716,1.2142120914179224,0.40004214177258657,1.1563674528141916,0.8574480660255325,-0.3453477555725665
-0.2306060905218909,-0.2215595658388106,1.4728498507758323,-2.6371677690513016,3.440527025562947,-1.302208246476935,-0.4399713751619167,-3.7584900257845573,1.07904816335286,-2.5007913022814288,-5.190843640420565,4.262697534699491,-6.681793414503207,-0.29435200778554144,-9.942647786096572,-1.5264242358305506,-5.546812399565586,-11.852938700756436,-3.3254831478072022,1.2063958877640941,0.967857028761775,0.9703768118801332,-0.5639206047416517,-0.5115255626527899,-1.3281446877631222,1.8485092539061363,0.41381236770096397,2.7031721575529395,1.6547268480964064,-0.3477009590377171
-1.439556230182568,-9.431549825330038,7.026220677038199,-14.124390430622576,4.264911921952499,-10.475273357954515,-3.113962026797797,-11.996014450124289,10.433730513897324,-3.6944084617551662,-8.322218703344898,5.854596044288052,-8.496363724877906,0.07965516206079042,-9.511045233210625,0.011012548743710073,-8.218903018370389,-16.343667283470886,-5.910974223328109,1.6223815417616592,2.048410384369421,2.368514700051865,-1.7243794824017586,-0.6315885724450593,0.15856535110992992,2.538984081640493,-0.4525076852200271,4.022549258921775,1.4745727819566365,0.04711872064915973
-1.4303329078023381,-11.863016831567883,8.178981716289492,-16.622828745474717,4.422566287193118,-12.573056046894411,-3.4057749245570874,-13.808286757812768,12.904180014179627,-3.505055270296476,-7.8355630141571355,5.042530501492549,-7.248056878744199,0.6199436325523511,-7.6644682504100885,-0.043027403887559316,-7.241071980641776,-15.030502844987973,-5.77851978845799,1.2530240703879574,2.1169921093645736,2.407390959940935,-2.3318133553021987,-1.6667113368870954,0.2373351212644015,3.0931033438657654,-0.4600212651474217,3.6581434951824647,1.339613223879193,0.04711872064915973
-0.3231341237153384,-0.058785413465176344,0.6285958896144388,1.309841391376913,2.209437527843546,-0.5367760975709086,1.1641922016089459,-1.373806686580352,-1.8493042526258678,-1.132699488475191,0.24851677536986716,1.269827998708237,0.9337594617919649,-0.13563297668248128,0.5455514591510064,0.42194612667444337,0.069704836926679,0.3623988851184508,0.31589537520502164,0.27404704111916656,0.9520594612800972,-1.4059309819358103,1.6481600144022563,-0.17995539931991364,0.421258385320859,1.3378300084235288,1.0006355507558278,0.32113900971211673,0.6844426106390216,-0.3508917433972433
-0.7475543579014865,-3.893836700811624,-4.230178004516302,-1.3710441344131261,2.4132077287288425,3.2318738468888673,-3.8154899074635606,-5.312399675554852,1.4778060143910348,-0.5469641313746321,-3.683640125848975,2.5633393386539534,-2.2211681597656705,0.1466816593853863,-5.524758378148204,-1.581146148753596,-2.6778739297742526,-5.26213951407992,-0.9682747020392456,0.31219969673384884,3.7315043432896644,1.6659731557658475,-0.9052103662340351,-0.5273383214230934,-0.12996215814566406,0.5198452361846917,0.8942913657587068,2.0286118128183963,-3.2307043237064623,-0.27598808055736507
0.15652075568392135,-0.5214231897462107,0.9080409579940415,-2.963496748115686,1.29726217774351,0.45459500074825426,-2.054061775134862,-1.2486396927286278,0.38628911754883477,-0.6228130049465561,-4.016307778535411,4.207043338671856,-5.425438607582289,1.2682371243132764,-3.2298255492232184,-1.4404691622622416,-4.044633692279111,-3.7577510333858517,-0.6317309290294145,1.2420778683720874,0.5766541843730282,1.052111961544748,1.1854420313199245,-0.4856686283154574,-0.2564300170214276,0.7920074590561409,-0.4569171369209818,0.9690690599739056,-0.06191748783470381,-0.2637833303821772
1.0801375203397705,-0.034951335064458425,2.5781884045183956,-4.316011814320723,5.144333706357349,0.3721215397393558,-1.978565151642065,-1.5067388012440184,0.6552405277883125,-3.5257246994527285,-4.465914386052404,3.7990207831410205,-6.914509224036997,-1.8006294549861115,-11.791174569891552,1.4212228966412677,-1.93169357826222,-0.06316121490205932,0.9282449355293875,0.2967077552521959,0.6751428016008568,0.5647467310529919,-0.6479514115583658,0.01128061422698398,-0.6407681784360969,-0.9453373763068491,0.9676381716422048,1.3988490382851977,0.8039333932559066,-0.3486183095410809
0.047083298126719096,-9.177021034719626,7.801562838930534,-12.918118495979185,8.012873946806616,-10.147262605522585,-0.26571878273079713,-19.20462574753408,-4.088966793078487,-7.750485362827435,-15.282682171837003,5.465128521674886,-13.98381509364331,-0.2055744482071673,-7.929953633569896,-1.1084157045044645,-10.310359326154698,-19.061586757488264,-7.212309695020804,2.0399399353248318,3.1407717421350454,-5.851741523561114,3.9483743740358763,2.3736226780388607,0.6382018553292822,-0.444591441990765,0.8584103888965162,-8.040614869971098,-1.6489860163454295,-0.3172289684042416
-0.8681524566950399,-0.8883135409787012,0.8156030388586485,-0.3524053936983194,2.256792518386439,-0.3018127992186536,-0.9470969578134996,-1.8903542573713559,0.598782997604217,-1.2912636650033191,-2.758371407375728,0.7341711201940907,-4.615452321353155,-1.938703547128784,-4.976004665906258,-1.3643352572548717,-2.898998186792057,-6.345231961863403,-2.3541195906470986,-0.742558545981908,0.004862995119621673,0.5208580915525003,-0.2952251828715317,-0.5366289443571763,0.39211234291361763,0.47321941071494833,-0.09203202389804979,1.261442084601615,0.6753499510042312,-0.3516894394871249
1.0007495628661025,-0.5987878388511568,1.0079468886099832,-2.012325007506355,1.8046070845571767,2.6594302724790757,-2.3751442661317665,-4.833318338205344,-1.8292396918116003,-1.0215475117949122,-2.830996526700759,0.97943332222965,-3.2058314952383005,-1.5233503335260299,-4.463679329604814,-0.1751621570561211,-3.334768399097012,-3.340660760412141,-1.6895154632016234,0.39872214233429915,0.7123797429557531,-1.1054567191360731,-0.40739922798667444,-9.545254907645427,1.1806278883455554,-3.0684229544405763,-1.3174080408141566,2.0319007544307217,1.5116650946238679,-0.3437124785883093
-1.1263423099005156,-7.642543614451178,5.094875567244996,-11.131114392694652,5.828493546422804,-9.833022429291061,-2.089269428116101,-11.517675527662888,8.094016159818722,-7.018916658223225,-13.09672151384983,5.506082920483476,-11.83804959534646,1.6083678739293692,-12.141234864911214,-0.04909026832695802,-10.621647998284805,-23.571827361268728,-8.962163511587587,1.5269812301578758,-2.0934773122887465,3.6922709942290024,-0.1400761581643985,-0.7008357175582702,0.8587042292702501,1.5156004351467451,0.13327715995241154,-4.003909653061012,-3.379758169199553,0.737205608005695
-1.0407212395854137,-0.7543380018083231,1.2872532149401934,-0.811123500879155,0.8488587488760226,-0.2489470821660379,-0.9889709223548241,-1.233998968199267,-0.5207974921788924,-1.106067618691687,-2.7386687041231266,3.4664594339374597,-3.6982768053780335,-1.1611342276053382,-5.4029487593192265,-0.26316768439789817,-2.7496493266837745,-6.718676334096062,-1.1853421176299292,-0.35703295600295826,0.36052268890241074,1.6132365075883608,-0.05582979724720508,-0.38089565786873797,0.1824184572710265,0.08839353081293955,-1.1813934215464572,1.188071003199308,-0.14592704620408875,-0.3477009590377171
-1.3938818323681421,-14.906737146409847,9.797036308599697,-19.80699984439655,4.574416064145356,-15.385984907161685,-3.6822203529702495,-15.981005629396691,16.088202783625004,-3.2969856338266155,-7.244865674274649,3.9904358579051613,-5.68406610997135,1.3011189390878675,-5.31363459022404,-0.13906800181304893,-5.997658519148076,-13.355746124965995,-5.57712422529474,0.7987724058894933,2.227362992659899,2.4613568242298753,-2.99850660826941,-2.175832220813299,0.28838224046027444,4.037574423008656,-0.43588611706503894,3.1579332694028777,1.1385598189379218,0.04711872064915973
-1.4255738419166488,-12.553358282318284,8.516853760895161,-17.34211569367688,4.46378261504639,-13.210448097356206,-3.4620984221555258,-14.277034949409865,13.608343896867948,-3.458148308244517,-7.707587330062198,4.810127397396373,-6.899658654937221,0.7748408925189576,-7.14078435434531,-0.06029481283624675,-6.9590418481571055,-14.659056734830251,-5.734368987929655,1.1500744731180934,2.1408821438616785,2.417397808298088,-2.487380540263384,-1.818016801183123,0.2519521197742326,3.293435311948735,-0.45772958936802216,3.5438479868487973,1.2917970474032365,0.04711872064915973
-0.1791829095800614,-0.34255252858034985,0.573460561370894,0.40284964716694144,1.864645799051932,-1.962899115533666,1.4676682942427997,-1.3118929103284318,-4.3890596629032546,0.19091491517892253,-1.9051928144601082,-0.5190539339166427,1.0004930670159913,-0.08612699049267707,-1.5779421123339796,-0.4932722352420078,-0.3744016979914435,2.6886898347352726,0.8459095902477112,1.1211207844344104,1.9147893642197662,-3.4080992618608277,1.9789204579257842,0.5602205565043933,1.07173695528098,1.1133889028081905,0.15689050047190384,0.85640721655501,0.862715586915305,0.9396608756176342
-0.019375161763704286,-5.818775064623514,4.708317863246452,-12.256357790024204,4.740480090496857,-7.37506501695542,-3.301305817253788,-12.833902929542331,1.74862159239801,-4.546902957401614,-14.127240448552264,6.960347918668663,-15.034993069506955,-0.14867198209716412,-10.393006353672401,-1.2705623351133501,-13.320992808339126,-21.776264049251658,-8.824693123322419,2.384770409580878,0.2722845400497048,0.4607559402762461,1.8500167876839497,0.38119291088693746,0.8836997628231509,-0.3344166163944112,-1.0382383123331016,-4.252529984719797,-1.757190282973397,-0.3062207623638761
-0.5586236538023488,0.6288201686647615,-0.33257771398336644,0.7181835769589404,0.6314883064190192,-1.038898689134598,-0.2671439331001519,-0.579419170820576,0.003021839615894826,-0.09212975939694039,0.5004160116964451,-1.019066278222361,0.2835339205417712,-0.20673302331858942,-0.5214098635129627,-1.1635941641542071,-2.464955952470474,0.6685012186294215,0.9987227227017468,-0.8964583617102327,-0.7463310634992036,-0.6109715736156626,-0.7135820320043764,0.020373917896015982,1.1555765690074025,1.0128133896643263,-0.6696558094675714,0.19972664013164496,0.10789021597186166,-0.2735551074832263
0.7230601742174926,0.6008554514507536,1.5084599879791747,-3.5176293456646555,3.7606483811338323,0.8336451710923878,-0.9620320885951192,-0.9464182986437976,0.3476452463959057,-2.4245177834473552,-2.735380314022045,3.55219139798784,-4.496469243089498,-2.0457598872815677,-8.12992842305964,-1.3137178347818341,-0.5819868402764422,-1.5454973942606205,0.5912026625008739,-1.671531241161571,0.2037562540645858,0.3564207985601541,-0.5953875191305266,-0.14685357492928405,0.24035731958369105,0.879534495352336,0.3477894735027324,1.1145374583831267,0.820544297700288,-0.3322655396985089
0.9314272403188042,-2.030063529765681,-0.754633643784278,-2.4464182334915,3.209907178745393,2.936068658797572,-2.5589464939206183,-4.088404760601004,0.8455672599280862,-2.9077898248762453,-3.912845664109576,4.104159933042874,-4.582400089422173,1.1900161186566736,-7.285543021803824,1.2179496614837555,-5.714967887064374,-7.604450984471272,-1.4110008739225812,4.384989326948981,2.7379217831971707,1.441392644778596,-0.051943974018189794,0.5557016440915717,-0.26870434402048415,0.7888700375218186,-0.25675160335981917,2.1670110595636043,2.0414077612714565,-0.31858505175704027
-1.810952889589221,-1.2949205757336237,3.5135314158294073,-5.027476403846049,4.517276794398054,-0.047395109098246894,-2.35514267939002,-2.506915261628238,1.5305901636892114,-3.5352105004279766,-6.7179899097685185,6.939240198718306,-10.038832108736601,-0.20867243761021387,-11.360607956669417,-1.848424933489919,-2.6992392656892625,-3.269816467828315,0.3552952251607755,-1.7031235733874612,0.5315268390629807,0.9746778365758866,-0.6178058404729047,-0.6414508345066535,-0.47670287100508824,1.9423262499334628,0.8835960304604457,1.0204404494743762,0.9422291166598644,-0.3477009590377171
0.15222496169860883,-14.424188036016965,13.01790694820123,-17.733221405985073,8.289960111334711,-13.047438599240442,4.557545907125982,-33.51577337044653,-32.72136354858032,-12.242932155012925,-22.465182347369435,3.3458773285482204,-9.644676232838819,-3.094077696012541,0.25117283018136094,-3.100529383643079,-7.542180902967229,-15.348748327437722,-6.691818169133288,-0.3065279368571529,13.546523020197416,-29.190810105988664,11.521691940831019,7.824237138704177,0.16289758512048444,-2.893291695134678,0.017813898616697247,-13.354685706954964,-0.5626892784940412,-0.3516894394871249
1.2486421451950203,-0.2809764480058334,1.3459285894119521,-2.324072334649938,0.16739948624067855,0.7881421692524339,-0.9272424792920658,-0.22559994711778927,0.4320634179693349,-1.6864546782955392,-3.170016867656076,2.173069985014171,-1.6984867860157489,0.5018916019503455,-4.595832801204496,-1.3894970421571198,-1.3446615151138754,-2.2033360670424615,-0.05897780783465172,0.4725218005248854,0.16543355776830654,0.4949385275458459,0.2895350235575291,-0.58345399148079,0.026564189187163502,0.6712273891648101,1.3428618330785957,0.42476079208310086,0.35797106113415833,-0.34865819434557493
-0.5691525606290951,-0.8883098756506388,-0.7908450226924935,0.20754187794817147,0.037969628217507614,-0.0426730416531752,0.054409509101220735,0.5610217981815645,-0.26256099837596153,-0.592408552825982,0.4768308468397858,-1.3302333310383567,-0.24194595650958056,0.07048796946367912,-0.45150154936973746,-0.7381027493405806,-1.8908871501076705,-0.06437896139784784,0.6207021674356435,-1.9107632918427895,-1.8980116793094128,-0.9055471659044493,-0.871367220097421,-0.6713654141794371,-0.6616283102151791,-0.0018895631121204344,-1.0277014518180658,0.07829219109570132,0.20225814649372245,0.924624304323367
-1.5573115241328999,-8.3559859592242,5.593496963283297,-15.356969615529206,8.365772796695902,-6.858831385062516,-1.8398782812098948,-13.66670369411317,1.1621203614904485,-5.730572776104445,-11.969919030417904,9.509685868124022,-13.938001463418098,0.8438325068917515,-14.139268267125193,-0.41376656375636783,-8.984487851645152,-13.982163891568153,-5.6755771753701,0.7592321436443097,1.2903192921157447,-3.1893439811714557,1.3838401377242513,1.8937348583637905,-1.7295081906143237,-0.0669897395554883,1.3793758620294552,5.242512074507268,-4.333825814692661,-0.3477009590377171
1.3013709105833662,-0.06665551411510455,0.08612542438010826,-0.5901968753939226,-0.32322492196612423,0.5874552561690369,-0.3782651763015334,1.1090760110311118,-0.17544787767598927,0.1893583686694212,-1.4851364595553946,-0.7843064325168035,0.5004653379610566,1.1251450002005707,-1.8999399063249849,-0.745269582483866,0.1224105249501203,0.8483451657388275,0.24464806496548427,-0.06386997094310583,0.5195171184375617,-0.04491808242495405,-0.3401097028810696,0.7715080134534754,0.5945841039774414,-0.8351653151058893,-0.5158472539098342,0.05333573211028445,0.3335128449609325,0.3945951374015662
-1.2154168616547902,-4.045433714344189,-3.1519705404800487,-1.9795833352093726,3.122253273272641,1.6469085956145646,-2.549034353427965,-4.266305342073684,0.11083100299214375,0.5991482513542192,-0.7315118317983828,3.205319093653286,-2.731444551511136,-0.12434438469119148,-5.517632461691141,0.696975728171427,-3.4255531023954475,-5.5657895287003525,-2.040749573651284,3.7160467966738704,-2.8137002066676233,-0.9996145258289387,-0.8270647993961471,-7.823106843199933,0.6780666080654526,-2.238924402457901,1.0797686106779247,4.784721912009154,-4.749354241519502,-0.30259124515491503
0.990557581057812,0.06100609091699306,1.197401982506178,-0.28621852858862085,3.80743696096788,0.9347207658484465,0.21165721074028118,0.17916730186064755,0.0572906979384455,-1.2646441036342932,-0.04118380217764745,0.19292271406226252,-0.6340187105073052,0.6857609602125292,-4.932538506872816,-0.3153835451477331,0.5702126076890066,4.585495826478253,1.7789817608151668,0.6209099275336987,0.2681487324736494,-0.05314480509639703,0.2814407612592885,-0.2667497286171961,1.3081080467527717,-0.42786890664553634,0.9816554218202785,-0.3954517348762298,0.1984646625802953,-0.34865819434557493
-0.6380537269033237,0.5511390972350678,0.584147875313976,-0.1832537891171214,1.9375715730250467,0.2987819655922678,-0.24008685008295635,0.03327832507337966,0.14822265170243137,-0.8818100716991064,-0.1783485344606982,2.10051930666264,-0.28000499308294513,-1.197879248231452,-1.9667723911386341,0.4343898599848194,1.5653603962699405,1.8031411793123793,1.223382559427301,-1.9384177152451056,-0.222702087771575,-0.012743419565131885,-0.07900809085830228,-0.0856557662638576,-0.043111056687012726,0.7692412043935384,0.15085274817084765,0.06695775993461929,0.19295329095460415,-0.3516894394871249
-0.9760737516691907,0.6345600521018121,0.3183617521323759,-0.35537814575961435,0.8540479309549617,0.3474737374298627,-0.1474274087017547,0.03963857433434896,0.0320824365792822,0.11611332955861936,-0.5086431896826368,-0.6549972624438659,-0.8244016184301368,-0.8885809626840206,-1.0403049758773688,1.6457627679118825,0.7149892359544563,0.835555998624805,0.624798065866819,-0.8998494270123752,-0.2212516677737951,-0.07079236921401769,-0.1162852047374765,-0.30744580665528004,-1.5150898510552073,1.309598818079037,-0.40367155010447686,0.11356845823132551,0.12229297560952253,-0.3477009590377171
-1.4330283079499853,-10.482068417091748,7.503822998366145,-15.184311062931672,4.339993684397673,-11.2988205644261,-3.2927214309626565,-12.870412480868913,11.49566721650722,-3.598815921777774,-8.09144956549291,5.507405835208548,-7.944893568070702,0.3101427106278961,-8.711945941885995,-0.008439530793477075,-7.804999810998901,-15.77345117230823,-5.867008245622208,1.459022838498323,2.067649420821766,2.386844943236465,-2.02060004231061,-1.3656448442873241,0.20824321383005417,2.6921512885618344,-0.46454303334146296,3.8878509407547694,1.4346644098311745,0.04711872064915973
1.250684753119409,-0.8172899270442474,-2.1148947559330207,-4.262500210733806,2.293183136231368,-1.1705000604811024,-0.9459054749047495,0.23267124025955277,-0.040730930678264665,-0.6704124623039253,-4.088466044329492,2.8896872677688856,-3.8215364892684742,-2.1142060194110748,-6.387219538203417,-0.7020563956562129,-1.7785624461673637,-2.469054271119051,0.46990621383035647,0.10162585766052773,4.1389938066436285,1.6202289903546283,-1.3330562965034143,-2.3325324538247174,-1.0307824303391053,-0.3372879267746396,0.8304434071448944,0.3778830855401972,1.4608902366408936,5.650694443240136
-1.3085345136305355,-1.1128218513871175,0.012551739038564672,-1.4402201422509904,1.816605290307041,-2.6558404964746245,0.062153094755888386,0.21638075674397558,0.5546645517271718,-2.164060245349788,-3.297971802572331,1.9393770835773838,-3.515540867509334,0.17218994650715003,-2.8618278194415665,1.8243170953579937,-4.627123483185398,-6.017140748412404,-3.0838001587985575,2.0500528526961377,2.5414485591155396,1.396062396977606,0.41242498503852565,2.640586987690488,0.5430344159383749,0.20549715081948877,1.4351397362201588,0.48612842003915563,0.7369320721934455,2.5086493148056697
0.13535765296216107,-13.184183738932129,11.623219141336843,-16.755777866140143,7.85771419441501,-12.092800542643593,2.9558495238432525,-29.925346991636683,-24.137527118177765,-10.140189075110397,-21.383543168812324,3.71543712753512,-10.562107657615023,-2.672770681152974,-3.9673351061352853,-4.916935899505759,-7.499991310706299,-15.24180369278836,-6.919586588421669,-1.5420622391883716,10.259903883273115,-23.02487653454205,7.858777523948346,5.594313660375826,0.0902125703868332,-1.2879573284189991,-0.4348224117999132,-12.224123967370812,-1.372021182019149,-0.34259570406247514
-0.506589796264568,0.10000987174083631,0.7217551474665513,0.46543281757828275,2.0421506239402283,0.03289496805029063,0.9366645045584515,-0.9679940380302868,-2.0320809522971257,-1.1234261121955016,0.2988524224408835,-1.2491669288729996,-0.8744590805514751,-1.1884626142572885,1.074950229852756,1.843856428511769,0.2942961406458517,0.1423991698436702,-0.06246752856093117,0.4044126757178117,0.8401813854790678,-1.8075810704810027,0.2604369316100808,-0.00888495437055166,-1.3454536456069113,0.7704394148271196,0.5937595051880964,0.3340933278642091,0.7865732541650053,-0.34865819434557493
-0.02118613373790467,-6.551782945412719,4.553588023184038,-13.523208353784236,5.272963969122982,-8.39066552893761,-3.8610059861430908,-11.321320438441001,6.9934526630314915,-3.953541400145728,-14.327647878072808,7.468235454602269,-15.649708857586539,0.5082806699971089,-13.857692602758982,-0.8711993596550549,-11.828835822725363,-19.00531353391853,-7.012026761227027,1.9326437403967198,-1.7876450003198563,4.036231576410829,0.8474753777803034,-1.2217471596485898,0.7129089368873216,-0.20013943707983975,-0.02120069780822225,-5.928735813775367,-2.204421963653025,0.06323218166476721
-0.20215698427602208,-3.5892731795432664,2.075371565444697,-6.285724108774321,3.7227522080364563,-2.917442420363026,-2.151801830523442,-5.643663875213451,3.18258548184055,-4.213274477105206,-7.741568207919994,6.190979809870546,-8.609554425292568,0.2487070325513396,-12.064953440931612,-0.3988557783573384,-6.235605530825386,-14.081372070700912,-4.248134988460654,1.0754690894923202,0.709255314175443,1.5007980731632,-0.7470471677398491,0.0588011204417503,-0.5868656670644666,0.6797127087781268,2.162792398348553,3.3575580405525445,-0.8330063786640477,-0.3516894394871249
-0.021733636892895484,-3.1581937397882984,4.307509768159169,-8.599067263603828,5.6579186093038025,-5.715863529502011,-2.9847766295095726,-9.875167817038648,4.172683018567597,-3.8720672962097726,-11.935646891807247,8.525428182666367,-17.24587980390972,0.07048585292643328,-14.76593062409195,1.0471477547413601,-14.154286536403577,-22.170600702696778,-7.774811447187715,4.321374871168834,0.6291209147217434,3.404810297736221,0.6633127920846591,0.7664877697247218,0.5957108828604745,-0.561549257622094,-0.41357859909318645,-0.5034088270836469,1.2197202659104192,-0.17260666730871524
1.3424968206486378,-3.051125547502949,-4.363924367075089,-3.5557130046234358,3.6054440732468773,3.3897310555560134,-4.180917232365332,-3.4650840377663013,0.7360299546606791,-0.9807089148699882,-3.0123644763970514,1.1469839464198262,-2.144942805669463,1.1355050104650035,-4.776144384665122,-0.1395353247979215,-3.2324201087633084,-3.394962813436211,-1.0883550644760132,0.516606090884357,4.070212703189103,1.985138506381151,-0.18817419564579393,1.3517749007329347,-0.4454486053839807,-2.0996384720027725,-1.4753584487449543,1.3975565162276256,-3.163472749474464,0.8289007735375801
-0.502272944465602,-1.6190613773235962,0.1129202824878324,-2.2434456417173227,2.6564522331850333,-1.557171857584777,-1.2002369907972172,-2.0345486520461,1.1050539351772721,-2.1878254796876258,-4.596574819042956,4.364197260157309,-5.3150447257170885,-1.4275064465183196,-6.721001892158081,0.9980310698348618,-4.019630167129436,-7.519065082409262,-1.0771232274870834,1.4632026388679102,2.5080982288496347,1.4853596872566024,-0.05702246381490509,1.441377236658212,0.29784705043373016,0.09712658457837842,-0.5337323881294399,2.122207884186343,0.6905595169760532,1.3489986241403553
0.9461466520625956,-0.2023447730529347,-0.4555916381998945,-1.3095077364058028,-0.143685871064053,1.3799936792708993,-1.0735438431962732,-0.061872498642259494,-0.8324327713940636,0.6885735841624914,0.20070883587500762,0.24992072724294415,-0.0787001552995786,-2.2281768900883785,1.1143630007487562,-0.8482269142032738,-1.0408583459113927,-0.2655173307983447,0.915889067017991,0.5858718181190253,-1.332007466509858,1.8737669650519184,2.964563643178582,0.3015129903353745,1.2773741442996691,-1.6725439994210065,-0.41652169914141324,0.8814454996286701,0.0977546707771824,-0.3489373879770335
-0.7271703942849054,-2.0296945599939917,0.35295509817414944,-1.240680197124929,3.0506186222233693,-2.192359029192347,0.9329553445470103,-1.5419835757092815,0.554899661612502,-2.5090582714360843,-3.268121737921944,4.748590288938321,-6.064136727718814,-0.3761865943567325,-6.5083107210654845,1.0468491409559917,-5.802256107988282,-12.36791003105432,-4.476942023327728,0.7442781969276384,-0.8504267238901095,0.7872724946329683,1.9249591391350365,1.6659913197791087,-0.5017551377567069,0.011415887474252338,0.488256032851219,2.375912143526382,-2.060666447883829,1.4623512385125248
1.0223338218609328,-1.3937657213783057,2.0089734764824776,-2.799682010666585,3.557548533005053,-0.273082765967987,-1.1502956342750952,-2.7851721607842954,1.5587960088037427,-3.3025371073098952,-5.204373102412946,3.8688311199398857,-5.907077069046732,-1.3553160123562955,-9.692623852331788,-2.6884391349673606,-2.5216999333737617,-6.762915496060717,-1.3279654307693494,-1.9131817652853362,0.21443413238469783,0.9892298431291493,-0.41576457860306243,-0.8008765774318094,-0.7632839443112452,0.9810134415289579,0.09656552351828408,1.2711145609130998,0.4307995831339716,-0.3477009590377171
-0.7112717449765183,-1.4073064125546135,0.4149578893482108,-0.9171754287532323,1.0607706756693167,-0.8450402505449585,-0.09768202969577162,-1.1941084443125767,-0.20687530223721443,-0.09224458067333831,-2.1180403086224,1.8791659706095516,-3.847155007271084,0.7242542716205727,-6.645419221904581,1.5713124139485923,-3.7703190709356185,-5.7606859996614945,-2.387027445614065,1.8976718521516915,-0.1374482652323344,0.43553895804797055,0.841526039560569,0.2786237017455199,-0.8291045059470945,-0.3339329159023966,2.4466133119144846,-2.880093269323812,2.5113627903756677,0.05314132612776551
-1.1036630445957039,-1.9622046381542824,2.0469433195773887,-3.624727749731706,4.334030304613188,2.0274640981501597,-1.9869003033785815,-1.3476825273706572,-2.196528318931033,-3.5964353514659395,-4.202406719125854,4.020813680621061,-5.4727519644297695,-0.9709274090433262,-11.406383310102099,0.5749975190748835,-1.3024825589354652,0.9893586547779313,0.4645739077473368,-1.769530088182019,0.07238479621392477,-1.739114568302668,0.9912025457186642,0.718939178689784,-0.42591724595315333,1.260056161800336,1.1548170133595146,1.8261135941972395,-0.6215340803894869,-0.3477009590377171
1.3824856087766206,0.2893143261574516,2.0070880198777177,-4.3759872613506765,4.516389667750591,-0.039394203280612536,-1.7993821165427781,-2.2549276735031647,0.43244136119028537,-3.2282185087638298,-4.910809070229011,3.551347405855236,-7.129109806578977,-0.44425294540935567,-11.591696730647346,-0.889989482511045,-3.7767927241702535,-6.928528296093058,-2.2061672499167746,-1.252323442124527,0.7218573988631933,0.8352160427846258,-0.503421374239055,-0.2876219206130704,-0.8639956650050354,1.2388082367691797,0.5111440253687762,2.2293700227925486,1.4480333075904568,-0.3329834661794024
-1.276716157200108,0.2748863070342662,0.9431698377111438,-1.3633024974687888,2.289511737827847,0.133782004197315,0.022160770523825462,-1.223808001189586,0.451094099956372,-1.8230735923591093,-1.9634409858627784,2.7050293444224924,-2.2534542539683837,0.6193510978616308,-4.866933882452289,0.2419515626821464,-0.8860208194223155,-3.812938078575159,-0.44231871430500413,-0.8438824641766163,0.39404756123565404,0.5053380165424168,0.1538468640795253,-0.48655899479234227,-1.740496577359637,1.4807733617942225,0.49954995407327274,1.0335166274064977,0.7096625905299547,-0.2758285413393888
0.9489894569058172,-1.4920149010862072,-0.13800431663385485,-3.878405723186027,1.5551658111660736,-1.4030602535364447,0.4749887555507737,-1.0054545452398318,1.2688276590784782,-1.7320730187029671,-5.917462560432475,4.150266693729901,-5.313593700897574,-0.8928608789100375,-8.025380327280786,0.5975331410035764,-4.9254012739919535,-6.753543153937917,-2.1133848746419908,-0.23809910510812898,2.895331646566265,1.9609919410804055,1.233544741080653,2.208197037748573,-3.3498741209649423,0.9780363256999562,0.3579647519511669,1.7949919031409587,0.7168327696930856,2.5328195063290813
-0.021586232197321035,-5.428074405772214,4.397833169801178,-11.668195649755212,5.794457861434161,-7.369538027800741,-3.387261471915415,-10.482387910364974,5.693781225570397,-4.246626902891349,-13.739259573770049,8.231897583584418,-16.525950461317144,0.3410218670271962,-14.879161387858947,0.6073823799512752,-13.363503049207385,-18.764967158505296,-6.858324883224283,4.683919918423239,-1.0497445871161541,3.6940564528089452,0.9580646270161927,-1.814060099576731,0.7594648426252478,0.7424540189795102,1.0837749388737579,-3.4981915672609083,-1.4940449568021783,0.4002188948352312
1.4981140635479497,-0.4886289608247549,1.4323514190745816,-2.092545735196101,1.3919264413949812,0.3440116034467411,-1.4283397585933972,-0.044616683484166184,0.23354593439061364,-1.5916140523928823,-2.3164460004221734,0.8583604823196611,-2.5246415253563885,0.022199163204647668,-3.729177444101375,0.5031022053801864,-2.304446749235932,-2.0513332838270317,-0.5553541213627156,0.6474230295220169,0.24892941760671133,0.6433557228872991,0.9908557205055187,0.19509739948099303,-0.42188004733186374,-1.1868051526012253,-1.005121125190643,1.6881929570400631,1.3554409562051852,-0.19254906955575418
0.9312166621822692,-2.382584515089983,-2.396377424659648,0.13626245605943407,3.6398583751629467,3.790535328834851,0.7062802975919769,-0.5128352951501525,-0.5909229967123333,-0.21459670440951667,3.7116924696317923,0.9658913108992209,-0.5836707471673078,-0.2005039227649335,-0.7632376028155202,1.3833602067621662,-0.9627767001297179,-0.1224025962454233,-0.7124490085717922,1.3016995161331253,-2.964615558733105,-0.9043104298007497,2.5093480065561997,0.1809201248286087,-1.254535848273526,-0.9624240372192352,1.3082859368024804,-1.2688759087361086,2.230915659317177,-0.26206828378893193
0.026320293864375163,-0.9973488907170753,2.147771754718429,-0.8646392632406436,4.206395127201917,-0.7278862523591002,0.7393400809354159,-3.704140466927131,-4.105610134574408,-2.2941234100860894,-2.623646018911379,1.987309910987355,-6.513216485554569,2.391061275989541,-2.344643026851921,-0.6202474944697715,-4.501945157883591,-7.258165885408023,-2.7758805758657865,1.9184307721562723,2.5506201275193328,-2.719138920300521,1.5617342928316589,-0.06616213812354058,-0.35535144921251755,-1.6594124594292456,0.4407589169598143,1.3161861101102663,1.0942056564923988,-0.27606785016635327
-1.2687563036390876,0.16984051961244764,1.0310872906727921,-1.7133220813878973,2.573668841842293,-0.4242219134738326,-0.4908954949632716,-1.837704908115889,0.5670789843557169,-1.8618669864549522,-2.6094202445833,2.7499992153342503,-4.410858561777092,-1.3773034350541298,-5.57246648267323,0.1774753063299361,-1.5537121807279093,-6.03574200306365,-0.40300419554231426,-0.15333220967219222,0.4285662301078031,0.6379144250905256,-0.19933663965449736,-0.5068897346115536,-1.2710080558248886,1.5511441332461067,0.4731691460669543,1.3608975436211368,0.9338751378113153,-0.27606785016635327
-0.0208070930921418,-5.258820459741751,3.9316110595217673,-9.949243648227357,4.629124690383654,-6.437115168892591,-3.358211802110995,-12.031999526262398,3.223391309279863,-3.972431373579546,-13.378851539079248,7.446572422829613,-15.893957651809224,0.13633277109516945,-12.0994306451586,-0.08498252440099573,-13.115781656946785,-22.71101051617341,-8.308673427528266,2.716567275802132,0.14821312729382496,2.052324886165215,1.43487769388463,-1.0883348810044833,0.9479628927101318,-3.0729609929368706,-0.816799870607513,-1.157776775935201,0.32350565154780087,-0.3477009590377171
-0.22492048083544783,-0.9843418306519223,1.108552569546862,-4.632193298309603,3.7774271146157026,-1.9856695011353613,-1.5820498081462646,-4.050235166875987,1.0124406210430876,-3.994549303665273,-7.675323855564902,7.0556425158172225,-9.460610358746496,-0.2241216826699457,-13.468155089462861,-0.07940004836575412,-7.204979323682259,-15.066452078968394,-4.458645492940246,1.0362037899112326,2.8200520678547703,1.8729818902890427,-1.091749230346561,-1.2295879238533534,-0.6266053978527668,1.3801307999140813,2.3053278688370256,3.155528640132398,2.5048366353342084,1.691409670722014
1.4381624680764558,-2.6747390061710474,0.3780839715127305,-3.8171751250733306,1.1857841303352556,-0.26429066213615066,-0.357660922621632,-3.452932408956787,-0.583089405964734,-2.7086609883546244,-5.089752619614355,1.746758326845,-4.855839543544241,-1.2156703405726534,-3.034684498662313,0.30720325831529505,-6.335177180257096,-8.636655610297014,-5.838581913600314,-0.3799748898604411,-0.2624153604630125,-0.4442544240331994,2.079186283176725,-0.344295098167807,-0.405487165512776,1.7145766641702616,1.7961479454973284,2.110787353860543,-2.9505129024427306,-0.19222999111980157
-0.08023224322229858,-0.94738673682938,0.9432146163218145,-0.9274968562526302,0.47274814596829884,-0.2032552776355064,0.886275947649316,-2.7939094978914047,-2.362375005543606,1.1313876685037967,-3.825976098352816,2.1685963330760933,-5.142997738559331,0.6657174857601418,-3.246765888618208,-2.6352379316128283,-2.7726273541305346,-4.691847523754418,-0.1490978845886277,0.7368381399563234,0.6978625603159606,-0.1301811291279571,1.3039575596235848,-0.47409181973881104,-0.6080526092979961,0.3825274732614832,-0.16333363044909857,0.9057790164518943,0.2251585693628913,-0.19709593726807906
-0.021586232197321035,-5.539312509019758,4.079796595013763,-11.06072842954335,5.951031710762659,-7.431953385907547,-3.148252164312378,-11.366960802481588,6.016656428598258,-3.3571309421640527,-14.029530965079955,7.880215087506601,-16.119331883419505,0.2726311934395527,-15.641278818439746,-0.2642641913712004,-13.572521502236425,-18.344910117680985,-6.852903083616619,5.0733773717514445,-0.8378513367503542,3.457690026126979,0.18633856493550913,-1.6321154865015282,0.6716143073990297,0.20575797534222967,-0.05469268494501113,-3.616794607993846,-1.2596729716110138,-0.04058796443331748
0.16391204827629735,-2.8610060894736176,3.1670058352919974,-4.960404804375193,5.73342083223085,-1.998477928174448,-1.1819230395321447,-5.111657594785935,2.5169154809715106,-4.108874278270571,-6.751659642220762,7.054090192369881,-10.695259682759882,2.61057350242187,-10.714326835184647,-0.20969689026595686,-6.2949019792592456,-10.303040420706333,-2.305812855145378,2.4057220229970557,0.29647598134047204,1.690601976995525,0.5898934620253021,-0.16135035684716884,-0.8589201569097591,-0.33820157396221623,0.9572265790381684,-0.26314156427724517,-1.4676024026986438,-0.3516894394871249
1.0224180531155467,-2.683736865592136,0.22134787755951293,-3.571399190148691,1.6951142620240944,0.5053230723016462,-1.5005721470384819,-4.71211010310106,-0.7447090531106091,-2.5780209101670613,-4.2477513974438175,2.6604106460152472,-3.1719540841618494,1.0905356513641342,-3.57230683500559,-1.1524063570764356,-4.289388103753694,-10.970940767283103,-3.5228519125656956,0.7444229665309897,-0.5224231635827756,-0.8825350567974546,0.7040903905096015,-1.7693091025425258,0.29614773371513997,0.42378373567736255,-1.4523333064016821,1.4337116678578317,-0.5315483252432491,-0.31619196348739553
0.16292233103458317,-1.469161532076972,2.7713060044544577,-6.3042004483538925,3.1366707266279286,-2.648757309285192,-1.4098473621289287,-2.837815498607531,1.299260364299156,-2.281868362616593,-6.973760800507207,6.87101656036761,-9.996833023029756,2.1351611085824396,-9.293824704314781,-1.7981948901126275,-8.222964458836003,-12.372762204570227,-3.9004331829046914,1.8203237652833133,0.13831534389854436,1.731420659516039,1.7912429512169323,-0.006376176878637791,-0.5956688963079156,-1.1451093371188523,-0.8113643318596755,1.4626305299645745,-0.7376430235930053,1.0320739676304127
1.3894978607232338,-0.32930010647123187,3.0336956781228697,-5.446060524967809,5.47858733783642,-0.15689127998816388,-2.0660264164646427,-2.7122561845636945,1.1806348345389686,-4.013813193638223,-5.473184510953817,4.392369332728772,-7.636655930759783,-0.1611808502137752,-13.609636694415999,1.1950486013868724,-3.274803831069676,-3.4015863721011392,-0.21537233311617046,0.7949655738639637,1.060654302656527,0.7991686693221067,-0.8351020611935852,0.0537045493689238,-1.2487474492020687,-0.014420050200061133,1.105216610335306,1.6398761064671985,0.5870007298564534,-0.3486183095410809
-1.028212898275239,-0.6688562133950632,1.0836141800465968,-0.9045714687361607,0.8576778823627246,-0.24414690195662447,-1.0433693228581247,-1.380125303287407,0.5607999177406543,-1.5496535002230727,-3.5383410674375293,2.907567951985449,-3.9726405430764955,-1.5478701264739623,-4.847924903637873,-0.2722505108373096,-2.353447672641764,-6.675744308459623,-0.924250110239776,-0.2948331200357347,0.3301267245569408,0.7254147750255977,-0.030979205977071093,-0.47752317651665344,-0.37358547838532985,0.700290925935004,-0.986076748273257,1.4113365770082633,0.8970254410469726,-0.3477009590377171
-0.7554299802078928,-1.1882650634124472,-2.0301864889434142,-2.318386052277675,2.242503159490534,-2.040722427247324,-0.15188503216410043,-0.7204465301598626,0.2800381159595085,-0.7314966000368227,-4.004876814449045,3.007300386712228,-2.730988640133628,0.06969195718397822,-5.8440029958770445,-1.0564718818884031,-2.860742354097394,-5.2839493359087335,-1.0378008697053167,0.7309799070522117,4.164702083547482,1.6684949434856822,-0.9593113602588154,-2.3565510601698394,-0.10122792549631801,0.45432596139699916,1.103429264525765,0.7467774065370135,1.6401301560812669,5.1905434537919595
-0.22492048083544783,-0.47916096958452553,2.1001722834349263,-4.253129818342574,3.4835397205961853,-1.6194639345038475,-1.7205262025484496,-4.599113214241953,1.1240300282262181,-3.9395659200863102,-7.455680438601286,7.048441673502083,-9.481783241793275,-0.31599096695377393,-13.589465178980886,-0.14981628377018122,-7.282261152831909,-15.084440860872213,-4.583758163566083,1.2372135725963471,1.466690517790919,1.450662763825163,-0.7192167713621355,-0.5099759728625917,-0.6700283834769453,1.7409772207630265,2.4186881584614035,3.3945510743789464,2.232027464306316,-0.3516894394871249
-0.021733636892895484,-2.9812260021961867,4.336948712423092,-8.45804124158094,4.965967509514425,-6.996001334958805,-2.206447887839216,-9.320916298967942,4.065584921546288,-3.1849282366697125,-12.262742672080366,8.301660424715136,-17.06562114031021,0.10265532973362125,-14.74322711938469,0.8154883785774697,-14.48184134291827,-22.402443433692948,-7.899932186915141,4.9245797297060045,0.07353724796355222,3.3494107582263393,1.4530979878241173,0.845418696080325,0.7813170276422133,-0.5282507615692237,0.5857784915476225,0.2591947047228336,0.7777102030069094,0.9089096913527003
-1.092902501818769,-2.0811301195809873,0.5842695020457209,-3.3496495358381853,3.500324307281936,-0.11714656431727219,-2.1269984552737418,-6.152834130866587,1.3590914316735492,-2.7272947804475107,-6.574740848764309,6.161173849767589,-9.442764507152736,-1.829171645993183,-11.233905770776888,0.24418320635049365,-9.638084531211863,-15.9938567731232,-5.618287911283736,3.231010512122614,0.07765939739072442,1.4019363701833312,0.2273906020816945,-1.6218120104818778,-0.7891790010778372,-0.5838665197114443,-0.22039217684260456,4.691602656401051,1.5639273106135778,-0.3477009590377171
-0.872511424121313,0.1961861273918944,0.7386511673318344,-1.2891858332162291,1.4740792570979098,-0.8295361378279491,-0.43247476743752006,-2.085661615327715,0.5402224808368183,-1.0861946045389352,-2.8489806965655906,2.768778462243552,-3.1141420958223436,0.1475630124527634,-4.717685735502124,0.6269482759705942,-2.4276964985528404,-7.17066139816437,-0.8421218949596454,0.7029208483116822,0.4949949000997251,0.8085509535245664,0.5123654228457609,-0.49489589224789904,-1.030508686536602,1.6132304627239982,-0.331116977023769,1.4806222605690917,0.8832299180325643,-0.31978159589186256
1.1635054045939486,-1.0983853263460979,1.327034479108,-2.2636822516199917,0.08439789334094187,-0.12568052961169446,0.21925171724650497,-2.268250003300375,-2.248395314722865,-0.5079393545252479,-4.128971120620321,1.8689081126942493,-2.6562162636696636,-0.9876059255910964,-4.9070462338399645,-0.7581607150916266,-2.9193089745141734,-4.1266168700745895,-0.0773760844985021,1.8302156970955112,0.6916728741794439,-0.10010742204110973,0.7732773221952043,-0.11967261224706117,-0.7224966205772917,0.6801086423322081,-1.0820159514034617,0.3569364012361165,0.08085434339264617,-0.15226541701673552
0.4979521462616542,-3.0436407795742326,3.222302526791803,-4.404398981145794,4.258173686605768,-1.005920951516588,0.5046590834380389,-3.3341172549810527,-3.999616007019952,-0.9167193151181016,0.4178546971612985,4.34903294760322,-5.163491822144009,-1.1882085258919486,-9.15844410550733,1.0966745267938305,-2.360853210436209,-3.8636550062285546,0.14920881738482267,1.1503495791489569,-1.4472961797127977,7.559956106129593,-2.069781161759669,2.159842154367115,0.23354657237281323,0.15073597996358415,0.9832431147015801,0.7092512889378951,4.491670082085328,0.0706507553006657
-0.022133735352311848,-1.9227293845928248,3.5724070162874946,-6.732632815781809,7.245791894730362,-4.067672237484471,-2.429513558962984,-8.58569093486359,2.7471313436997566,-4.802125397418397,-10.293891870358943,8.7129950398566,-18.49846793811748,-0.23370761410756674,-15.713116584612397,0.15346511227866957,-13.938132015718745,-23.886717831650163,-8.406179339410407,3.0717228841288233,1.5505056289000396,3.054905353532609,0.7523666236769618,0.6085313822421861,0.6315694253032175,-1.5739191269060202,0.8180077190915845,3.4895437256673807,2.3926623187063787,-0.35164955468263076
-0.45226063703855646,-1.4653933968574275,0.8102341181945275,-0.665976694459662,1.196375134421191,-0.5375997877041031,-0.5976507423750199,-2.110997632266121,0.8955844684780215,-1.0354029461784127,-3.6298723142996656,2.525141024097855,-2.299413932742255,0.5659157985938819,-5.584420107154088,-2.025913301435167,-2.9947827141609675,-6.197121898692567,-1.4721079360755767,0.48732091772506764,0.016289673826000783,0.7184757485521713,0.3137849461029869,-1.1943382923363237,-0.11052277749269702,0.41526000686696923,-0.9415673455113177,0.8625167671721188,0.6077857816947769,-0.2859592816808845
-0.9303151226001508,-4.320051188480312,4.163923495904518,-7.812295879198128,2.9623118955032877,-5.018441190021362,-2.4188248776054717,-6.099323605199213,5.049229044179346,-2.2480044476645173,-5.749924966833747,2.889304984015215,-6.537945793955149,-0.7018230802177386,-7.890855656767644,1.0115505736237624,-4.95197860479314,-8.694385817059521,-3.040937605351412,0.7927491822030397,1.0582571919529344,1.24887549179414,-0.9861314709778292,0.335816354141515,-0.09901236137923658,0.9788106868149318,-0.5341138792280339,2.8896062848238757,0.7008878493375521,0.04711872064915973
-0.02118613373790467,-6.680878487653812,4.458601342516174,-12.047994012896945,7.520867380084998,-8.503869773102545,-2.747863255939801,-12.010172956843947,7.39493020922516,-4.938179508774925,-12.153917114827069,6.238255589662906,-15.588783992050534,0.6641057468328179,-11.937633813660522,-2.6753479798930444,-11.247091107019923,-21.528423698863016,-8.666354035004892,0.7655867523375269,-1.7842397061816102,3.756372707923206,-0.3671655884159641,-0.6581125496550839,0.8594283982161781,-1.425948260568193,-0.3484562572425828,-6.169488971916725,-2.1753937234404757,-0.23079859706557485
-1.3762143267128615,-0.5418653687065612,1.5821225328769286,-1.9608773858013984,3.0794689024803765,2.71003924716517,-2.0486730599525513,1.6048890895038257,-0.29955263635598356,-2.513545401431571,-2.1500987135189327,2.0725169342233216,-2.60376323402254,-1.9616686777398737,-7.648106400196014,0.0841495644515259,2.621332771833073,7.709815537271745,3.063537121002369,-4.038207795529597,-0.11424768786554347,-0.08645033149216695,-0.2861765025667017,-0.2921679783219022,-0.17082210673069903,1.720595214849075,0.845048025559658,-0.32313452484305755,0.5873388569414724,-0.34897727278152757
0.7344735092176856,-1.2429287123028407,1.9564912367074099,-4.352898030361067,2.5378004634206155,-0.7825841592695393,-1.3060022538148859,-0.03835251646127608,0.253347576273013,-1.6222145590605745,-5.372672396020385,3.1889975573112035,-5.985112963547855,-1.1615348332163982,-11.508717102130362,0.6420239463644415,-2.7048953005085727,-1.601797716214157,0.22582977343465327,0.6429850104450324,-0.3626528314250824,-0.0487923435889601,-0.5780084749756844,0.25084675555864394,-1.1804858458655445,0.9007743114823691,-0.7234299749902288,1.0374727087365476,-1.0026242183503997,1.0943341474456683
-0.9208601642697325,-5.720626488772082,4.799689807586068,-9.2308255352992,3.0605771352591984,-6.150588717257356,-2.63322643457174,-7.215049751574657,6.466652661765816,-2.129938752147616,-5.456360749950947,2.4246411715169374,-5.811535995221886,-0.3937690919017952,-6.82789204409935,0.9824884652080499,-4.399497399588797,-7.93741416689036,-2.9714576918712443,0.5760833224386416,1.1181966493545363,1.2820049384490262,-1.3615883377067415,-0.4454718608676557,-0.04464073911549316,1.2374458606785783,-0.5461366496422595,2.677215631504554,0.6477660534020762,0.04711872064915973
0.1878968980276257,-2.306442430046635,1.5164162055480386,-2.6486989947266375,0.8401028479492928,-1.8027661724958757,-1.060913950577609,-3.4283650693061754,1.0621425220008331,1.0644982992695882,-4.1551381273000825,3.6258903928792963,-6.13459069108598,-0.11068145594504246,-4.377129579249677,-1.0181806781427944,-1.8457697725168278,-3.9723276267086067,0.2821715705747342,0.003971491088418301,-1.368912252061123,1.8049590929314372,0.14150676120118852,0.8098543336983571,-0.45883186012417465,0.2693153766230609,0.13380128979294642,-2.4011077798465856,1.0742261422911543,-0.3426355888669692
-0.38028502997091795,-3.3779246003918675,2.161138321553681,-4.658199303092409,3.025972663750287,-3.6942580760846178,-1.327694542428734,-3.987014820516912,2.3071264179374658,-3.460577914528167,-6.283178939905554,3.198969724061597,-6.970959677614006,0.43905841597944156,-7.2667539683554985,1.1039393947333769,-7.052705630146791,-12.514004679161566,-4.7805206194729095,2.6327097711321334,-0.7013911094551196,1.6539740456953402,0.056322347939990434,-1.6881082319907164,0.4558567089017099,0.11142837562540911,-0.5518646909928929,-1.2707446472448634,1.1881029501375822,0.6644158398040029
-0.2652461939818866,-0.748213769542344,1.1982426845360432,-0.7105981102809729,1.9911590493900653,0.05050547458897489,-0.591844717173743,-0.9658843064066847,0.5657574393674262,-1.2433836123635074,-2.6996611040137712,0.2964646912276684,-3.2602482523109635,-0.4679073451637075,-5.679240734073241,-1.4268044384002736,-1.0895771996441286,-3.231019108776378,-0.7587489335907271,-1.1398879027728865,0.06482546219175939,0.23637952441330737,-0.37590636874417893,-0.050364958413820285,-0.6705352912438943,0.30394063934823257,-0.2168723160303031,0.18241543759982234,-0.12762026498690424,-0.3477009590377171
1.3900243060645712,-0.43344545663040973,1.6496159564143054,-4.090762274493857,2.150246751699651,-2.3935670608460984,-1.4955855794160458,-3.015902779244065,1.2761554848776173,-2.323317534801989,-4.173189962209335,2.2456971828426315,-5.288396204469917,0.3976388574904176,-4.48533194898156,1.4364296470160767,-7.398547696749185,-10.322161489394885,-4.416795941421695,4.337405705250629,0.415897068931823,1.530502391118461,1.1091601929963137,0.317282991753764,0.058619338001470477,0.02458424551145497,1.2481516221112094,0.3396565608757392,-0.5247186344801933,0.15540596485058117
1.2773018295774239,0.9532953296063069,0.8268554645866484,-1.3162843713972892,2.947695220860776,0.8985262141335345,-0.5596506878935593,0.4624037760523995,-0.10978025943671306,-1.4148100800218049,0.21103701172057168,1.670610383347952,0.14240169547508003,0.10520141878320108,-3.090100197797962,-1.5023545702929897,2.1624316504955634,2.0303877079054544,1.3167727765791375,-1.9634441486216536,-0.2221284699091315,-0.41005065144503816,-1.1288917086096504,0.3295445630704013,-0.43515100341213,-0.21929224571981848,-0.49964561075947767,-0.01619768010206323,0.05231569847124013,-0.3391656108759844
-1.2421181693674193,-1.4589484251866285,2.453526151303831,-2.769713035950395,3.875526504056172,-2.226026430393244,-1.0678330480427456,-4.56335805691495,1.6954480420359814,-4.571192229890689,-5.817556129707125,3.70918236165909,-8.108135082344916,1.4499355621611991,-8.255150751309944,0.5788275568105783,-9.097029474788679,-16.897520784474555,-6.879620951480499,3.5525296584066757,1.2747824319512266,1.4694018332202867,-0.7739570290533232,0.16357224927355288,-0.11054881335943977,-0.9137455625548888,-0.21546847532703184,2.882037072635967,2.0293676883670675,-0.3477009590377171
-0.021586232197321035,-5.428074405772214,4.397833169801178,-11.668195649755212,5.794457861434161,-7.369538027800741,-3.387261471915415,-10.482387910364974,5.693781225570397,-4.246626902891349,-13.739259573770049,8.231897583584418,-16.525950461317144,0.3410218670271962,-14.879161387858947,0.6073823799512752,-13.363503049207385,-18.764967158505296,-6.858324883224283,4.683919918423239,-1.0497445871161541,3.6940564528089452,0.9580646270161927,-1.814060099576731,0.7594648426252478,0.7424540189795102,1.0837749388737579,-3.4981915672609083,-1.4940449568021783,0.4002188948352312
-0.6908035501053232,-0.8169050737553926,1.5816013719557889,-1.9711156564440244,2.164173909255605,-1.8107786051482584,-0.40559315362688403,-1.8393180155750986,1.0647268388878417,-1.820781721229257,-3.52993052169583,1.0931554687213616,-4.9970950034164,-0.7997558012679383,-4.758933850521041,1.9811368412213526,-3.6333104908554645,-6.360493427868315,-1.3369268906156788,2.4939877375101243,0.2936308174241976,0.9014945386193836,0.25323903207794296,-0.14265180590062224,-0.8354628483672906,-0.11818765088634137,-0.10964170883045346,0.7974762870275134,0.41327017910626923,0.3662370414062768
0.726197788451863,0.6039731968890255,1.8541945078686863,-4.066296405910542,3.915624884326693,1.1720110445329244,-1.3873304741897419,-0.811984890591098,0.2856706277251669,-2.6978730758140332,-3.5455315187635095,4.429114504033587,-4.878069827969252,-1.7757165312824692,-10.466818601938392,-0.4809516444947886,0.6587937086779407,0.2227812511084281,1.965934600885278,-2.2083039202262027,0.32896823919760443,0.14805564368792018,-1.2833554056989145,-0.10236479450731649,-0.011126741474578733,0.6639522363615646,0.13369281824688098,1.17723152407051,0.9897473058899325,-0.3516894394871249
-0.8804081042413727,0.6613004607802245,0.2534298407197491,0.12825677959541698,0.6368294795413671,0.09449114198462807,-0.27828930097570465,0.1276207276902446,-0.16973414540917942,-0.07309754773220778,-0.041149664608263206,-0.8594510182991388,0.6871699278902644,1.5845585887545315,-0.008088582905629008,1.035438053511286,0.4326307628423925,-1.0288307738784943,-0.08009727048433592,-0.08005181520153434,-0.03705274469606776,-0.15304656504206976,-0.3035613157150742,-0.19296933327535548,-0.7271805356325316,1.2896216857561649,-0.8582940281702786,0.08126903191639391,0.06253921956200059,-0.34698303255682367
0.0014089003122931408,0.42943532111566385,-0.22135703130287787,-1.6258814454416337,3.404921503053199,0.5620106291292688,-0.460942457209389,1.1045839077664605,-0.4413234822072593,-0.11123007849842434,-0.32886249120907635,0.6265261853177104,-2.8314913537576345,2.3750999298407556,-1.1596764772891281,-1.5852152266466932,1.8013442355492792,2.60859390482058,0.9541566890631835,-2.5852954642449646,1.2271780945277078,-0.1510170276124297,-1.7335592620032954,-0.5171499397766287,-0.6934224641574798,-0.4198602392956518,-0.5581604215210566,-0.35687839666970056,0.3190519075862737,1.9276473677404373
0.12716616345095236,-12.244260545321218,10.125781658844264,-14.65693438070781,6.769709891586421,-11.765012618503446,1.9512281973340795,-26.83999747640197,-18.094821041670933,-9.88129452012883,-18.260774739177503,3.1632925853675955,-10.936053416986512,-1.5319969700419866,0.12171858167640828,-3.386964421747113,-8.699375629702232,-21.449824064899854,-8.954790882548176,-1.528326163741519,7.531808407999238,-17.16471101798403,7.955787268550244,4.383321315904708,0.8486223579185468,-3.085267984550226,-0.9539618349660169,-11.424250301945108,-1.0237842378045705,-0.3477009590377171
0.11240463607985386,-10.027280175111573,8.91814682940398,-15.047198462263278,8.55639510332156,-10.799255202028014,0.632466596587809,-22.61848829128888,-10.003702489291157,-8.16661272948544,-17.411149100999683,4.878383109071019,-12.733506289141852,-1.0773053240573254,-7.72320147862766,-3.270725449895531,-9.815639434370231,-16.354438749618062,-7.152957528026591,1.7470423897581586,4.976163800027211,-11.196844745033246,4.5717514919512245,4.120323885808569,0.32261570049491967,-2.2909984405254327,0.07946425180090845,-10.191008418479104,-1.9743255072479453,-0.34259570406247514
0.16298550447554366,-2.1552760842511476,1.741326280570636,-3.8859470183041815,4.866973049123484,-2.468217193166437,-0.8662935440980164,-6.249862430216538,2.393492795994582,-2.2857547510450265,-4.704570811185611,5.250873397366161,-9.33513481491951,2.8102117219039116,-6.387605160827779,-2.3031330794129135,-7.148550766893828,-16.069869346454958,-4.99818441861043,0.6264757747649607,-0.2943452640005155,2.2045000710339164,2.160081389443182,-0.9213293411740776,-0.09708500911965039,-3.508043098985224,-0.15054802025762953,0.33784546244074254,-1.8352116305669397,-0.32141687287611975
0.32991079330678136,-1.2512815101988342,1.2784088568011522,-3.392276942476721,0.9967929994519249,-1.2257143782528124,-0.5523195954572013,-2.953763182124788,1.6327096566629036,-0.7190869644361237,-5.177712055909407,3.454119080583081,-7.249632522630875,1.2093554789077434,-3.9868255676421205,-1.8600111076714259,-4.083927294411726,-8.660875317298323,-2.0913930415931015,0.9764802081349129,-0.16792755372278842,1.0887222417797349,0.501993859978863,0.3722518814764872,-0.46553912203958103,-0.6132662329753809,1.022525445151722,0.8891518063322152,-0.3536590055084619,-0.0317335378356322
-1.0262755794191176,-0.6877786034524962,1.293388017790365,-1.2235106744901894,1.4952124421920188,-0.7760069709061859,-0.8199279148457325,-1.801528040990749,0.8702281248017892,-1.7279987257003018,-3.0965453177382014,2.833440107831671,-3.800453516771719,-1.296056947517891,-4.169042615918013,0.5803415419743498,-2.977018280598631,-6.109671251802182,-0.8297646468273625,1.5791281694251604,0.2892013381197235,0.8288037964821386,0.27912651845861114,-0.09697180658158154,-0.30802876254056266,-0.03212724449558337,-0.5890324369716359,0.976757899453665,0.7126260253060771,-0.3477009590377171
-1.1539491036002447,0.5528029270289054,0.7155359063158523,-0.8881258608435783,1.4117487001471176,0.5928382493131974,-0.578605514855719,0.1859055441111674,0.078991767650241,-0.15336608019087475,-1.8038393767395486,2.7522849878710947,0.31079169732804124,-0.5990171189570862,-4.877156936766706,-0.3281015103215696,1.1466898932662408,4.622460996897419,1.9306320786353461,-1.0919271857885684,-0.0767504885245017,-0.425014897469477,-0.8818692548481712,-0.19173750684408278,-0.2972647778459926,1.1701793541972598,-0.7047597822162506,0.2389821528413923,0.351192070406025,-0.3477009590377171
0.7960465563404987,0.22040660137814175,1.129020102028873,-2.8443220873239423,1.7290504201369394,3.315476413275516,-2.2376110161205127,-2.254839061657654,-2.282400111879459,-0.25279601105380595,-2.130594759112715,2.18186099051447,-0.4117067433301529,-1.6616207932668028,-6.141667869456924,-0.4681148662318336,1.922744440434567,6.562731465457387,3.823683624082387,-0.6881969620174737,0.4149585955334395,-1.884245078087105,-0.4811771668187082,-6.343464051878724,-1.3676708450252586,-4.640502778992425,-1.591897011289292,0.9559837520962039,0.9764767776962919,-0.3477009590377171
1.516118494221686,1.067477784950737,-0.4590282631244589,-0.786565858244022,-0.5335529295275147,-0.4497777814108275,-0.24106240542266602,-0.8741625503563379,0.09872927361011234,-0.12906415570597593,0.2298737253880083,1.313881529612557,-0.33364294790256255,-0.3652527980120294,-1.9087840879509061,-0.25178920414408684,2.108590080434522,1.4140898743491184,0.044596106938908545,0.5190083726991942,0.04986542902195785,0.39169832339500993,1.145924970507952,0.2262555247015432,0.9794685710241356,-0.3750475331544339,-0.28385881682146086,0.050015281282801284,-0.04778705506091238,-0.27211925452143954
-1.1304064679356396,-4.309044754041534,3.7282009871843917,-7.710293515728727,4.734070095438401,-5.912013552635956,-2.790753967590436,-10.0186604343044,4.7227048010480575,-5.679927940381867,-12.323405131087904,7.463074223366513,-13.401346682407207,0.8324536466775074,-15.668994883462902,1.6741347229431973,-13.463588586511063,-24.04502615990604,-9.070713114335636,4.679122991351569,0.6768661416101817,2.983132134353195,-0.38981163669757923,0.0127795494605228,0.6676392405809615,-0.0347885519873875,1.0843625391234957,1.957758767896235,0.20687631945205145,-0.23099802108804524
-1.6048179517351797,-6.299588902735586,2.7219567728730194,-10.946221910043562,7.13860497132927,-7.5533698995406935,0.09903811058578607,-12.596937248912257,-0.971281673656889,-4.8346817936989614,-11.911203252937886,8.640591311242652,-13.606378009172435,1.1728760131207991,-10.26141717125988,0.40348240112346245,-10.871299522388263,-20.779119824637366,-8.097415191215308,2.5416399544600394,-0.10962903953455133,-2.843660370044125,2.4044788059342395,2.1943381267688133,-0.9152081993848294,-3.0889842536351306,0.31871182835808715,2.994440148050159,-5.718030847095574,0.40125589975207715
-1.1167820625018299,-9.77095344679177,5.6317941198712775,-13.287636063520758,5.522206357368402,-11.345872800935979,-1.252372290093531,-17.23197029622049,0.5391059712261734,-7.792245584614687,-15.327267866274306,4.728170557206359,-9.48115243886366,1.3253681408475562,-7.576851712204198,0.9071458841639365,-10.90338059745154,-22.210727814534028,-9.647128555423494,4.086468983522553,0.5555267690568955,-2.9703096978026817,0.7168472659733159,-1.212282416703617,1.09536037103658,-1.8183729926845793,0.25245949499825604,-8.351436705181099,-3.843773363319983,0.20629897538502456
-1.1084431682950466,-1.2888761530764452,1.2726015318425399,-3.2638606293070542,4.560189577190318,2.3005397396544676,-2.296875666597464,-0.1492104511789689,-0.32731247931881063,-3.3266662694376827,-3.753461392847357,4.307311070106326,-5.87279094739043,-0.7549247700888555,-12.11710075917913,0.9157126115676913,-1.6699727072041939,0.7525220125238625,0.46502203096175904,-1.3068601793185077,-0.20990874514235547,0.037505700711120436,0.30322923184628137,1.5560580707505423,-0.47951822798867105,2.2286647874262,1.377412642845528,1.1263423288592522,-1.2413217041784534,-0.3477009590377171
-1.1224466143746195,-0.535397015189323,0.7887384981600406,-0.11880080331801994,1.8291745642519126,-0.844445278373349,0.024785325834072842,-1.7569489740388553,0.5870900480522481,-1.039696708641491,-2.9702175640382396,3.4258248648568745,-2.4656704087680277,0.17873702779325057,-5.39811489640977,-0.7505492982906311,-4.569761429923118,-5.562389132758145,-2.1686472174958364,1.7942808042426959,0.8380756645097398,0.7464950399586132,0.859845047447839,-0.21789825836166857,0.2180914575030123,0.060580721966243846,-0.3669085411948661,1.247041176412387,0.21327785036987254,-0.19434388575798767
-0.3634177212344702,-3.644789410498208,1.6818758863363423,-4.459520223283647,3.1404681392906664,-3.961102335273014,-1.2862163729942577,-5.2368341544513175,2.86184459741737,-2.7832483212445713,-5.763238969349381,2.3498437463337214,-6.18787095623813,0.6069240612091791,-5.864372751298825,0.22496829468049842,-7.462482150719003,-13.513753387541414,-5.595650542873869,2.9862698112939348,-0.7991009361261915,1.7727207644671534,-0.022626556319418876,-1.3973482367081054,0.6319085129067983,-2.022061662960061,-1.2755418749032417,-1.8935913041764902,1.2518264863910054,0.07467912055456759
1.277428176459345,0.9584023647564319,0.804147491259375,-1.5396970039987843,2.9898147117396974,0.9821996528612159,-0.6402701235978572,0.5781105709434261,-0.1380434006323004,-1.3697068164478754,0.239172024460761,1.424674580265744,-0.284234290950882,-0.7607890630450522,-2.8844393206027994,-1.8653184826523914,1.8170384326370974,2.2848659493143386,1.4178287214648146,-1.8807859508665643,-0.29204443908414757,-0.20749473611660077,-0.49748064742146336,0.06911512543637527,-0.3999572480014985,0.3295122086600539,-0.005658576812765473,-0.06568023085572651,0.015550163136147637,-0.3235307675143059
0.9561912291753117,0.4850781709299707,1.9728515896303607,-3.3252545475126003,3.271804912645567,2.1849816016973986,-1.0129086288234401,0.7920230467599013,-1.5267621170594758,-1.9134758968401713,-1.240200468862019,2.630859456691898,-1.470801101540563,-0.7090870537682133,-7.787978020994006,-0.6141957340336078,3.5925150890417483,6.710278098081421,4.518282229492339,-2.3472104060644674,-0.493568640022561,1.9105154962822115,-1.0483896046298387,0.570978877895837,-1.958738543867663,-2.466300842297301,0.0004963442316632322,0.41916175803928063,0.33071047180476243,-0.3486183095410809
1.5256997994340253,-0.7020290847653624,1.6940662594847662,-2.868224453624575,1.6956086094777671,-1.2240132716416476,0.08436450613263205,-0.7445845425309109,-1.8040564912460484,-1.84825038036012,-4.041844937981405,1.2193371760861171,-3.926957261177773,-1.232413537599078,-4.914207405596711,0.7379894178841914,-2.374625069049403,-3.179111521294706,-0.6270392091398475,0.5180784089672149,0.8448251700372611,-1.1852986793366371,0.6952223807876201,0.2198599042395668,0.6088542213507531,0.19912732591743268,-0.8597265659660818,1.1237711914609119,0.29533767106278697,1.0406093157921452
-0.641696728665378,-0.6885610885320129,1.5301187860975134,-0.5161056568033511,2.8837984809101593,-0.4801907508490599,-0.448916680340593,-1.569432021951267,-0.2762490376465944,-1.689504578420868,-2.9106997962606775,1.5050871483706296,-4.6541027709027185,-1.1196849542151068,-6.73208413420329,-0.3211921123715829,-3.2586660433058876,-4.3289567478758215,-1.4103349759168464,1.0209251102452264,0.45393528080786155,1.4687877518890902,-0.48547975312495223,-0.34810657434811443,0.208390421025343,-0.14105890158846546,0.37139512094252536,1.5129670040464203,0.7158912074897543,-0.3477009590377171
-0.19602916050285568,-1.1273685610177322,1.9765807636421373,-3.5874228355422804,2.6024796071889558,-2.222854956921022,-0.5034138832589412,-2.9846346144781335,1.5297842917968651,-2.779748991262171,-5.849021956978757,4.270289781466664,-6.478596468217135,-0.06130044392728736,-8.831478410215666,-0.3601245817801594,-6.222223101294568,-11.274644694243346,-2.9064328778034287,2.8701406461206895,1.0499881718491102,1.252487320492005,0.05149518572686823,0.042561136986507514,-1.3070955827984168,0.3398626550345023,-0.2831035679766352,2.6860128794454408,1.1429668091676828,0.6086169983167882
-1.1299221382216094,-4.595461263489343,4.010557298808572,-8.198602051769262,5.31120863152079,-7.441780946899235,-1.5865481398076717,-8.062127174828918,4.651675568898248,-6.729314918895795,-12.165512194988118,6.766076738571735,-13.328978578853167,0.7602415830672228,-14.03460187177487,-0.23113210826958697,-12.49264188635082,-25.948856659074778,-10.525893235881387,2.2751418741583334,-0.8360033771457269,2.4158033388850293,-1.688029606573857,0.1315602376161895,0.7473167055199468,0.8911203011635339,-0.6163741908740836,1.3004028572725275,-1.379599727598425,1.4793022804225078
-1.811121352098449,-1.3592161968030936,3.551582168134226,-5.050675527534087,4.505914215598336,-0.044134674306379205,-2.3515202492800182,-2.5061177852295864,1.4930393086647742,-3.4919208373098685,-6.620223150633631,6.96996971926902,-9.966232077233856,-0.06740288473678896,-11.427019478380187,-1.8561712123337202,-2.720473973088072,-3.2876040692513113,0.3263224528670135,-1.6989828693921,0.5190628123380496,0.999243825976406,-0.6010521012611301,-0.613334016365873,-0.47204490972285207,1.9350005352415038,0.8571007380034542,0.6923481637002527,0.9291743468587007,-0.3477009590377171
-0.7632003134460317,-0.23083003715889364,1.349610506055909,-3.268463871748396,3.066853916476037,-2.6503728919445706,-0.01423532814956733,-4.366527786331355,-0.6277928492450052,-1.2419928740515584,-3.839111575928594,3.692212318910172,-4.24376713497637,-2.0583436665435,-4.927283955532437,0.23693435066063082,-5.419571376200566,-7.263724989751671,-2.8918919451940757,2.8423879100120226,0.9410693412534559,-0.7841148848788297,0.6828766446479178,1.8394102089126694,-0.026281141079525887,-3.9891305902337475,-1.1505691036153245,1.1242593851762492,0.0035692816971364502,0.10267825330941023
1.3018973559247036,0.10291736997105826,0.7135766538736392,0.22884224782070833,2.035617528370132,1.0198559381563272,-0.37798813410866655,1.1615214604928918,-0.33166294651539535,-1.417820155036635,0.9959989136668154,-1.4849108861320581,-0.9799051717909728,-0.7136453552218388,0.1478991908818501,-1.607466509900994,0.4796595427607005,-0.9814620642913223,-0.360359742854319,-2.166053778469686,-0.26626716725687455,0.32952869360307974,1.1587269218829688,-0.5900491783187731,-0.04251484814471391,0.9450823746600377,0.48647368690742804,-0.690775840758151,-1.0157480691128007,-0.32141687287611975
-1.8365170753645614,0.35831691344089195,1.4716696157973486,-3.4542124904337737,3.1194246409145046,-1.5736692090500783,-2.002969307504561,-3.1315224897569305,0.7652428506603559,-0.15209455885932419,-4.611149244393713,4.588430196812784,-8.198545308854378,0.6428447288322354,-7.074622546086675,1.416302459677482,-4.358851382442697,-4.447253198894136,-1.2507674243713194,1.9086850929931918,0.5497402123201484,0.7494410887829542,-0.013923924391669293,1.1501882222936206,0.7822684864293793,-3.757709857607944,0.6626359158757134,1.4830981066538738,0.39503307216933986,-0.3477009590377171
-0.6410439364421198,0.5506748663801796,0.5296677015679341,-0.20027035109339386,1.9460828342102299,0.21855641709157422,-0.26225110513370087,-0.034660638979606896,0.20735444367790937,-0.7106922475563876,-0.14481662761401,1.8930137153902031,-0.941871556664217,-2.4453793156916896,-1.708607441201756,0.5830715641430138,1.6319009176422667,1.8870837388523054,1.4047575275762199,-1.928130672282111,-0.3257846265676427,-0.032143919832212216,-0.21895565236019188,-0.06193095891701432,-0.09920363360804897,0.6887384264637838,0.15947584753875083,0.046936912062746076,0.18480673262388334,-0.3516894394871249
-0.43644621898478336,-0.7910391519963896,1.0970779800272144,-0.6290060815597103,1.5630774976964548,-1.4612582005592962,-0.6853031247299316,-1.9024841861486466,1.0051394514243164,-1.5301202933675047,-3.2573183579873066,3.0444316446093804,-4.010099246754138,-1.9484117398717673,-3.9988193656653968,0.9072112507975651,-2.8302123865781192,-6.1739648346485945,-0.49343400066531373,1.145798824664028,0.5082807013644027,1.163012132532219,1.0671157973851015,0.09401521886369124,0.5674302689544417,-0.8984103071176001,-0.5778006043936212,1.5459166412518786,1.2094620430084917,-0.04481575370968975
1.0769156748507862,0.9664712233540966,1.1559638899506903,-2.3199185099048094,3.1845805526248587,1.4818366148296427,-1.0661663601766571,0.8538273447344984,-0.23560913628918392,-1.6706678969932958,-0.5782038949385072,2.1797366290094398,-0.7464133848102035,-0.7677554653946127,-5.170083804305156,-1.506909819259645,2.568267278902081,4.384659973867977,2.690226373697774,-2.396676296488458,-0.20649153121119682,-0.19740201720421358,-0.4277201101970279,-0.16190251309461237,-0.6850635368227737,0.7237667070496042,0.3125953866631608,-0.03368731120562341,0.14660232326595218,-0.34283501288943957
-0.011015209743267631,-13.506689050046752,10.004284384418526,-19.914969326244204,6.288864370991773,-12.969855809240094,-0.9215137181032077,-25.191133282180278,-9.600239007554102,-8.623760777576958,-20.425046829089307,4.337514341244827,-10.632163368422669,-0.7074762870411327,-4.106888589572968,-2.6236296199592504,-7.788260463001915,-14.762161457024582,-6.557743864179272,-0.6985906993135329,3.649746623394469,-11.913650462282046,4.768401495378983,1.4288533304983126,0.42145091743827406,-1.4147970408758652,-2.0058395032552974,-17.937316493117553,-4.052866797256981,-0.3477009590377171
0.4460446356057943,0.48416717774868284,0.8089316112142391,-3.2040217507004822,1.2960465418397864,-0.763587786601345,-1.92429868890982,-1.8467463023959778,0.21934112364243227,-0.8165746616677799,-4.181564312715499,2.4082649175721524,-4.945191347899669,-1.2070395206354396,-6.720056171170891,1.1081938504164788,-3.5783609395823444,-6.097165684022988,-2.1642074046510054,0.6386718554487723,0.5521600222187983,0.4166594439222922,-1.1780204180778477,0.16117921413632788,-0.46458067422203375,0.04815362483069601,-0.2242408806059226,1.544351778048604,0.9650858149923283,-0.09243821027561872
-1.7434204812024696,-2.3980497229566207,1.6338407975791098,-2.953066787401191,3.86174404869071,-1.1285668611498842,-1.1630347779251278,-3.3141139803172104,0.46527705750428444,-1.3661743265968072,-4.229748196196108,5.1769092911880135,-11.39153956335726,0.3772679684667021,-8.513297632583074,0.5986257184123449,-7.609481940334285,-12.137815686663307,-4.996141281676032,1.2173332859907429,-0.20494388692098645,0.7803521072160877,-0.11087463538302775,0.5074094915516267,-0.40571067586815135,0.650175240070193,0.06669846401420201,-3.7250295710596375,1.8594354496523624,-0.3516894394871249
-0.6338421641726252,-4.464298919257614,-2.073864703993956,-3.2008360336289123,4.66631373807037,-2.030146013668408,0.08013941120651669,-2.640345653764482,0.7896165847637864,-2.3323414912256517,-3.3366044460740785,5.169409030603279,-5.6059979057660945,0.1754235880270671,-6.987427549657245,2.2766497106612076,-4.973250347757553,-10.3776745603035,-4.0621277245485246,1.6368342872218093,-2.3576888554896533,0.1395214393492909,0.4289773337212076,-6.581340261269562,0.057681869995895425,-2.173638983449618,0.5646766526318929,4.5473638054285,-5.494967799299764,2.521532106657257
-1.121920169033282,-9.315488663108587,5.2839673665449185,-11.799560027671165,6.532745472831878,-10.540550679150837,-1.4350745009966104,-14.546454531358568,4.635074993488819,-8.460961057484223,-13.400943483439756,4.310472462319717,-10.419187518487135,1.6218819687133432,-7.23603108292057,0.17275698970122774,-11.812723602527335,-23.992125106595594,-10.173876194912657,4.000191418406142,-0.6815859924236384,0.8142920391027443,0.8474403044677351,-0.7754797588907041,1.2217427583341443,-0.45313445880518693,-0.09587906098166267,-7.436792480965114,-3.126891796733373,-0.13651091924157474
1.4971243463062356,-2.9443113557879634,-5.094736484320258,0.037567927794464044,4.909371804212627,7.1619540048106884,-4.335904774319441,-4.64213975252938,0.6061177854107181,-0.9814338361039525,2.4755446191297796,-1.446587185320607,-0.05337255255510368,0.1146700686432436,1.0297190985754183,0.3969057740171614,-0.7701384028786283,0.3874205709705285,0.10897215507316332,1.6061321814147747,3.235870809590357,1.197376995938023,-0.1801462677554627,3.5724572537176638,1.0996207567507241,-3.624828521780399,-0.2509220125140371,0.18111398432313058,1.7851851937966425,-0.3516894394871249
-1.6045020845303772,-7.861286128056863,4.531475259595342,-12.556369787178255,7.886029856307254,-4.997245528979717,-1.5923541395989975,-12.042207132288883,-0.604945581998707,-6.539213192100933,-13.04157452235247,10.08495010360235,-15.04069195224481,0.3477236772139294,-15.341493512838804,-0.3792821822064744,-9.53074541812513,-14.928325883396457,-5.813449810556407,0.7420334621052962,1.4432992771176434,-3.327052094310125,1.0020100056752748,-0.5500782517150847,-1.6214080454931812,1.9107072947607093,1.6944826509475848,5.588610352373755,-3.6037879598559006,-0.3477009590377171
1.2061895928695787,-2.3860204194544417,2.544712498742786,-5.538243619446702,5.468911574323616,-0.8256059765859651,-1.5727949970294401,-3.1003524201477637,0.4561450252372274,-1.3934948137643317,-2.1401379410972985,4.274497525777217,-8.696125979689276,-1.1603446111855644,-14.102272383427252,1.3196983119414465,-4.903553803825636,-6.695017739926424,-1.4733423540449513,1.3262454803239567,-0.2325879783826333,0.7535301594956729,0.903599733851686,0.7688136303290815,-1.0310609693001316,-0.5671787044936404,0.7774359379921676,-6.614608311904474,1.260830086017552,-0.3477009590377171
1.1200420772131394,-1.1332839002946888,0.4416453759830053,-3.6018520807247123,4.184631915763165,2.8503810334475768,-2.317291742281143,-1.3549004872707595,0.7264150589657572,-2.8960361281659104,-3.147359425127388,3.624382051584677,-3.9951135995457956,-1.7282934504062555,-9.033807227254032,-0.2663075246753259,1.3451136307141685,2.5279939053324036,3.0926159432539473,-1.5458999648508267,1.252939118542196,0.5675158584797764,-1.1266472257657572,-0.045906922346977797,0.042952113408281097,-1.5831258232895464,-0.02742079928103645,1.0208149136105253,-0.40234198073711847,-0.3516894394871249
-1.2677034129564129,-1.2455999867796286,1.5717402492163832,-1.8740600522701114,0.9084655426324539,-1.2882243828101894,-1.0779384294696237,-1.7813978259552723,-1.9155102759865739,-0.26754188621865027,-3.4219211306556776,3.8345721097674272,-7.248040643222171,-1.21843411543635,-10.102153223070522,1.0127117234437886,-5.419089311441137,-10.988701955307324,-3.6740023561489537,0.21756463837081452,0.6675220494386944,2.4138565585966014,-1.0633270802053354,0.10467726466623234,0.17212873026786435,-0.10920712073623041,0.5032314380825718,-0.6632671029012225,-2.2752487058374533,0.14806716082367083
-1.4033578485122138,-1.4232543796926247,-0.0429687993896868,-0.9931470029598943,2.3743784177283485,-2.433805881375927,0.42593120424212816,0.245130413474963,0.8118885293607372,-2.0472829731112,-3.3611401093881157,0.9694531749991667,-3.850951828343885,-0.9665630528166931,-3.3285975815192756,-1.2312272893375507,-3.3780495596455986,-6.9194258226243,-3.4695244326738486,-1.4209027805846426,2.0866462560428407,1.2008402354994796,-0.33966256094206276,2.792681609299597,0.3637780296521652,0.30108725103799056,-0.5519805433672873,0.5451876921163071,0.7827869168972397,2.5633313817670507
0.029605312794320045,-1.8137370992686515,3.29087293281414,-2.4625185282966515,4.7173186528971645,-1.5858014019909603,1.8292400549318713,-7.063944745323141,-10.162031106429424,-2.6036024492680303,-5.215626605111885,2.49374898945915,-6.1713293770908875,1.8080499673114392,-4.528212285552844,-0.16476310131285046,-2.102319427339125,-3.97405458852619,-0.3365990681650123,0.18174671311062743,4.9216981901547525,-7.741036966439756,3.4595005579696854,1.5203321110677668,-0.8957718954883881,-1.1885178496533808,0.842197025540722,0.0570356968938134,0.5034185491384551,-0.2177163811915173
0.3298055042385139,-0.782882755862522,1.3542223490050576,-3.9086385228105405,2.391986941383965,-0.11135234246037323,-1.0656255476942278,-3.131916444042586,1.21285341337481,-1.3361692940289254,-4.794427645320299,4.461439748400842,-7.791128100977103,1.1669174230981165,-5.472386888801742,-0.18837121084279948,-5.397547385432354,-5.7429426312541425,-1.352274392720462,4.333394757879806,0.6770056527694526,0.860093246383546,-0.09802581487191088,-0.7815242027095035,-0.5942404762304493,0.09848334960727446,2.2732077073268124,1.1651603006258917,-0.3267307917159788,-0.34865819434557493
-0.3727884483102745,-0.7206247861278839,1.3757607744624452,-1.515995027918785,1.3217020032289666,0.18033387522327896,-0.9071620223512613,-1.0971370229001534,0.9260337282759896,-1.2011362415607214,-4.25917734490142,3.295167939568349,-3.0120547310827512,-1.9679024432910042,-7.078073395233861,-0.951376705955054,-0.9922966466393487,-0.43912459861826764,0.49972978357774145,-1.10028933377843,0.07662325727408238,0.2109107719378293,-0.847670370782784,-0.3126722317557672,-0.7666986110779733,0.22855063422554914,-1.005654472066609,0.9227856810430946,0.5735132175856991,-0.3477009590377171
-1.9041126571922733,-1.176231500280985,1.0670914253972845,-0.23715721241125284,1.6458239050561916,-0.5956966268528421,-0.05605134855533201,0.4539973537920358,-0.33463664451721953,-0.21775674596886138,-1.403933473379804,1.995392816319782,-6.585848083988765,0.02356948832699776,-1.537716208034693,-0.7644398756106564,-2.609260808926403,-5.664574340140647,-3.118141396798101,-1.6403211076812134,-0.5565913175115187,-0.4007506149213188,-1.2851731984643366,0.2752170555677387,-0.1438118870662432,-0.29825124804940994,-1.126190414477553,0.097883997407721,-0.4685362429630042,0.6052666747392854
1.2771544248818494,0.36262825663197024,1.587292319801328,-3.1162241156313333,4.12680158042925,-0.4351758523399699,-1.2358200928088845,-2.2490407689936753,0.45389092649706636,-2.7746242490248036,-3.614381509144513,2.7066634861114243,-5.4591416715208805,0.550620295703727,-8.783047108421393,-0.8867048518338941,-3.4466726682180258,-7.868528942999687,-3.0804279860241714,-1.0087097715331967,0.5994140650355528,0.49000036190903173,-1.193038123925429,0.22302181811425187,-0.5550128909527894,0.24769026301980632,-0.3232197963465768,1.9744757446882313,1.1990529224157727,-0.3361343657344345
-1.1312487804817795,-3.0290004272685356,2.7725761843503225,-6.221165570691914,4.6452740420749405,-4.43283754854956,-2.7498392633752013,-8.796760995149207,3.1134773345830418,-5.340348594011721,-11.950503459723,8.110382634977451,-14.206509617580506,0.483186358213126,-17.08963434292495,1.797866713688054,-14.154359406061813,-24.982440501048632,-9.208321343215326,4.73716038638559,1.546537024570959,2.740148000255417,-0.23110305792361982,0.07955972967372427,0.6355428173011468,-0.14816393878045553,1.1731110242949716,4.42562675307171,1.1343214276265947,-0.33055049310526363
1.2196034201668535,0.6748249694405702,-0.5114519031932026,-1.3835674131150422,0.5366184927432637,-0.14247355734925662,-0.8752767754941163,0.38957231659332964,-0.2932127069745323,0.9516623786274649,-1.3575008071996058,0.011601969481753889,0.4819845664938516,0.6697167927349897,-2.440121993297996,0.8958559743792561,0.5287740505021562,1.7384555824330816,1.0629147357192803,-0.5634369437770124,0.7608075707593798,0.18156737466044431,-0.16791972141041145,-0.33251254390290474,-0.4203964231431299,-0.18738012979180002,-1.2740229653823802,0.006728595916764751,0.22093481053058436,1.0759871373783925
-1.1364290026405386,-1.6034615271716017,2.0422329030940514,-1.8336755170435746,2.726053117094321,-0.8406214752192285,-0.5411458051102045,-3.387696512872587,-0.5018231507769323,-2.616165689294568,-4.870170336491618,3.752510446316014,-7.5212675616956615,-1.5329174769677922,-8.920188200559718,-0.4283041269105301,-7.068768109864485,-11.488805358157194,-5.7437728069838885,-1.0716480460084064,0.10220544145557124,3.3361890945513553,-0.4040947787550341,-0.30184177986666794,-0.2745733380021085,0.07423724427537481,-0.032374765139576586,1.9182474825955929,1.2155308060539132,-0.34865819434557493
-1.009934716024007,-0.24622043716504752,0.6427933519856016,0.4273114996746527,0.6396136730882193,0.5938052662514784,-0.06761672162282709,0.4070144609242797,0.1355443259341303,-0.6978232148536412,-0.5064728243629759,1.4531758978339642,-0.10845610889781,-0.8091215727173096,-0.8575846390806745,1.0010893229675872,0.2313096052979066,1.035851820232739,1.122245777306087,0.33422452633920513,-0.053860881826766335,0.09560116860656812,0.26481891564882326,-0.2784584974894756,-0.7246258957422568,0.46028102363632084,-0.4522355343381586,-0.17973781183725965,0.03153373755746405,-0.3477009590377171
-0.43427726417847357,-1.1492703557813408,1.4348747932216477,-1.9501943919434188,0.06343146067114379,-2.0520357899460713,-0.6334743698248916,-0.14061237048774172,-0.34134390249759955,0.15812157589389667,-2.7604491564659805,2.5568702608714977,-3.6933362912797856,-0.9664629559997339,-4.8425374092054385,2.121463178167351,-4.780497461004811,-5.455930080370744,-3.048427762968922,1.9521593364354075,-0.6299112010511798,0.34857616656366885,-0.6428636537263921,0.4638931663546429,0.4011823371613478,-2.452711942131023,-2.3315454968937512,-1.5580503778636605,0.9992262257444255,0.889844754804531
0.9267313478740753,-0.6632418411189084,1.1816110277232357,-2.9760420579890225,0.9222810343513332,-0.014251227700448198,-0.3816563636225907,-2.1345401726964393,1.07763439436319,-2.2928509523920817,-4.143546136980838,2.0544224463259426,-5.440612198567062,-1.2539178102402726,-4.004440833584881,0.43524041786544243,-7.281088861436748,-8.944636760542659,-5.844543051016186,0.18702928601544228,0.3261715154272357,1.602346602643401,1.8749101627424625,-0.43362448783780944,-0.5380136695303466,0.5589768456347454,1.7453872678048665,1.5883237384064783,0.6148008065817917,-0.35164955468263076
-0.8813557058557799,0.10479245419848139,0.8415804347204509,-0.6895740337759122,2.986661146106183,-1.194378201578611,-0.13500883613353776,-2.377008811371649,0.7214472203179629,-1.07754677559161,-2.8502787331289055,3.1413926620813206,-2.4621513352412747,0.31899484213545193,-6.691602141501437,-2.3280268872072045,-2.7753239126091485,-5.2697087429416944,-1.4451273124853512,0.04176279887248811,0.45729296166256356,0.6378973919587679,0.4748679303664885,-0.32490307360791526,0.6226746878332031,1.3739319932231482,0.4686842990669341,1.552392776840835,0.9780564422653671,-0.34865819434557493
-0.7720445951804986,-0.6756700234675269,0.9418833382470749,-1.502378519952695,2.1132941941279486,-1.4114861250131605,-0.3599096601079628,-1.1001561988120123,0.800413501782535,-2.123600458276481,-3.1237424749303844,3.070285087705188,-3.585637193728369,-0.5982342246327828,-4.171960055992588,1.0874411437946025,-3.2516356778463127,-5.717184526321338,-0.8391504187594814,2.643414347001866,1.283714356885658,0.8362338716768318,-0.26938582120361165,0.9414164921108309,-0.3850859952188907,-0.31392753319205696,-0.5760574002302358,1.058645605109463,0.7531693441627996,0.7252002818529776
0.5936809671304326,-0.5485750239891548,0.25231965741551327,-1.5004357184889612,1.0854601490051605,-0.5500797795648862,-1.2538993219959609,-1.9195435792109297,0.07621145471202441,0.003777747444399314,-2.555911350325279,1.4022795074008034,-4.501120060190047,-0.7132338337038218,-4.822304420069282,0.6781405570971651,-5.263583415871605,-8.912915949564281,-3.048332379677171,1.6198715796330738,0.29585925708520205,0.7281639761157364,1.1895391016097145,0.7183292830898259,-0.23780890387612041,-0.39320759802740957,-1.1188137058539886,1.2433881424936633,-0.7278460018853412,-0.3078161545436392
-0.05860586860016143,-0.8493105157845288,1.973437403212285,-4.646045459279263,1.6007725640726518,-3.0283603602192155,-0.5602053441015452,-0.2005877355651943,0.9161639674900348,-0.28052992912205277,-5.125486413919853,2.6624148944947135,-5.971982562760623,2.157949538288448,-4.405582400964485,-0.1507304675050866,-3.017861105330612,-3.000054939104093,-0.7952623853969186,0.768366702720674,-1.0913009962577753,0.612293119793475,0.7176994478328563,0.4913398468986048,-0.5249031643255826,-2.4071813077705264,-1.436054975597917,0.65430291906667,-0.3994590467510871,2.044310420885615
1.141563162767009,0.6044632183469608,1.9117013579339548,-4.048334479380035,3.906640775297893,1.2566935679503235,-1.3639348716361752,-0.7402715396462829,0.22325373619549563,-2.8784974457424535,-3.580926309323905,4.648148183710058,-4.179432899744571,-0.4589109045188791,-10.73932604909396,-0.6378934433284381,0.5885564916738233,0.1341752160385135,1.774483245616976,-2.2191624655760216,0.4377775857045648,0.16853394952539408,-1.1356329796691425,-0.12740764670676236,0.04808208971984844,0.7489273908429717,0.12459065780298312,1.1983646412685984,0.9983464507945828,-0.3516894394871249
-1.7017260101685538,-2.1204577927158352,4.975643351983964,-9.919778305594752,7.295983050226511,-2.89554845186213,-2.4405092339488377,-8.41048037549596,3.8785715064601183,-5.2052266626931525,-10.860111280814126,11.066263193342778,-16.789707205312002,0.24329607740674514,-18.537391015798374,-0.42402653259392536,-11.805602332220444,-16.535096492312466,-5.997061418593803,1.4701566469308462,1.8339596591705818,2.689419905617762,0.3530326731108965,0.7743774628888848,-1.9800161203455469,-1.0089737015192877,1.3170726813062776,4.018638846170357,2.21167417396033,-0.3477009590377171
-1.7636780979371296,-0.7286758553225813,2.511973491184921,-6.469868298683438,4.7082861441116775,-3.4428949390889723,-1.5564414010184693,-8.147431862530471,2.3431201207882126,-2.961881483727434,-10.51329403896844,10.649357664932438,-16.02791430177574,0.5504303524404797,-15.366954170879325,0.9961235663359428,-13.984831677741463,-22.017327504453124,-8.250148968768187,3.890187233040284,1.8314334306760733,2.5379701924727374,0.5615096277715536,0.9654803738568681,-1.2705187423520672,-3.3491281085938227,1.0414480598465736,4.883100965562141,2.176106204000734,-0.3477009590377171
1.2574443113021803,0.3404518466022722,1.8446450345042031,-3.8571710351092676,4.214816447755835,0.1548956138504598,-1.0980584282827002,-2.171169644888203,0.5692062086750593,-3.142389506390048,-4.3334251433572994,4.814186679166521,-5.229359279001783,0.5361544305317679,-11.029342670504946,-1.4294660885552353,-2.4392844911862768,-6.0806331733886525,-1.2662326921386982,-1.0075016579608498,0.725766066091754,0.44817401044710403,-1.2975639859864196,-0.009762327145173659,-1.5837037133643117,0.46035559339264387,-0.14002168427151918,2.027787377508073,1.3030633690188653,-0.3248070812581164
-0.8167713913805175,-0.6281335809825865,1.186461404394474,-0.5614869003581263,1.9754766885431936,-1.387502440758276,-0.03287467975547882,-1.082675837185532,-0.46590321564693865,-1.0800297171980298,-2.9870843047704416,2.2950512310952966,-2.8326553376437538,0.7683516208789725,-5.669018870210723,0.04446171253408508,-4.780930869773724,-5.07615833372534,-3.023712947790284,1.142084766614751,0.3521752887350886,1.643195451732697,0.38210849546141173,0.030626211486336888,0.840556763370199,-0.3847164079344014,-0.5181714279144676,1.3886474886460367,0.2298743944552495,0.33002163892565406
1.128570491742804,-0.7874098043449176,2.3329736924447517,-5.018007146039202,2.2046456203581615,-0.9097778608179691,-1.5652649751573473,-1.9259122268580853,1.2350812101815916,-2.3066583633981157,-4.7643471614613,1.8916578616196353,-6.034954099748997,-1.2022004448005053,-7.056031289821819,-0.06429081067742014,-4.946073417428076,-6.5840318066697,-1.8841821582475438,1.1932773725874115,0.15017954694155922,1.491283174456416,1.465991117006246,0.10410926777655598,0.4253726440071372,-1.3295329584049045,-0.696827785842294,1.4252282980847264,1.2179498475525945,0.13761734204622247
-1.6291397265049639,-2.689668389087476,5.498851650076351,-10.532871854105212,7.272324678883374,-3.4129683556437045,-2.5497039844183247,-9.01233949004097,4.616443067176393,-5.165246283396367,-10.703620994794035,10.820126767702458,-16.448229190268904,0.36657715168877797,-18.023331603229074,-0.4788679677902798,-11.577261798300116,-16.15620068148889,-5.944308691804103,1.383561901134147,1.8900741883222776,2.7263219321879997,0.2628452265334953,0.9927641594291198,-1.997266892025633,-0.7178024447290069,1.3459654716293687,3.9136542493361834,2.201950025027383,-0.3477009590377171
-1.8136693475505217,-0.9518253285652841,2.087895495443783,-2.948531031497604,1.9813739423127155,-1.535690792614477,-1.7511176339130614,-3.4409056244338223,1.4285734614102321,-1.312342536270104,-6.4437465739600714,6.198010509035182,-8.703940707289108,0.3183954192607888,-7.759124435752696,-0.4778297801538799,-4.177029242035208,-7.454736890327733,-1.4821148926449037,0.4473941388165215,0.46953939737841976,0.9082888216047169,-0.7117554591913343,-0.019553499094611255,0.11711316342662739,0.11349949481349139,0.6323567103458926,1.0324743196831558,0.6383603734372189,-0.3477009590377171
-1.8378226598110778,0.3700253166976355,1.3955437143932272,-3.5172122783648367,2.830570311650499,-1.2544415881429598,-1.3003321396563594,-3.2046023635237897,0.8931435413650597,-0.4436130672818926,-4.257396713610052,5.484227606343836,-7.17602803982449,1.6909190780482493,-6.4960850700612545,0.5403955801606598,-4.11610585355993,-5.722015095127132,-0.7738325257715302,2.7637058172493263,0.6559968936826319,0.8018104525172282,0.15052157789657156,0.9578872157303392,-0.6020332956751762,-3.534727576346619,0.729934524055229,1.468441513686321,0.303477648883413,-0.3477009590377171
-1.1311224335998584,-3.317581818392147,2.880982390668849,-5.917138358913072,5.0138107694989404,-5.044013813193821,-2.119083270543374,-8.344031494708462,3.384314840644637,-6.059585967417485,-10.710268517496779,6.74879797822811,-13.748429711996225,0.46628426781653265,-13.64460881143533,-0.3387165385709456,-14.088224678557212,-28.451252447389074,-11.128337204090363,2.397294460070002,0.7386271959799087,2.9359019580843104,0.15323475332918102,0.3448478251163147,0.9663288857964665,1.4600237813361863,0.16982732849145526,3.494745863909038,0.10696332222983349,-0.01912993961550361
0.8180098559810918,0.6002474033194444,1.905536700932298,-4.052073047872807,3.8999793888137932,1.2818089816016571,-1.2965710112532005,-0.7529752515765841,0.246106216481659,-2.877415131144337,-3.5883565893631912,4.687518852025068,-4.169782848483973,-0.47530162153688804,-10.731055438704749,-0.5837349242896309,0.5252650421054786,0.19806323938788187,1.6739798605483975,-2.30324666315257,0.4288597658521935,0.17552209378173814,-1.1069119348660976,-0.11818093041029697,-0.05089392497789639,0.7214057265786145,0.1364712579101656,1.205948125777976,0.9962667278167782,-0.3516894394871249
-1.1289534787935487,-5.964002022599571,3.840522878943124,-8.775042921597867,5.431871835796192,-7.8938331183911306,-2.096723131188101,-10.143390755456513,6.116393177647962,-6.899377397997455,-11.816205171989099,5.696143288598848,-12.201580138423635,1.1925127584189616,-10.95054035028236,-0.45620002229637724,-12.580875202789477,-26.780824727754133,-11.323304806431624,2.5826238315102183,-1.3081415374235,2.9023126916244735,-1.7524490241917243,-0.0563489144525812,1.016537737853254,0.670867145038298,-0.8902573975921535,-1.715999649150724,-2.5054383353762395,0.3385968718918808
0.16123770594230374,-0.7441195621023746,2.2683961400636825,-4.886285920417952,5.2554368926863315,-1.1235796976605055,-1.2473762178762673,-4.648869101621877,1.3558312577425962,-2.000806208643978,-6.266281485902793,6.697995522929368,-10.438932487394604,1.8478429154847535,-12.419349105196671,-3.980957455994136,-6.912316173593563,-11.550325069014098,-3.7150231285872897,0.07943402259271477,0.6883152238321364,1.302827977109237,0.19984841821350277,-0.07133099352944208,-0.8998283312790439,-1.4525151379116144,-0.011367570737819016,0.7858651832495485,-0.9901170515769654,-0.34259570406247514
-1.635246492464477,-0.23999025003041094,0.674271648759673,1.3471923277039732,1.2230093556274901,0.09783674066603913,-0.06945084271930084,0.2148517532881348,0.07001561975574962,0.5281398186047591,-0.15113766931328856,0.4917237421645217,-3.035080442269821,0.9301938617059583,1.5699439933688282,-0.43821311525452894,0.8088356193119842,0.13589139965881994,-0.05585133570203473,-3.1319510107731414,-0.4640733979281905,0.21636203102489407,0.8162314837154099,-0.08550383323848199,0.5303386593917558,-0.7069088693459045,-0.28371029702074296,-0.24886761349568481,0.11988013503509219,-0.33601471132095223
-0.13083416943164186,-1.970817415565742,1.596859060490934,-3.473847037504536,2.433943468388854,-0.4895782867283708,-1.430113514089481,-2.657496081449792,-0.8269821180489573,-1.0651269886315746,-3.6233888590434806,4.177160620369412,-6.626520346533271,0.006155813051548686,-10.41690964999938,2.699708930690594,-6.518875976657135,-7.56720277145953,-2.1912947011471875,3.6766238335296544,-0.23044427930817818,2.263724671574804,1.0813502852528618,0.10895796217096274,1.2873153894265825,-1.6547453532719587,-0.014391289772798665,-2.6317033277858393,5.423567257728197,-0.34698303255682367
-0.8001567764079116,-0.038939165139750986,1.0992953463115334,-1.6938008175750394,2.9152294348668764,-1.180592995464533,-0.6045036931156744,-2.7375117739554784,0.8559000160774193,-2.2344333870592243,-3.273138566742495,4.235193083950006,-5.501738457848561,-2.1275611260887644,-5.846003486339776,0.3052688714895479,-4.010517647080206,-8.833443353383332,-2.7722324866424706,-0.54193692172978,0.4405750209527949,1.0803331684087871,0.37226940027147953,-0.22899362131243486,0.02286919950369807,1.2179900017906626,0.44314223138411635,1.9106763559347204,1.1845664596157606,-0.3317470372400859
-0.020659688396567347,-5.779419928869007,4.361457877313132,-8.697152367644806,6.42686852584959,-7.317462325681958,-1.8321189744425208,-11.453563562587636,3.7373177137298286,-5.688857743084553,-11.615905909648347,5.9439965736297395,-15.775431455666373,0.11901262073818289,-9.052056313976745,-2.7354236544498125,-12.84575867260526,-25.56822590843239,-10.837111547848332,1.4381174774156353,-0.23343903061570817,1.4720041398382202,-0.4834626089649575,0.7698124607779782,1.0926614405195345,-0.7594778238577313,-0.8578727183025421,-2.4633143860127498,-0.719369644825942,-0.20040637604108752
-1.5548898755627483,-8.636520595427793,5.864075621560784,-15.66437822197099,8.351798038689596,-7.125952377076188,-1.8882435031157572,-13.961839644805847,1.5282193541895899,-5.7097658473144115,-11.890680160063354,9.387677440200788,-13.767879414104161,0.9053748931144183,-13.883923461891415,-0.44037387563691105,-8.868287188466242,-13.793576180090435,-5.652065561060928,0.7174613641186954,1.2944195505132896,-3.1790541311743,1.3399567151765268,1.9792499782111905,-1.7359551568407776,0.07417864474756221,1.3947664109047202,5.20713609477319,-4.347597941142486,-0.3477009590377171
-1.241212683380319,-2.1414178886719633,2.6580609160297315,-3.3775604980294713,3.146664967673133,-3.488629525723663,-0.9190654472018472,-5.879554155577005,2.7970973532585255,-3.353865197839454,-6.926565346783958,2.8994690057978705,-7.127441022262143,1.529887272369263,-8.041648738269751,-0.2466790696004257,-9.745340222723183,-15.727516646004656,-6.262888159054799,4.45084181555592,0.7525872742268191,2.1090959846937003,0.8464123616635734,0.045377148990894504,0.023097855193110094,-0.28558468320449343,-0.27350560559500514,1.1705755670205507,1.4486021655737644,-0.2940160121886883
-0.20215698427602208,-3.427499868887616,2.378031591951064,-6.431971089589493,3.6361418683207254,-3.734316935321284,-1.5761674820149743,-4.79466184479996,3.004008040098659,-4.269976055688706,-7.8594902857809,6.230162889394151,-8.714769461174821,0.25316600515114207,-12.142314248481092,-0.38498211380849756,-6.133885090419233,-14.14239963000291,-4.271998060111132,1.1017412132605735,0.17736055448530674,1.2978954026383367,-0.6219761156955709,0.20267860137804034,-0.5603191699026435,0.7573382768848403,2.2309279352371223,4.074689679483406,-1.2083591930643907,0.6570770357770926
-0.9454978062443191,-0.7938102023564002,1.0276646992985616,-0.5958933255285668,1.7130570829532579,-2.1020826233282697,0.10080988971468875,-0.23118231642453183,0.466964441852324,-1.2718107655126007,-2.662576168013937,1.9260478838775343,-2.3963517165362234,0.46155315813118813,-3.895941150292007,2.014153695479767,-2.3024003597493654,-3.3355604916077057,-1.3021612907246694,0.17080575177684323,-0.040652927718416075,0.6708745352810247,1.0101367325761363,0.32243231386393145,0.8133395543469997,-0.35134949755498035,-0.4150807878538918,0.9761394590073935,0.08423392931113859,1.0841635222996784
-1.4388613223320028,-9.791420605216056,7.16662638216973,-14.465088976877151,4.298615879134147,-10.662061535258761,-3.2359288967516613,-12.40122825802204,10.791289835016151,-3.6456614154190388,-8.219350460910027,5.739888699524319,-8.293338224622909,0.15523806374831964,-9.235756644888884,0.008889095689872074,-8.086877134315646,-16.14496202131756,-5.911374649351566,1.562087328349705,2.041956363768608,2.376223879506044,-1.864941769192622,-1.2161214215208556,0.19379016484173872,2.491486875319613,-0.46676365139229886,4.003434636286483,1.4818100089995105,0.04711872064915973
0.7610063544210867,0.23939412118122202,-0.7501563819301985,-1.1660861825529678,3.4138236037003677,-0.19490847866474897,-0.3843021156385218,0.9205800008623827,-0.2860637681242397,-0.9541657584561422,0.07921841799170114,0.0006535210573625185,-0.057299127928615315,0.7410564289054831,-2.4127696507626837,-0.507842530686943,1.914565734190713,1.3803608329623545,0.6690729228510568,-2.827595250557164,1.6584159281717477,0.41299549910573236,-0.8920321268874151,-0.5946028460372978,0.43130619738560155,-0.9514161579223549,-0.5106442006844893,-0.29088069033653835,0.4423476507093921,2.5328195063290813
-1.3931658667039233,-15.251843888168011,9.966113394337594,-20.166656864977462,4.594990503464242,-15.704813139088351,-3.7102841433259055,-16.215288659932046,16.44024013567732,-3.273519315103796,-7.180862212588373,3.8742509638039415,-5.509876695561256,1.3785660263120856,-5.051819125860431,-0.1476889209860886,-5.856611538663112,-13.170036590616567,-5.555093853826691,0.7473216026062237,2.2389314480824147,2.4662319693352064,-3.0762711769598923,-2.2518571328933983,0.2957249806241527,4.1376709757744115,-0.43472543874645536,3.10105455353618,1.1145116804190347,0.04711872064915973
-1.8260513419787754,0.43724357022425303,2.4828213881877828,-4.899072354732787,5.21255175740351,0.7054329550535068,-2.050450717437774,-1.2084463304072999,0.4561129013925304,-2.143248994399929,-3.6307023969363943,6.236146453047863,-7.338099534838117,0.7533881243450192,-9.474915059504966,-0.7099333357193837,-1.2262592177725058,1.805319743170103,2.183059543840977,-0.11105138838444616,0.6283068844128039,0.5097638651994701,0.1999316080308464,0.38340180461644613,-0.3871866330707783,-1.9266287407302982,0.904070229087353,1.5271520315289797,0.45364874958976914,-0.3477009590377171
-0.7721498842487661,-0.22695616363651464,0.771260065102085,0.796257919216967,0.55823933791821,0.30354524481049844,-0.636414598195106,0.7409504970522649,-0.1972988262510841,-0.2609870886286093,-0.7986288738815644,0.6041658825698221,-0.6629817443371141,-0.9535441396524669,-1.7103569348161312,1.3795244117002827,0.07961506666564915,1.569950132998395,0.44861110054578773,-1.3476117025870276,-0.08589223666901935,0.16178959234348927,0.7071141907563241,-0.4212409390719001,0.7328162191795979,0.057885237478165784,-0.6956644356474616,-0.46611292261989395,-0.37788512370363575,-0.3313880739996392
0.8468801185000304,0.9501691385103445,-0.07493282202449911,-1.3128642097713836,0.2702439250943615,0.34275782054363674,-0.5058130401446936,0.24106739012257541,-0.23666528422999322,0.7302606956939608,-0.9105105691188425,-0.4810893496650921,0.9042599794585443,1.375129720530518,-1.9729302974912304,-0.21374346192892085,0.1005518880175173,1.1586326130335693,0.0662171866121701,0.23155259553182253,0.19684107224184974,-0.2782841904203316,-0.7051396648438747,0.12403830217830998,0.6419946097561466,0.01640552025081376,-0.251288966982552,-0.04817665749712384,0.01835508810962694,0.08110057407811412
-1.1418198029358329,-2.2704546604482387,-0.008678819683924319,-3.3828028130617627,4.90523795475531,3.8193751673662586,-3.2271320861319746,-2.092425545599489,0.287965162843271,-3.5370380546907283,-3.66042543699893,5.622925394018733,-5.052234724483711,-1.1416810910327069,-11.283570126625822,0.2892583969427381,-1.2618339849917808,0.7533730859710466,1.1849784669612637,-0.8469832656199764,-0.138825765635365,0.3368111949688105,-0.06874266976206655,-0.3603142555329186,-0.6623903004285334,1.6437492980027815,1.3718492767236306,1.2165721052856502,2.972059727282247,-0.3477009590377171
0.16012164181866864,-1.1729837594991046,2.4647092732568048,-3.9314765884747556,3.305421901986565,-1.5085265443454945,-1.09832085694482,-3.6263097564022706,0.8642031564243081,-1.452547148104905,-8.279332275547791,7.7171053816795645,-10.689899698677202,1.837926592950135,-13.508048260721313,-0.838203655819674,-9.097061118559845,-9.251029640406024,-2.0486649031692195,4.7084237198988275,1.6423791223814874,1.4813228063846504,1.3435986606653538,-0.9970730029198245,-0.8836703690789083,0.4759669209814716,0.3325602134682229,2.3945987100354764,1.0243137903331145,0.06311252725128498
-0.9281672256074945,-4.681446588836587,4.300967899964033,-8.15267163594104,2.9968194525702225,-5.202079107244088,-2.543125930201041,-6.506707343006929,5.407850852076428,-2.199563301749419,-5.647428913752332,2.774200708787832,-6.334689218971595,-0.6262034172122847,-7.614936007787023,1.009122468645209,-4.82071318271028,-8.49535837898347,-3.040265071960078,0.7318832004850775,1.0607759974392938,1.2596413427834487,-1.127147062241759,-0.2398480819068652,-0.06460345011003665,0.9329679093791966,-0.5487234675102505,2.8640809383421995,0.7114622357182641,0.04711872064915973
-1.6106299083035438,-7.389389912218153,3.9437935020401556,-11.689023721211969,7.960066977791488,-3.008421592967868,-2.5322187198274033,-13.35231704696877,-1.2115300781419147,-6.2113104464548545,-12.584727836856203,10.347405699478411,-15.078088487193622,0.17314765437759497,-15.75989219389498,-0.2844589586112227,-9.914502995486131,-15.167056686401226,-6.099473309558101,0.7107954067146115,1.4299984357851643,-3.3693380776162476,0.4713683582176398,-5.681321123131074,-1.3511241150923137,0.2955733952990304,1.566494706640615,6.684158924240618,-3.0374822507811357,-0.3477009590377171
-1.1272688537012692,-7.668391998639478,4.8970807201925135,-10.755510834641893,4.000977412851206,-8.639185444482404,-3.1894071155007957,-11.883407080642991,7.919162247988853,-6.193198820512004,-13.922926421048087,5.924713681907296,-11.720381961138196,1.3353495168478,-12.95153065789452,-0.0790953052254604,-10.84720197451097,-23.30194339622963,-9.11143776004331,1.4355075261436159,-1.2905844461084073,3.4352106238143882,-1.1469452341598791,-0.2967199835989574,0.710463667443214,1.3386644239206873,0.11600034819637059,-3.237120941300454,-2.164189288675792,-0.2156024865533312
1.36789254391475,-0.20874045439212052,1.900095125515927,-2.044261320428596,4.099201934941654,0.6454451807761475,-0.37582450208117046,-0.3553949162402206,0.4970813798060957,-2.978446535863776,-2.046197181448106,0.7435756550797581,-3.516806804170273,0.24870251308850436,-6.34479090450146,0.3702589404686865,-1.1491713906661258,0.39553694232439235,0.5021089968126528,1.5314350982192444,0.6494085630371129,0.13349359325369786,-0.7422519580185318,-0.34751898236650375,-1.722029256603247,0.6044192385402128,1.1269446529241027,0.5776794663697538,0.36535848386523523,-0.17017369423457648
-1.4260792294443325,-12.208196943765413,8.347897043647787,-16.98247023221705,4.443179398744109,-12.891732676523363,-3.433951044511776,-14.042674213491377,13.256268497069625,-3.4816036726460426,-7.771577463614613,4.926326505612817,-7.073856344153911,0.6973924888686777,-7.402622417047272,-0.051662984050675376,-7.100061596431184,-14.844777806328134,-5.756437782169821,1.2015457514752765,2.128992370738575,2.412413203513109,-2.409599738699381,-1.7423094677626627,0.24463859715014,3.1932795139373855,-0.45887760444738546,3.6009562713068783,1.3157256819493004,0.04711872064915973
0.1640594529718718,-2.834681341093343,3.443486529682679,-6.451010205275189,5.944296399591851,-3.196670450597641,-1.1305945328390472,-5.571511165412175,3.148083800453186,-3.536244791032433,-6.318782410188208,6.919024247556757,-10.175793366633425,2.832643510713942,-10.36527437013031,-0.28735863469432754,-5.743822070446401,-10.095985588905231,-2.3996456563297794,1.8737129642492134,-0.08274630327375522,1.5349148315927756,0.3144146063351846,0.4561674291354717,-0.8855093457556317,-0.20004330865645106,0.8731270659275037,-0.7346558553276437,-2.8945450759646745,0.12589120952496352
-1.128279628756637,-6.626983081318077,4.075577345288071,-8.87966104599025,6.143690341434406,-8.321258258390449,-2.013459792872956,-11.32029256510947,6.8978320723848645,-7.227967111832127,-11.687514420380012,5.484853311603347,-12.005521806510021,1.5482977348409614,-10.34230973390203,0.6919537856152913,-12.981738729250907,-25.71633134596597,-10.56121705492424,4.458682595301662,-1.0927595809103552,3.468563104287733,-0.7337819917214833,-0.37478550756337536,1.1126116185616173,0.4359905704341076,-0.013059674102604566,-2.927953474739676,-2.286409018302883,-0.11365692626646814
1.3123630893104894,0.5972475594280451,1.5169099959198935,-3.290313683885287,3.795689334160877,0.7231431379631484,-0.9448762870623221,-0.9994650748782006,0.3011882285454594,-2.38136683071778,-2.821027566999193,3.4158138051837375,-3.7509739710871886,-0.5978111390010927,-8.608755752827651,-1.613782350762788,-0.46600480278773143,-1.7550528831618621,0.414330790540874,-1.431424829457162,0.29659567545940485,0.1670506414115606,-0.983147971660612,-0.12897049435045266,-1.592599678334281,0.6508067333046736,0.14214225244687853,1.1894766666334984,0.8199467683192497,-0.3318666916535682
-1.1260053848820597,-7.7293791468391735,4.474303391919821,-10.793970044419648,6.494235895938084,-9.761284516254548,-2.22147419553029,-13.053334642417784,8.45645198510196,-7.201467935394611,-11.97608106227703,4.7380635219679625,-11.099893661277145,2.010479088532697,-8.987520191227594,0.5896811004576897,-12.141583452846044,-24.896309817424967,-10.01040724015452,3.9105330457878096,-2.1931419628180873,4.2819394561106625,0.4703857515650924,-1.8332505279096067,1.3141256877636753,-0.3719760484431278,0.30260628054109406,-6.07164586448498,-3.639955984056174,0.07328315239727483
1.3878342934446077,1.0881451978023033,0.4281690901928682,-2.3298365249267774,0.36359356752467065,1.1068697894796753,-1.28836990815006,0.9146386979089517,-0.4815697639317033,0.11682896333468312,-0.920981331967741,-0.18681686945915804,-0.32765688746394817,-0.5753570249395679,-1.4874671145752523,0.3430511767542497,-0.4416310341758221,2.0543513088236334,0.7282634629855231,-0.2726660133887176,-0.27266099335225796,0.2222830697225393,0.9695120050628991,-0.3906914850978486,0.7604675048744354,1.7668366567230542,-0.4496674381667166,-0.06457386605899262,-0.0769411386961208,-0.3477009590377171
-1.7175193704086733,-2.7847761226460492,5.025746204460503,-8.415838858625841,6.0700475326654875,-2.251560626641773,-2.38787728612197,-7.4714642550081605,3.5632142137782097,-5.768905979196235,-12.093269195047233,11.017744189538982,-17.194081377081957,-0.16991028450932466,-18.88086634353053,-1.4937370277647388,-11.121064466273593,-17.465902332571808,-6.255254677117413,-0.7068660803676247,1.695451118952063,2.5114191558133974,-0.3685572619273218,-0.49545083141461593,-1.9847477367047288,2.59543688158636,1.2621923756696616,3.889001868505489,2.4731611115412515,-0.3477009590377171
0.14133807203975302,0.4657261506568566,0.6948456200032737,-3.0373709815958505,1.4774181250193754,-0.3431502269778663,-1.5656862100881073,-1.3495501921579722,0.07959056479961134,0.3071921882681872,-4.07955975898175,4.780984081339514,-5.416861465833071,1.3409056640379877,-4.8156707298700265,-0.8502053425125728,-2.940631205526676,-3.558265585270889,-0.2688105618237735,0.3091303026528729,0.6616254594769011,0.5456697937569286,-0.11744817509453623,-0.31515685723398834,-0.46751080659478395,0.7448713800656571,-1.1488055574524256,1.275136650555982,0.8279064703335951,0.23808716456680462
-0.34029624184293505,-2.201862077514625,1.1442420562245867,-1.5431053099192404,-0.3356418259251032,-0.8594139762627249,-1.5857003093380895,-1.7141647892427763,0.2291261377870782,0.2638826250526238,-3.5289788960629065,2.4632797942221565,-3.6266179817409503,-1.0298819766805687,-5.535476913300539,1.801977632136687,-3.7307640302569913,-5.133070776670025,-2.2209651038021714,-0.012528267649066957,-0.9311141152395905,0.7485716180689944,-0.09393653247086986,-1.776716200989942,0.444965568131473,-0.038211322285951574,-1.9994582439125574,-2.269061408380143,0.003975797703396213,-0.11238061252265766
-0.02407105420843319,-1.6804761372694001,2.6691560066115505,-5.53942414090081,3.1454994103092386,-3.4722720910713205,-3.1843177477650966,-7.444177290395744,1.6571532637788855,-2.6551669014266452,-12.464703040428997,9.236508748376783,-18.113589023287133,-0.7320117792247177,-16.101600906506267,0.38107904005677234,-15.216411708857475,-25.22798058757525,-8.657301641655467,2.7933180651073104,1.935469564134394,2.859980081281198,0.822708714262845,-0.5229958446355085,0.7368489837337613,1.1241310207790656,-0.8281801732437045,5.225740629292238,3.2134184648327104,-0.3477009590377171
1.163526462407602,-3.4118917602580656,-1.6456282397548196,-3.81059147325551,1.0239769672771275,-0.4798689674988435,-0.8619785167991372,0.6860388365268177,0.36413635923611265,-1.199571213619053,-2.5739407185892236,-0.4395678663937071,-2.574313117035121,0.24542347180191215,-1.2360061155014996,0.003965299196864911,-2.632597453156752,-5.267007612409916,-2.039071038206636,1.2065737580851887,-2.500671686829658,0.2995486330010923,1.6351867942568066,0.5351629547733363,0.35677016928157473,1.542041521802949,0.09110558769365008,-0.13562034302680528,0.2513726027297285,0.5946174319393666
-1.8201130385284905,0.16019087130032691,1.6137101635590732,-3.906617327814157,3.1941764279534635,-1.678210095613513,-1.7106033355515322,-3.7823196851399166,1.0094209341270155,-0.6337066280028716,-5.087125993840533,6.537716157434617,-8.558078101136875,0.74764916489185,-8.032093464052787,0.6472516391680514,-5.121087254128233,-6.92303676568572,-1.3146071985174321,2.674339815022218,0.7313200649376917,1.0108622294494964,0.08782233877198325,1.0802880715880185,0.13758847006845654,-3.6651041328503804,0.6682649764320503,1.5334314247848577,0.5654783899347343,-0.3477009590377171
-0.9792955971581752,-1.4250528738212151,-0.8876344379821778,0.6807599169033954,1.3570341809297837,-0.06537446830222435,-0.3626012599381745,0.6303591572882802,-0.29236081068350167,0.5544560144829305,0.20835288898815152,-1.0437103003272932,-0.7928604832580516,-1.5853287708058288,-0.132530263118119,0.4002315383588809,-0.7254880890667659,0.3868791293190112,0.05216511673784574,1.7236277481491769,-1.7847876674848298,-0.5347725682661217,0.6058930538890827,1.2393808179622492,0.6919133274693344,0.4704572271983806,-0.33092799516114957,0.1496790957643904,1.0913510825071886,0.4802278126503514
1.0836120595925969,-0.05131354374416849,1.6954183511424208,-4.239107165645626,2.293675663507807,-1.1833175469748212,-2.0774211313494835,-1.8671247630871335,0.8069363978068691,-1.7284409087668822,-4.528387232722128,2.9969084627306355,-5.319110226851843,-1.4742335321769557,-7.359714820456919,2.181509411978434,-4.386795740314867,-2.979713867334168,-1.0307115474584454,2.8605247596264065,0.44355914466808977,0.8807877909999389,0.1739937416407013,0.3249880623624707,0.014491954365997387,-0.33352689218130493,1.1934495157021436,0.3777078134067412,-0.3007493565834701,0.026498276725721467
0.12984050578494594,-0.748427769066929,-0.6627271324645853,-0.03919042829058814,0.752052724041041,8.042321038217626,-4.078830944167145,-7.572585378708643,-0.3743432171761216,1.8147444861187476,1.6444758169529294,1.3435784114395015,-1.4795831909596713,-0.7285637303961817,3.60095488920943,-1.0469943756183322,-1.858822337193672,1.6794232851071904,-1.6903332608490855,-2.0301895054048242,-1.889729277130257,1.5786600904269674,-1.7361728675553407,-25.472206236972873,-1.459380422681705,-6.784010253312064,-1.2306374529219946,1.6684125010434034,1.2990078663240032,-0.3480200374736697
-0.08863431087004221,-1.228418857708578,2.26714053997322,-1.5293848113654007,0.965814646829903,0.2854712970282255,1.443124865271254,-2.5088408357259913,-9.03412102665997,3.0553847708637165,0.34092115284790364,0.375746033152547,-2.27359276897423,1.2182847149757876,-1.967131496626516,-1.0215963078387058,0.2705736621230469,3.9339598248644925,2.2723548190032177,-0.7150738583894108,-2.7761588060036857,13.613822667846545,-3.3831501940975577,2.6854645283550562,0.19583078888552058,-2.9367289330538524,-1.4429939744441214,-0.37643531760003035,-0.42521756997513077,-0.3238099611457645
-1.063253100194651,-2.3575508024239977,2.221758075729419,-3.495744576633079,2.7410679633791397,-2.3657622038843056,-0.6891266167800948,-4.614994758405734,0.6978496789958102,-2.2397029294551327,-5.271741974280253,3.460088131917193,-6.514586418364705,-1.018304781221978,-7.37690211696814,0.856372400099225,-7.747181203757335,-10.173091309969838,-5.377397920337015,1.4094775099160115,-0.44817723022292777,3.6706781379183178,-0.03773228346145521,0.5844992101447951,-0.20275902819991987,-0.5751750431359405,-0.498243181512104,-0.4528960920825931,-0.22485401161987809,-0.3477009590377171
0.7098569250567526,-2.713008082792059,1.615895443853001,-2.8049592706098743,0.278788658304722,-0.28382688033399855,0.5143402317826519,-4.145374346801355,-6.636586689490607,0.19571980150538695,-2.1149327009935033,1.9253070627660906,-1.9539849087033776,-0.6961727656719666,-4.546370025002732,-1.8878769949009073,-2.0810439618275822,-4.438205324241856,-1.0495709222927891,0.3283469548446904,-3.4274630161378172,11.788779374553968,-3.743362788951588,0.77063352222812,0.1313553652978227,0.5980428770742828,1.152467972389696,0.4366412969326108,1.109544760375062,-0.3477009590377171
0.7142369502966791,-1.1604692817862712,1.7801993787968238,-3.2145755795219078,1.7085198543640288,-1.0968639202221446,-0.3601624058786685,-1.7168643355306508,1.5811780011087422,-1.1828174674239376,-5.051357532704671,2.9140841396437662,-3.068843331823758,-0.3179260974870936,-8.224710871721172,-2.4078747508509344,-2.2090540262088356,-2.7067627256158158,0.387104434560941,-0.22587284868692872,-0.03903244363837602,0.9771056942839366,1.2312328869597162,-0.05049608979579386,0.5339155030489946,-0.1107965792487894,-0.8544147274826762,1.4172059740831187,0.5380632317896427,0.3498842715637049
0.6480101263564441,0.1141542458216263,1.816142141387399,-2.2649640556149055,2.8156226378321314,2.725536804261601,0.12530760086720502,0.8876583484742122,-0.5490008514337563,-2.2200026081412365,-2.095599036216544,1.8120783584833862,-1.9707971093411965,-0.855721410931107,-7.450130242328537,1.1133377680969587,2.4387823313221206,7.632085220510233,1.8983613164450435,-4.524433954316339,-0.25927121383112,0.668018309871981,-1.356592716143123,-0.6726461543936152,-1.730952261738998,1.3948938215876558,0.5571225523338897,0.7007577450749316,1.2814274463622237,-0.3516894394871249
-0.020322763378111463,-6.320745983569456,4.980631348142792,-11.194000852556599,5.025984456580764,-7.084111781480566,-2.7536235901842203,-13.038658576864396,1.745007070377919,-3.8742086584521673,-15.416028262689702,7.286701628081436,-15.622126887037084,-0.4283723900254911,-14.675324823597752,-1.838660522499243,-12.734115053751324,-18.755459002987255,-6.852761680577692,2.7894553153815256,0.699002203798813,0.2276768437492214,2.071159438663022,-1.2237563875617705,0.614928537752666,-2.714677992241915,-1.0730596640895274,-1.0731405728387504,0.8948697461973812,0.03519316410543047
-1.4316384922488548,-11.172592776780712,7.841291787195643,-15.903559286029404,4.3813064202455205,-11.935834677729806,-3.349324960790517,-13.339420999271399,12.199958565888195,-3.5519456586436196,-7.96351853300858,5.274955111307187,-7.5964676221950835,0.46504438085513583,-8.188186337382621,-0.025743488877673925,-7.523060911247092,-15.401966410658346,-5.822728721997566,1.3560046461020197,2.0926159265634543,2.397218500920166,-2.1762216102750362,-1.5158863637886686,0.22276232840333543,2.8926817387176476,-0.4622937816577858,3.772786336953239,1.387248592844055,0.04711872064915973
1.2021254348344546,-3.3789036889761035,2.3263904385705696,-4.168227979485396,1.3024776679826557,-1.7955405566761968,-1.4164107320850612,-3.082594464283102,0.5152453001471724,-1.351277438497097,-4.481803988221262,3.2972109223770105,-5.992813838119112,0.05198981540556732,-9.126065631966524,0.8475706942830811,-4.504835460431694,-8.486780045719803,-2.902383627823172,0.2881865492054933,-1.2361479562892375,2.226312195761862,0.05294585078616746,0.4433537842135696,1.300051523136001,0.12384050491328334,0.32074871384186127,-5.043629861029446,4.297404591323535,-0.12143446314281334
0.8912910474952468,0.32149503681633046,0.7180404497764744,-3.3431903850555984,1.5396410099716527,-0.5099793990489283,-0.0769546001707454,-2.81843316114096,0.9191667696314771,-0.6544137792767182,-4.768282752386404,2.8137978145389586,-5.281162398544278,-1.2842343665570795,-7.310961500296582,0.7531797676855757,-6.2855836605467665,-7.101981133303719,-4.757068617271309,-0.20623832291124744,0.46492772590827536,0.8452855990424206,0.05994577028356342,0.16362421178229158,-0.9932387040097699,0.2456221249672096,-0.33849834061098744,2.108650760717117,1.0899585859782954,-0.19434388575798767
1.2091798024083746,-2.6666531479412727,2.8150748948728936,-5.845631457991928,5.454988518986357,-1.0925242845807297,-1.6213103974940357,-3.39562798157207,0.8223123770828072,-1.3727075662466743,-2.0609230169668553,4.152463559816005,-8.525989063299775,-1.0987998597830502,-13.846886976494785,1.2930713991153104,-4.787402067873275,-6.506409300029722,-1.4497617067922492,1.2844379138997524,-0.22791041893526592,0.7640166721350162,0.8596871462286897,0.8548993334131603,-1.0375604297289316,-0.4259038761869981,0.7928037352378647,-6.650396750051383,1.247272668464389,-0.3477009590377171
1.5150234879117046,-1.0352283085115963,-0.6860815330268281,-0.7489074448197355,0.7677166592034759,-0.007771958363482711,0.31923314673293995,3.060980027999509,-0.969518417943277,-0.05844570234095346,1.2288183975001044,1.0133490435258272,-0.7272817477174516,-1.5418422995869787,0.3495619218202564,0.32425042130427373,-0.48993558733548304,-0.9772590858886453,0.5836547451203946,1.0721831796617924,0.045151484448527644,-0.4292395320310957,0.7926004130531302,0.782241293123219,1.2502134650126253,-0.27248759786923044,-1.2509963366368855,1.256461962136531,-0.280784484090252,2.1782037095722346
-0.1474487844042477,-0.6948150353734202,-0.2774792769225345,-0.46197186426486525,1.9332710954360912,-0.7286932527336941,2.1728804109439803,4.685343455593188,-1.622154367908913,-0.9280721053031871,1.8303816065403138,0.4953930713980636,-0.8691852157310492,-0.18504860949669164,-1.063667831396241,-1.7048242544260372,1.32158295982474,-2.4214259525605177,-0.1809037172170612,-1.1600241394810287,-1.9361628083570326,-1.2753864715357852,-0.07456492326370531,0.9245132763576308,0.35882583848457295,0.2921876779804018,-0.689384624404171,-1.1600185944546213,-4.573214236421303,2.956396130056188
-0.9968788715588416,0.6002898174664575,0.33810910070441025,-0.32364558360767476,0.5342631991875448,0.18050382791587818,-0.5864563432083739,0.18464826356608066,-0.033912590179208335,-0.394416327455308,-0.5389083559082095,2.2397293792351456,0.654133608570797,-0.3117252671750821,-1.0916907823342654,0.5605763885596358,0.4578227943232841,1.3535833191510351,0.305121260077786,-0.6288923604700224,-0.13203465341642412,-0.08508716067591555,-0.17702195750002112,-0.0641142460633847,0.18224668292014834,0.8413617073831093,0.7650003523636726,-0.04498737807268115,0.0948792698070489,-0.34865819434557493
-0.015668986560689546,-6.898117595047727,4.981937878136988,-10.94327381894171,4.384170182533369,-8.20449672176767,-2.250602843379603,-14.24430558226823,0.034228879952434274,-5.122285146181809,-13.92254839177563,5.823645062512292,-14.227447560372392,-0.16955160338844855,-6.854138569467183,-1.7164039312206691,-13.922336058964044,-23.885503533570816,-10.333963371372525,3.1332063165202313,0.9023995958953595,-1.2358143956453138,2.0857859321823002,-0.2262124774032831,1.304207354308141,-0.05887439522563974,-0.5294927222870948,-4.607577896367907,-1.3530314943524666,-0.17029334864805873
-1.2711358365819323,0.5515476923572407,0.2528032209138167,0.5697274575005141,1.7804553102588685,-0.0037657377716791445,0.424057944157542,-0.09968200689317143,0.18762875083715164,-0.6144803261936875,0.5937301759040459,1.1001718559357248,1.2393845985361038,0.34488983994221956,0.04019974579076427,-1.3060800364867022,0.09891574966139142,-0.26003893603006184,-0.827677571081374,-0.8058855341490376,-0.21308892306258884,-0.21736782365474042,-0.4208935501066794,0.08538074753788631,0.01988818237505786,0.7209828013438585,-0.2208268347425383,0.052054878021908356,0.031827051663002155,-0.34562694920402504
-0.37302008426046296,0.5706019854505778,0.7836687198847002,-0.8568809535043707,1.508472186700968,0.5596173139068271,-0.8609581716733838,0.31531986802766543,-0.0895008290092651,-0.03557758683584522,-1.9812476185390813,1.328044676041462,0.09044640931068494,0.275269711052328,-5.242877313472689,0.33088716495130593,0.83787743591399,4.917712144493684,1.1745560408869702,-1.5110877529705848,-0.02928999537705074,-0.47178494785745345,-0.9147852792671526,-0.1631708576110481,0.03004665610293199,1.2488752978510753,-0.6899055635583123,0.2618189818560108,0.391419253074949,-0.3477009590377171
-1.2419707646718448,-1.796817952728282,2.511294900520236,-2.3941434860900475,3.888573948593529,-2.941241373257916,-0.6796604877997389,-5.371412595107857,2.211501277140379,-4.264918675895861,-6.026103322271344,3.4723291869982655,-8.073204559752412,1.7080789518350312,-8.421616875425814,1.1689057146819755,-8.458632465563724,-16.97400464179559,-5.803110705930316,3.0262838122533244,1.1672512497784497,2.152748598624643,1.0725798165775942,-0.21637544203818004,-0.006608935522840395,0.06400487548419802,0.7509014420252299,2.225048525337206,1.6967834833258426,-0.3152746129840318
-0.6484141712208422,-3.131714609940675,1.7840037094915977,-3.691442659821418,2.301679403983195,-3.8531582801900477,-0.4778767330282949,-3.614715360782708,1.42379934849477,-1.4648439664074406,-4.710583763789623,3.9030800394205465,-8.097098978475469,-0.764906874560933,-9.059407431038359,2.4253031680214905,-7.1336433599902,-13.084978570264546,-4.954195785080525,2.1659724785104095,-1.0561532628626042,1.1809744295696012,1.0932847233028884,0.3463344761764312,-0.03586165298506194,0.2811350428802352,1.379765717707285,-4.158997926226558,0.9483183545651804,0.8245134450432314
0.7354000530184394,0.7765930296731691,-0.31468800986958817,-1.7035046229805904,0.5472000014428411,0.14971890518694395,-1.0740933302510538,0.6112058793609598,-0.3726326500148758,0.9087531528325274,-1.3156282605982625,-0.3676215206830048,0.17699501475620155,-0.14883344073677027,-2.233385204622239,-0.04989369661470661,-0.062068493942129314,2.1064163123218305,0.8008090406414455,-0.0032984077957882653,0.4698571545296264,0.02623222995002615,-0.29209189470071834,-0.3944780677772064,-0.46123447322480626,0.4610237335776172,-1.0551652113102483,-0.03823105093262896,0.12762946606893769,0.7498092062258237
-1.1180455313210393,-3.6875023264599056,3.733124679891152,-7.144562286815198,2.952825257970423,-4.438880735242072,-2.3384395277596637,-5.567694622289843,4.332387569983103,-2.2938723506239924,-5.8945762198555585,3.1268180510285326,-6.882330441469536,-0.8421978592070711,-8.406518379617278,1.0448944691363418,-5.211516345204991,-9.067512957716335,-3.0856617043623054,0.8820077445235898,1.0636402203506354,1.241332017807597,-0.8689973492982923,0.30416169911352886,-0.10075021524960828,0.7298633987509475,-0.5539541322954041,2.9480556099528137,0.7870433375249881,0.04711872064915973
-1.8350851440361238,0.5222663174981712,1.2139833405504747,-3.147497760598062,2.697444373774789,-0.9219773877650921,-1.3021874815802161,-2.470326674875096,0.7471709215575287,0.37789289993240927,-3.6413572643745016,3.5055443144719116,-7.214370933210349,0.1486121681822685,-5.490894481014736,1.8331491460146898,-3.0202219741484875,-1.5546047914699483,-0.46702278418199905,1.3730931395904944,0.26613324252325077,0.4665729505298588,-0.07509415053768582,1.1309916205332868,-0.6144491822603255,-3.897310328697024,0.7607855938144531,0.9760654890744741,0.06133208669256642,-0.3477009590377171
-0.5751750953339941,-0.38759289120901386,-0.027244903909277255,-0.1109064113154026,-0.9275291392317075,-1.3786487086990595,0.556337417615964,2.480414897262,-0.4053686014514118,0.5627207607808012,-1.6282355971904081,-0.6383716162853016,-0.008169957959050097,-0.5197674767621643,0.2275422763682731,0.96467641107531,-1.34162908834571,0.2877841011863663,-0.4081159081470638,0.8433080361034568,-0.04086765485442569,0.057485657812889626,0.5469237037731342,0.11504064508370797,-0.3997861995330148,1.07738793909165,-1.1227183815039876,0.37210332001576557,-0.35876426392920663,1.8382256360647145
-0.659258945252391,-0.32670356225908626,-0.05161260997288664,0.8353752722123851,0.9896328184488126,-0.18898452941522179,0.7594309864315931,1.0512700069362781,-0.11315646811545567,-0.39387899373931995,-0.08374127970158034,-0.9029307199607607,-0.6186948792165897,0.2005895121361173,0.016888884782421152,2.4100331525441545,-0.6017453540092674,-0.06830924840069529,0.5347651136783832,1.4298203544051178,1.1187091132621607,0.46255655214739394,1.0470325971671328,0.5631445904269547,-1.2862866321191455,-0.13434596305322358,-0.06947104674905498,-0.1528449045666177,-0.19220820006405226,0.8056878173220268
1.3851810089242678,-0.21345170326521282,2.8503840459035987,-4.963662830022085,5.418531949314136,0.18893378172249375,-1.9872986425865276,-2.304945347154388,0.8050639190347979,-4.182113518686572,-5.634363960309627,4.463591946391079,-7.866449981231689,-0.2436188262187445,-13.810220136968368,1.192928468670074,-3.477063099848502,-3.5645940455711096,-0.19075998564482927,0.96743448810679,1.0807332414339905,0.8460729783217597,-0.603542204449771,-0.14409659681024414,-1.2266643423513073,-0.5980134876286225,1.042559114849215,2.028633693942649,1.1385173116928915,-0.3486183095410809
-0.07077728489188029,0.9975166004033724,0.9887504893584597,-2.862039247785015,1.6798132163023665,1.5317665264248383,-1.1888986564151556,0.5278213216512873,-0.16152867847139032,1.1089513124453765,-2.604105670132679,3.439328471234762,-3.934662556862629,-1.0213238898764454,-4.921019011002586,-1.059178129699982,2.122802394231834,7.135477847054616,4.209455722509651,-1.4705810856827723,-0.2979241095945454,-0.6460302899090664,-1.3433675431200438,-0.07683068901310387,-0.03840444319753118,0.6961307326317796,-1.184458026554644,0.06344060043079418,0.24997569347774673,-0.3477009590377171
-1.5470353110699955,-8.917410779972725,6.133870409331381,-15.971711552448925,8.338010683785827,-7.392338714289788,-1.9371530668973884,-14.257481632899456,1.894566123577449,-5.68903025587647,-11.811528085937649,9.265576446310657,-13.597703477125627,0.9669258522415342,-13.628431490477668,-0.46705223371460974,-8.752263868434714,-13.604913335740433,-5.628303727797145,0.6755572456560868,1.3006123122548314,-3.1680514516464395,1.2959675799897117,2.066833251808096,-1.742592395186058,0.2157328492973168,1.4100744935156908,5.170265105445072,-4.360591827046247,-0.3477009590377171
1.0227970937613096,-1.0247359686134498,2.22975167773655,-3.6055350991791775,5.107890401883967,-1.1801058076604725,-0.7478758365069875,-3.47207044627393,1.904607656618033,-3.3278101495397707,-4.051131871882373,4.134625593924663,-5.76065639989812,-0.880393940773532,-9.303086886637953,-0.6154001993977305,-3.752640499254604,-5.175556612908448,-0.8783105098341041,1.9763760768810228,0.6167752948665262,0.9708503639458126,-0.08842124748050878,0.267600150492956,-0.7427252312719514,0.04673038605911677,1.1137930024093163,1.2000367476377019,-0.13013825886475686,-0.3477009590377171
-1.4054425720639097,-13.85684798545427,9.318046293426196,-18.74694595029106,4.499666063298205,-14.561137133905676,-3.504424602705142,-15.107503441754725,15.026704722580236,-3.3927044630362078,-7.475788468363939,4.3374621965221065,-6.235440868903799,1.070646567219766,-6.112473351779481,-0.11974169607353871,-6.41187567887775,-13.925829227649004,-5.620647237867632,0.961895057891035,2.2118283359318283,2.444288510335827,-2.7024731925091854,-1.4381146755789087,0.23836753709372546,3.8850902375521104,-0.4239967598010436,3.2899849570430453,1.1798459181326046,0.04711872064915973
-0.3796322377476597,0.5816531286405414,0.7015462851448101,-0.9709005487916704,1.46645311036838,0.5615058504594371,-0.752215773060341,0.2138769363890523,0.011411183104527569,0.22612095699402968,-1.9335123857511736,0.7496015983796371,-0.950956484720351,-1.426959391431464,-4.899168378221252,0.5666212527154165,1.0403578986973763,4.895894824285717,1.5570295015946283,-1.3457933864945473,-0.16099849833035532,-0.5282793779926547,-1.194810710763217,-0.1938630863704693,-0.587839667509067,1.2186992447808151,-0.6358434128593474,0.23252559686753005,0.36982803320533025,-0.3477009590377171
-1.839233533325862,0.16784699516642834,2.2517710400390976,-3.811518459055788,4.292986716424621,1.2084845711151477,-1.8171351741066197,-0.6564515464320836,0.11205737380608936,-2.018513053193998,-4.726413699268272,4.475587189275539,-8.907582424693162,-0.8017200539094972,-9.599575056860798,-0.2816712298143794,-0.9958560048661365,1.5548115737531079,0.9224979886336059,-2.9133543188906783,0.3512846875066687,0.212592824047189,-0.8994386828303803,-0.8791959067960121,-1.1832484508887746,2.7173407626813857,1.151888034055706,1.3102855061287706,1.2366863600361755,-0.3477009590377171
-1.1369765057955294,-1.0931050974344905,2.489467255009003,-5.937135580382231,2.8451961136410233,-3.719672205753687,-3.1192541401131266,-7.558107317205572,1.6135477429076555,-3.66964613470631,-12.603848678271296,8.92474249913747,-14.220514058821603,-0.14079284534279496,-18.431737303896185,1.6194189104468513,-15.162588492894749,-25.675224035778477,-9.32624528403456,3.679004459769831,2.2399677399292197,2.52244269074545,-0.22850859169543608,-0.5418872542630668,0.4899736859893469,2.618553603635469,-1.0771545284850241,5.809365607697593,3.457748947023361,-0.34865819434557493
-0.21260165984815452,-0.7308405238722242,-0.4863581062134169,0.7415768903228569,0.2752947985021999,-0.20396855570849956,-0.040528625794661675,1.070837973575311,0.1646136330991909,-0.49901294818667885,-0.6564645127555419,1.251392691728924,0.021037494990990536,-1.5302302525814118,0.7607819237366302,0.18113124740004083,0.39932618068937764,-0.6713552659385524,0.25744081569929705,-1.4018906380316019,0.8240526240876941,0.4424802720729538,0.01887625521530223,1.3466249655715046,0.1903788019408678,0.3012467099197783,-1.2855668354671974,-0.2970382620459056,0.10840098903544626,1.0615488381515361
-1.5419182623521965,-9.198612069316331,6.402979310408389,-16.278979016458337,8.324387306596828,-7.658082228553378,-1.9865389298203215,-14.553566403719039,2.261129697567956,-5.66835708462163,-11.732451958512184,9.143394457199502,-13.42748038844062,1.0284843126600471,-13.372810748656345,-0.4937927572148182,-8.636395723657134,-13.416184750127275,-5.604322952948078,0.6335364556236077,1.3086360144223883,-3.156425046279226,1.2518859462436946,2.1562261599358172,-1.7493961216352947,0.3576246465629374,1.425310418145401,5.132085982722145,-4.37290475247222,-0.3477009590377171
-1.636151978451577,0.555193149248921,0.5451222881451074,0.2607207900281046,2.2391114948542357,0.12726045084997037,-0.16587082711116755,-0.018624794412753304,-0.008761887741329744,0.7831072359313807,-0.5450713076672452,1.0532949979052117,-2.5592147820688536,1.2437805960126784,-0.34545008484440054,-1.1179683159285376,0.38514769579036434,2.722717217569276,-0.19329822277447897,-1.88391262051549,-0.28069288146152127,-0.576797496985404,-1.1039238844188837,0.12362439164068137,0.2773502190371258,0.6730888877801143,-0.24705878889013225,0.032149118006745,0.16547625254012563,-0.33657309858386936
1.0519200500440902,-3.2794078932893527,1.0060074170410562,-3.871245979419362,1.449351183498845,-0.44651096950696023,-2.532344546408466,-4.066956186582455,2.218703961328662,-2.073480743910778,-6.4891530122645955,3.84379841682821,-4.499716119415551,-1.0330806440649745,-7.4412979400727695,-0.9326644354477156,-4.39065216817814,-5.989341438772696,-1.6028117953861543,1.4102086555239484,-0.9243811419824742,0.871939059181467,-0.3540982270539777,-3.7252457550441607,-0.2610198436720214,2.301176577489952,-0.5423599889669893,1.9267284363000092,-2.238814418296504,-0.3516894394871249
-0.02236537130250027,-1.9514485989771055,3.436884942352385,-6.100869397652115,5.824123513326467,-3.166546681578496,-2.5912898101294997,-6.804961320675262,1.935444741469747,-4.865162724374911,-11.057100825720372,8.459638274556498,-18.751936960547656,-0.9672866071594104,-16.001821053945186,-2.6388028381516397,-13.845754499088194,-25.275703550538125,-9.590846949039905,0.1908662318979103,1.4481574165657416,2.7078308276250485,0.11443672992208795,-0.09931819725204977,0.6450552731664867,0.6341468582323719,0.20311945119321864,4.617160273002122,3.060807967402712,-0.04912331259505015
-1.8125953990541934,-2.357426333394724,1.0285526830334026,-2.0550463502369505,3.0569449877705908,-1.3579860240214356,-0.7427328433134833,-3.6960899583468936,0.3966918006188883,0.4295035047130685,-5.1329207873922185,4.712639037998696,-10.873867151155693,0.10541889359466383,-9.83833952400376,-0.8831667403077526,-8.637513575154356,-11.611665242010572,-4.912174430087535,2.1375872140476826,-0.04936012985747648,0.6550823472977745,0.2007903292423421,0.18645989237474464,-0.35896252980582016,-0.26498749096538843,-0.880982520966584,-2.4744115991945463,2.724141320437052,-0.34730211099277636
-1.4626566517604496,0.5740609814076919,0.6856074253243812,-0.6352532732021375,1.8898055407917786,0.7175443680246114,-0.181898936231976,0.25525536764783585,0.10356374273896786,-1.0425531539256798,-0.34017920226533416,1.800712240552343,-0.49569299631288494,-1.136116157161836,-2.3416156958793404,0.30347753231953345,1.6917471992941362,2.1037602835074525,1.3699659698838393,-1.6066001946791806,-0.17879347025778433,-0.22736807508014406,-0.719597833346187,-0.1791896236585782,-0.9776632820986566,1.0004069487151208,0.08969511213190066,0.03760991088673972,0.19409769461707255,-0.3366927529973516
-1.8395915161579715,0.0038975911091477067,2.5094573152859714,-4.1182331888915,4.714966983564344,0.5567927498301609,-2.517917000030957,-1.3176473613139155,0.13012930290891653,-2.548500511985728,-5.696205679287484,5.558473071616411,-9.891756800337204,-0.3074874932595303,-11.183303121932779,-0.6985179161515894,-2.334485413160352,-1.3378368336710915,0.1387533484442808,-2.3777623654879934,0.6348916573035664,0.49546096230028436,-0.8382684566843638,-0.8599993050356799,0.2134692178009319,2.8569412337704656,1.0537383561169664,1.8173181237081704,1.5703873455129498,-0.3477009590377171
-1.5766847126941133,-7.517107921230368,4.775751314564434,-14.434166680480624,8.409133827834157,-6.051836055554481,-1.6989559032065904,-12.785175462109542,0.06572300467328322,-5.793540482173992,-12.208301079236335,9.875001479480874,-14.44795447259836,0.6592710738245335,-14.904174408780074,-0.3344893156262561,-9.334449471978449,-14.547351007314534,-5.744193672978939,0.8835222170375308,1.2940610425604755,-3.2147485047609017,1.5146799418011,1.653045344234484,-1.711626044845888,-0.4875369372399211,1.3325719740440674,5.337178273488458,-4.286542924489978,-0.3477009590377171
0.9565070963801141,-2.482254963252694,-1.6507172806029142,-3.072592089030545,1.767136160247188,-1.4559077020387245,0.4631806915973889,-2.8146620315285573,1.577274066483558,-1.0178802281706354,-4.706636124310433,2.8909098211799735,-4.1192348350663375,-0.47953878819262946,-4.550644998852953,-3.02915645873503e-05,-5.7608565321478915,-9.568922176778472,-4.122247324630981,0.7322912331833361,0.3717646092916766,1.5490702802855776,1.4238850166671362,-1.2850290426726636,-2.4958175601383674,-0.36658350736810225,0.1678073337070557,3.0010447111131273,-2.824064598720807,2.013080618966752
-1.2364115018673225,-2.9025203357470732,3.503145112238264,-4.6622087233220295,4.16899877870233,-3.41827635748768,-1.317940684621688,-5.619023289449335,3.254969656871225,-5.050563780277421,-6.906076367363361,3.608221538000308,-7.672502754426912,1.7003893274995412,-8.681672271396568,0.7061779865475963,-7.768706504685784,-14.304488225729232,-5.820001730941758,3.226278562739855,0.38983644426424785,1.5351445632591423,-1.3272942455084087,-0.17547411524355852,-0.29316041604818643,-0.16982759847770276,-0.10286139708908952,0.7495438573005968,0.6705442911141949,0.09382382671172496
0.3034832371716478,0.379983592070856,1.7038378760905901,-3.8441665204925246,4.121572594517649,0.371236486328596,-0.4615717610419956,-2.3551246721367347,0.6522513153406287,-1.712794914239251,-4.1855447169363496,4.611061803403708,-8.5403369096686,0.7230076599847526,-7.979835794735942,-2.458990467059728,-2.9255061571448557,-6.283826076292308,-1.1408114777879246,-0.7199467188148324,0.5239147496045483,0.3870558858838437,-1.2052436575395744,-0.13395462918780582,-1.0757351683956506,0.8734056113306689,0.10426610951324608,1.8695018816913398,1.1736619121318215,-0.3516894394871249
-1.392555190107972,-15.596939198227522,10.135215683318847,-20.526316305854134,4.615558917341458,-16.023664991860073,-3.738330431835664,-16.44955542019857,16.79226952113799,-3.250050702720683,-7.116855960203286,3.7580690459119026,-5.335689013763777,1.4560128378976622,-4.790008393228686,-0.15630755586014192,-5.715558856187228,-12.984329471962068,-5.533071527474738,0.695875086477098,2.2504326246996387,2.4710841953282054,-3.1540323467453875,-2.3279485408832015,0.3030738384751887,4.237755123530015,-0.43356210894740516,3.044223905673605,1.0904385196729043,0.04711872064915973
-1.8397389208535457,0.6296525534942996,1.8314486826467247,-2.840523355033121,3.342704485275699,2.6269318068862137,-1.0190500305473846,1.3835024908693894,-0.4162258965492892,-1.169691410688602,-2.2527785466979355,2.0625355500094154,-4.628514830031695,1.4735637204075165,-6.359137600991384,-0.37150723752849535,2.954470860113733,7.982385680586425,3.626819494589007,-3.3449076378443845,0.013051012119127965,-0.5162696606412871,-0.9707190666230213,-1.0469193000881973,-2.6967137293936814,2.8577474701904904,1.175817529296532,-0.02456146991643156,0.44852176188516096,-0.3477009590377171
-0.20434699689598534,-1.53362711346759,1.2713877967834428,-0.32115808783259353,2.1679150968719316,-1.2862763018672487,0.19003349186252236,-3.495441936873622,-2.035322077255781,-0.8984597284633324,-3.677627372273545,1.8459511211864945,-2.3360575636131666,0.6407316439309769,-5.666832109371276,-0.28810159498312793,-4.366088804869167,-4.3839756031321855,-2.3739838316985438,0.9574388221606398,0.8997567918271084,0.22259270831990544,1.715981031009795,-0.42920682108695,0.887760344981828,-0.4222691454437975,-0.1238351520845546,1.137916969632341,-0.10309074115018126,-0.3437124785883093
0.8064912319126312,-0.6194618611177238,-1.5064941191828791,-4.221506716706563,2.5924680904516095,-0.625957395474627,-1.3932263614809859,0.8217311182827954,-0.45680174730957335,-1.5529061124404249,-3.442367214079051,1.7061572769488338,-2.8571480430987686,0.7709048713149796,-5.020631272764179,-0.013199581889703172,-3.0793532056673696,-3.751742782567277,-1.2729671402017257,-0.6877698870989385,3.774464205182673,1.9001040650704952,0.12645153295798095,-2.3794900053932837,-0.33692923334122277,1.0228913251793232,-0.6100311333968115,0.5253548726087469,1.318110409937976,4.972931960472271
-0.8056949813987802,-4.033963446571029,1.6499739547028107,-5.20399245619564,4.483731061247461,-3.9724760923819087,-0.2493121732036457,-7.010866235820009,0.9776627777485073,-4.1401136522431115,-7.132882302800569,5.16815732905898,-8.712832566816658,-1.1727911872140102,-8.481163206454442,0.7655878556554039,-7.191647034315231,-16.291141857838255,-5.160854163965589,1.847319709404849,-0.7962079100111262,0.10526995618761205,1.5048682175121784,0.5101587154634072,-0.7175791804951067,-0.7290991041288638,0.4430118656211996,1.0463231834902214,-0.3221470323210727,0.26038277027899415
-1.3097769246360917,0.14658960046823377,1.048588591697511,-1.090082484019542,2.6934535967400652,-0.7909020702755764,-0.7388540778917959,-1.7783792290500324,0.46624548120423653,-1.854099287869849,-2.5167015877036922,2.3245944769328433,-3.6723490156750125,-0.17004470397883875,-4.962760641929282,0.8353345733312176,-2.834964738069203,-5.841398861612819,-3.0367673302370153,-1.1098677462078905,0.3454173535497063,0.35625261762918875,-0.8733645575964301,0.1479727128849559,0.31039751905243895,0.708632455210058,-0.27513936944447726,1.424016336101562,0.9472393821872025,-0.3516894394871249
1.1195998631264161,0.6434811805116997,1.6538111055020637,-3.5865341881533075,3.7735113211432423,1.0487850946827875,-1.0827801082802322,-0.7257414875344665,0.10364922126649839,-2.5053086341009965,-2.947800078936396,1.9546239544265247,-4.003118021967853,0.5811282050576142,-8.87637595308559,-0.869293909281869,-0.7607330584657368,-1.6263513565121865,-0.12441612768201814,-1.8030742721190731,0.4077956123310569,0.2839829645376974,-0.5873231423765043,-0.2462315699032478,-0.030632090070688716,1.2142120914179224,0.40004214177258657,1.1563674528141916,0.8574480660255325,-0.3453477555725665
-0.5617823258503727,-6.735067259554481,7.753646725071937,-6.53754289867307,2.345109889647365,-3.480333621072722,4.327798764136307,-15.140941264544653,-31.350110146584832,-0.3574446582798722,-4.650968697191224,4.324571729295248,-4.629646871235471,-1.9203233850638033,-9.490311024439256,-0.24785094375784533,-7.103858613177055,-7.401434116254079,-3.7542119974110544,0.06255167262086354,-4.5303994835480035,37.012128045754736,-12.245975812683549,8.452998671775568,-1.0558996281760948,0.5062183560522595,-0.2261764368443613,3.1354243233208603,2.8728759625813423,-0.3477009590377171
-0.021586232197321035,-5.539312509019758,4.079796595013763,-11.06072842954335,5.951031710762659,-7.431953385907547,-3.148252164312378,-11.366960802481588,6.016656428598258,-3.3571309421640527,-14.029530965079955,7.880215087506601,-16.119331883419505,0.2726311934395527,-15.641278818439746,-0.2642641913712004,-13.572521502236425,-18.344910117680985,-6.852903083616619,5.0733773717514445,-0.8378513367503542,3.457690026126979,0.18633856493550913,-1.6321154865015282,0.6716143073990297,0.20575797534222967,-0.05469268494501113,-3.616794607993846,-1.2596729716110138,-0.04058796443331748
-0.826963373188808,-3.7514271229568443,1.4538467681152802,-4.99704853336123,3.657017253529703,-2.0695004947186963,-1.3476920441999538,-7.092306810601233,0.36726653413598936,-3.4093981258049086,-7.670864557390028,5.65540688333233,-8.741131910905342,-1.7266423231083499,-10.018018332598055,0.15912844802912748,-8.676574389922823,-14.811455925464175,-5.216156694009935,3.0279446839423367,0.09621474482849367,-0.23898291137265598,0.7482389087662946,-0.8734307596109965,-0.8316991469870784,-0.5952739579520192,-0.34052534623138986,2.958428855071452,1.1562817286926397,-0.3483790007141164
-0.8833983137801688,0.5287825004879813,0.24723247415187538,0.50029345907644,2.233153205565658,-0.41193878477445095,0.15275662661009354,-0.5570616817567439,0.345632401532181,0.30625398793695197,-0.2608441383831109,0.8868788283853682,-0.16211018566170565,-1.9416703663050296,-2.486001354656,-1.9788392272924866,1.0716275088227891,1.8846879102791376,1.5013191939995323,-0.8200593368496579,-0.28342104757275294,-0.06868033329211881,0.17011451179918496,-0.21137179055371225,0.5790451862616718,0.975293662648983,0.3931933146024608,0.15085492403629663,0.19265876295631262,-0.34865819434557493
-1.2428130772179844,-1.0440868919372657,2.0428174125601006,-2.5980049388442907,3.9715252037247732,-2.232155800169515,-0.9407219159878603,-4.666364328807546,1.433396300980725,-4.07145339022336,-5.585648696444256,3.768234215624621,-8.309586092856808,1.5032762866896314,-8.804081035175583,0.8649530739745365,-8.99246886440108,-17.259720132988342,-6.1814465380971315,2.965524847854842,1.443980908502947,2.0180996560705844,1.1491925626629833,-0.23674202167027464,0.0032150442369059022,-0.07355677318193372,0.8079883433223038,3.2111654939970253,1.6816212258433034,-0.3213371032671316
-1.1295852132031534,-5.585489721076112,3.797289158838573,-9.359241396697957,5.0736666416142855,-7.213527092487731,-2.8993436419685374,-10.939173472585605,5.956381538120142,-5.736307957160729,-12.527280668970745,6.993691061978753,-12.657938480551492,1.2222599807996668,-14.546410592668382,1.6536535274171784,-12.724939193663156,-23.3545069058422,-9.00357417358024,4.491945235144233,-0.1133143054487265,3.0846243835875966,-0.6783917235162324,-0.38148980657325354,0.7510824517872295,-0.1936856595984401,0.927236727497024,0.15400848436376852,-1.345585408035099,-0.17025346384356463
0.6030938098335439,-3.0147797691528426,2.692633961497577,-5.696219700452325,5.501025719101662,-3.6169010961717936,-0.9006606473920834,-6.196675592686992,3.463085585007745,-4.844839961453407,-4.502433624791283,4.1416955675639135,-6.433492256945702,1.3363800774823993,-6.122951159405595,-1.0152329708355503,-8.103857760988799,-14.953508091369562,-5.65673984849525,3.436698661768037,-0.654652659171636,2.4146316993680697,1.7446317953233004,-0.3179064701314265,0.025172258247996106,0.0012207822964074408,1.1289497165279219,-2.883181396471419,-3.6903215620414977,-0.17017369423457648
-0.8018624593138445,0.008184360507922962,1.4561414892606883,-2.784931937911797,2.4453176662028517,-0.45254572577505014,-0.9713919986230362,-2.4112059863527393,0.6314139277577206,-1.4647793995181815,-5.500150196468949,3.2041967751687466,-5.1156196161871925,0.3101302097749542,-10.479227328826065,0.2978105300805561,-4.073775794517108,-5.185174543461203,-2.1370261557167787,0.0978184610050904,0.76727308523087,0.3884041311700607,-1.0634900617814893,-0.4227652283524347,-1.4418809527407992,1.8042388621370742,-0.45485275569598366,2.1597747533986675,1.4384373787006959,-0.3477009590377171
0.16186944035190853,-14.656038277759217,13.37599925412387,-18.382914196132962,8.365939708194832,-13.760838449355013,4.864193096788677,-35.17145739604243,-34.44778724694002,-12.139125948415844,-22.635564426985713,3.417138474976094,-9.163067809858784,-3.0256113033087493,0.8333117630957178,-2.298053527516048,-6.473379415287602,-15.437887171218977,-6.428163161384308,-1.1078417888233494,14.348654491821879,-31.019298539977132,11.458707763775406,8.712193123913508,0.03986568074713813,-2.928603247454102,-0.301597456270012,-14.032611659095418,-1.343639401192939,-0.35164955468263076
1.279828767215843,-0.9849342214571001,2.7906239594268984,-4.701195509600741,4.037187094565094,0.744004879909094,-2.3947314093345833,-1.8264877776891713,0.9950069959209832,-4.048524030292688,-6.1180821948127395,3.756539112559875,-6.544227221563448,0.25312291463213354,-13.030087940002172,-0.7101754547793915,-1.4665000298322879,-3.2206152570551434,-0.1019492088328751,-2.5776812452306355,0.42785822796665657,0.8189834163382018,-0.7462654947719783,-0.5653171200955306,-1.1584193216357082,-0.05816495327857974,0.0704318407178994,1.4161934992422858,0.9008808430287836,-0.3486183095410809
0.8227899796804347,0.2669962527380418,0.9291124343765271,-2.7559145784307697,2.531764789764368,-0.7423555614110753,-0.3765732423266161,-1.5277773647128055,0.737613105957163,-1.4057916447375687,-2.438681099442754,3.1519120141920967,-2.5992972975391133,0.25909253375400865,-4.899363710503098,0.9964504507296637,-3.082351973558071,-3.5956374221644665,0.11534375238910695,2.5371119430673317,0.8079908858859749,1.1585509049767502,1.6212887953480637,0.7228091807376053,0.8020356325890136,-0.95932128737576,-0.2249463616368077,0.6656582974910019,-0.19391779570922962,0.16765059983026312
-0.38557054119794465,-2.870592559266019,2.110925912541567,-4.091822400363561,3.044962986001263,-3.7884815025410328,-1.0070443870028856,-4.215842665401951,2.252055376601983,-2.6629508188287234,-6.039926660499839,3.151549204660349,-6.888441320886542,0.32889520320882626,-8.112204731262207,0.5506345233249037,-7.178276617885345,-12.570112518424176,-4.94334117989107,2.6987916182912928,-0.20146437039291637,1.2914961297931913,-0.591523220126515,-0.5589995076356429,0.32681336912061437,0.30675175313005953,-0.7841609015668782,-0.5272262429405923,1.4050815485282735,0.5249785632927068
0.8398678665534173,-0.4944366380040072,1.27252073923307,-3.446567856703707,4.601143252590117,-3.0356272500538237,1.5890369792850845,0.7659909586495834,-2.0545827976126496,-2.9200993898948533,-2.8295935371746066,1.0324530151185314,-3.4897715523331243,0.5772699023134131,-5.496071218148305,-0.3574667251478311,-2.113292882056712,-2.868788126136678,-0.9934783789509176,1.1689935965700367,1.4896167537504776,-1.1478679403699257,1.097421252880843,2.0947178649252867,-0.5825169762941632,-3.395880092782234,0.20336071874594266,2.3629568740285816,0.4974135665797836,3.3388914051543948
-0.02118613373790467,-6.680878487653812,4.458601342516174,-12.047994012896945,7.520867380084998,-8.503869773102545,-2.747863255939801,-12.010172956843947,7.39493020922516,-4.938179508774925,-12.153917114827069,6.238255589662906,-15.588783992050534,0.6641057468328179,-11.937633813660522,-2.6753479798930444,-11.247091107019923,-21.528423698863016,-8.666354035004892,0.7655867523375269,-1.7842397061816102,3.756372707923206,-0.3671655884159641,-0.6581125496550839,0.8594283982161781,-1.425948260568193,-0.3484562572425828,-6.169488971916725,-2.1753937234404757,-0.23079859706557485
-1.7647520464334578,-1.0854367614275107,3.6226289667510962,-7.28200629055524,6.3616044806400245,-1.2247510540945201,-2.1433386340122826,-6.3067997201984385,1.704858655362744,-5.379811201842925,-11.820988727773468,11.793298376470318,-17.83415981471451,-0.4330975026208642,-20.098793866239376,-1.052525054387445,-11.742224537221205,-18.364338609821925,-6.550444607424682,-0.5051356980623724,1.9392390086186724,2.2397768384024004,-0.384145229512797,-1.0597282221187503,-1.9234081683544761,3.2661911293210344,1.4331293302755423,5.234987321677976,3.3914018062438394,-0.3477009590377171
1.097383869721981,-1.0541695145012813,1.5949537163544019,-0.4936505305433408,0.4908746717139365,0.30299626865679885,1.0469316643092716,-1.3709944637631728,-5.314931147852408,1.5705875594532388,-0.8164349966620635,-1.5634560693244397,-0.342690330696894,-0.9833725879004063,-3.8585794420345145,-1.6257907612414482,0.6039703683928382,2.7796027854794567,2.0159976491658824,-0.9052072016967299,-1.8467559595503173,8.45642766017031,-1.7598892562408193,0.7328628528648257,-1.7369450900100236,0.4025706634108019,-0.6639557849869915,0.038288658436901525,-0.15376050046585085,-0.31978159589186256
-0.18990133672968926,-1.8314974057612174,1.5824545756110842,-3.674674664248406,2.565194641126691,-3.2936182406934273,-0.11773298327550856,-3.3019314358885636,2.0291909232065666,-2.9531197837083387,-5.359780725787341,3.306496769166664,-5.714606155562862,0.28957278516975404,-5.662948543720042,-0.6078780210375408,-6.705918463652002,-13.199709169917698,-4.149615467506391,3.432327151930655,-0.23032441218883748,1.3933435077849659,0.5903731000209406,0.2900490139082939,-0.8827071676129099,0.3253600060648843,-0.3111804874002568,1.693089195345687,-0.9172432659839511,0.8864146616180404
-0.6826541762214215,-2.7287777485288864,-0.1729921406607976,-2.531023915935465,3.7694777544235856,-5.5162872659551425,2.911505516598864,1.0412823077302145,0.16968472514230007,-2.737720161059666,-3.6733379325490403,4.892870091549363,-6.1405515035454945,0.04307161966713898,-6.321538871311042,1.9894828548537733,-5.4268676257529505,-11.935134913187971,-4.297023508508449,1.7625992750978332,-2.025369616712789,0.37504179503711155,1.8488068985817279,-1.62033991214635,-0.11743206889977502,-0.6431152917550426,0.9148854366240733,3.755394182398993,-3.413763329123114,5.240798307454498
-0.7972086824964226,-1.1927229040492633,1.3497520635494893,-2.2299820759172704,1.5386774385505597,-2.586638018894521,0.23886811591550397,-1.4009895733720974,1.2166164424858734,-1.8050186652294693,-5.257645439071189,1.8033816972094463,-4.5589852032661495,0.7527798457035563,-6.573550569054483,-0.1416517310959964,-4.074583224591844,-8.728289583262116,-3.210274907993259,-0.5543649875779274,0.35680404854460673,1.068315754739248,0.40939148022821714,0.49167566845678573,-0.9881354164000312,-0.23251513962805515,-1.0191028303167537,1.732821198754004,0.6325735508670772,1.4198739217263319
0.1599321214957872,-0.9854363652284412,2.4661463917497306,-3.210477282157962,4.166093726811492,-0.4006093963108391,-1.1679492096859898,-3.0956180904180406,0.5706734066875848,-3.15712465135618,-6.152637235378786,6.889797977974222,-11.144140180874901,1.7224091798402166,-10.92852743564041,-3.0594419662067667,-7.161260797604618,-13.796602084082943,-4.114445126078468,-0.6243789756088364,1.224030529828165,1.5468058252046017,0.9286358595468777,-0.8476272292470829,-0.7155419082306452,0.7277221473508743,0.4108021888695453,2.1479228667154366,0.6970551311423064,-0.3516894394871249
-0.9909616259222102,-0.45335268329759754,0.8431823428123921,0.8051723618407148,1.1734495192312469,0.7314279506232134,-0.550427520498598,0.6909987300849643,0.0004286894498659175,-1.1631061521418955,-0.39862337493844036,0.13929217678842098,-0.46468983679736764,-0.3695549195359624,-1.2220624986008075,0.16539920754398343,1.0103635991122695,0.7123798109963245,-0.362568623736411,-2.693635868915097,-0.3468435049838024,-0.11443344940203161,-0.47845768471017364,-0.08075822349036894,0.3821475759659351,-0.8635353135489365,-0.7808711008049738,0.08538410418847434,0.4821139721786444,-0.3214567576806139
-0.8666994675529489,-0.8423381608699498,0.7667595594408718,-0.6932292354406222,1.580667637738569,-1.8325063927259821,-0.6676374170794321,-1.9018710604392461,0.7176730113529887,-1.1682194963390646,-2.4898714995571494,1.1531251668905864,-4.400007786891429,-1.2334492464685176,-3.0897419630261895,2.1782627220399333,-3.7783429819824783,-6.6168747404575035,-1.9594890219486105,2.6021561525459598,0.11469230175826481,0.9235955647304775,1.0080889697438715,0.5307395166553093,0.6488837152740646,-0.5247961360417873,1.6645762113677003,0.9652930494657727,0.342547067199545,0.0968151870487808
1.1805832914669314,-1.2375841122025697,1.0063579411209806,-2.026700832604119,1.8278961955800777,0.8231693498337667,-1.420669896215511,-2.0901456326821433,-1.868398718918545,-1.5226465544929457,-3.2299530363349716,1.4129835368327361,-1.969525563751427,0.7725350795942918,-5.207223899536966,1.1559116313133238,-1.1397395537975905,-0.9685141002138977,0.36685144104341394,0.0341811470176186,0.4604245004208288,-1.2714914244870117,1.2700732389217106,-0.28737724846443086,-0.4649469396826005,0.5754422736686682,-0.5476376875956143,0.3709907820778397,0.8930073440867214,-0.31463645611212654
0.583783794713291,-1.023142120254245,-4.340918987136321,-2.6731489697512343,0.924947237126488,-1.4919735060437973,-0.07320361920873841,2.3255336152756003,-0.610207907622708,1.330186598167253,-1.4096378303255035,-1.3672923945613933,-0.22422017078044215,-1.5395797310809276,1.1248078959004872,0.4235841491758969,-0.7544660081822224,0.11007712000197047,0.4001635848785686,0.06989251236487652,5.155934458093406,1.6924940085856244,-1.399321412955019,-2.8705546137255924,1.0868012477706643,-0.8344838483023559,-1.8563279315609686,-0.9816115196729308,0.9607557137664324,8.127301493495407
-0.4645584002121963,-0.5678076819877395,-0.15590076160709174,1.485256358011823,0.8141252604154382,0.3136709932341879,0.9429712014811515,-0.47175897174748455,-0.5113371703872844,0.9239547332066533,0.3083290085732711,0.8115817371475829,0.19484941989640198,-1.8966894903424787,-0.4936939776050161,-0.6325643538192071,-1.4205883429536719,0.6752514030172199,-0.18967497191093688,0.49945894550106396,-0.6611466950481877,1.1735902817775175,1.2780473971302968,-0.5468585990341247,-0.4229016192994682,-1.1512796265611476,-0.3744410558260673,0.06626453855800786,-1.0965031238003098,-0.1720881648502922
-0.5617823258503727,-6.735067259554481,7.753646725071937,-6.53754289867307,2.345109889647365,-3.480333621072722,4.327798764136307,-15.140941264544653,-31.350110146584832,-0.3574446582798722,-4.650968697191224,4.324571729295248,-4.629646871235471,-1.9203233850638033,-9.490311024439256,-0.24785094375784533,-7.103858613177055,-7.401434116254079,-3.7542119974110544,0.06255167262086354,-4.5303994835480035,37.012128045754736,-12.245975812683549,8.452998671775568,-1.0558996281760948,0.5062183560522595,-0.2261764368443613,3.1354243233208603,2.8728759625813423,-0.3477009590377171
-1.395292705882926,-14.216485850351889,9.458965501698547,-19.087693808828252,4.533247255200516,-14.748406573795904,-3.6260348815378682,-15.512385751283265,15.384101728486572,-3.3439106845497575,-7.3728633668742365,4.222815490491823,-6.032450669740952,1.1462238529116482,-5.837281170064401,-0.12181860770878822,-6.279733619686459,-13.727173184040701,-5.621211578999449,0.9016881930428132,2.2040035442281045,2.4515307246476277,-2.842966228356541,-2.0240023446621827,0.27371699555927287,3.8373402855204137,-0.4381987034206707,3.271849695303849,1.1865733301471266,0.04711872064915973
-1.1163819640424135,-10.673069984231349,5.969135491356936,-13.164051680792248,4.347739958522457,-10.976050367473835,-1.681467537206635,-17.14636584949276,0.9670574639687062,-7.964989225683406,-16.820055529159823,4.590019562846148,-9.61988872625059,1.0418048501632462,-8.577100682977116,-0.35760938702214307,-9.58015548207385,-21.89661927253037,-9.047901405325694,1.3833849656104196,0.5158946729241299,-2.6907087932528038,0.8992678639473103,-0.8285193211959195,0.8953589839132327,-0.10207565840157601,0.233525210835642,-9.298576267460279,-3.2770449662740107,-0.3477009590377171
-0.07324104908933896,-2.0174388510496266,1.7478053750328513,-4.237546217426384,1.7192337633577932,-0.9622583922598467,-1.5932325942842052,-2.606215314215429,-0.5750217575684742,0.7065058080785401,-4.347713700542668,4.829725945818368,-8.786180068032536,1.5297150906223782,-8.945652989309776,0.3838009257872573,-5.185020574177666,-7.658783991715296,-2.2534623317680067,0.21399497858383165,-0.8670846437838957,1.9186172957035816,0.3845763745917004,0.9097149524573589,1.0846294850072178,-0.5716143089029755,-0.8459541121466649,-3.4045928614600656,4.217847518830984,-0.1415364046078286
-1.3945977980323607,-14.561618115575678,9.627986316348595,-19.447345425633465,4.553835147476672,-15.067182067643458,-3.654137748130249,-15.74670510832247,15.736156867486757,-3.320449486864618,-7.3088661359597165,4.106623951431256,-5.858257386939997,1.223671555552123,-5.575455141199437,-0.1304446270186003,-6.138699369992783,-13.541458256187571,-5.599163245262592,0.8502278178634658,2.2157222125216913,2.456457041078776,-2.920738385756056,-2.099878791836152,0.28104607681009297,3.9374645348569537,-0.4370439450421242,3.214863658374051,1.1625810585625174,0.04711872064915973
-1.241549608398775,-1.989553138154873,2.740201637899071,-2.9391384398422815,3.9180833580709766,-2.987629917941002,-0.873063818473918,-5.4949740211995435,2.4581124248507673,-4.481556756915364,-6.076017085966551,3.3051815742599535,-7.9193595258518785,1.6930845786651523,-7.979774883463015,0.8506908617973818,-8.615851511074903,-16.660107664446546,-5.912899098130208,3.1023861516057534,0.9837591172127067,2.300356568969137,1.2672935136167154,-0.2409151191945518,0.018641625903684754,0.15532097053820212,0.8550171069425662,1.5702827842916849,1.5320798603344778,-0.3335019686378254
-1.371539492081786,0.13722797798340017,2.15284721582209,-3.834232499528862,4.103070215456494,1.1153023210721533,-1.7037430465001802,-0.6655857744784526,0.2950146346687954,-3.426222261242655,-4.227389661992407,5.376954577615695,-5.680418486406172,-2.6632945043975194,-10.862895861029617,-0.24771102751013363,-0.8016240983708153,0.4848727165465036,1.120013035341925,-2.4018851347866477,0.40415395981003793,0.5044504212267734,-0.4445048313960965,-0.8764603486239821,-0.8596302563321565,2.645384240957624,1.1714954366821215,1.3664610316322217,1.2303425197545745,-0.34897727278152757
-0.5617823258503727,-6.735067259554481,7.753646725071937,-6.53754289867307,2.345109889647365,-3.480333621072722,4.327798764136307,-15.140941264544653,-31.350110146584832,-0.3574446582798722,-4.650968697191224,4.324571729295248,-4.629646871235471,-1.9203233850638033,-9.490311024439256,-0.24785094375784533,-7.103858613177055,-7.401434116254079,-3.7542119974110544,0.06255167262086354,-4.5303994835480035,37.012128045754736,-12.245975812683549,8.452998671775568,-1.0558996281760948,0.5062183560522595,-0.2261764368443613,3.1354243233208603,2.8728759625813423,-0.3477009590377171
-1.7216677596984116,-1.4706245442247408,3.1689763794389134,-7.3008825920710265,4.725009257990545,-4.1752970658675705,-1.6848217236923322,-9.043764985279786,3.3698911804097285,-3.125720575526329,-10.643557651084786,10.25084331742647,-15.536041054294467,0.7392960486857139,-14.52285569103069,0.8967969351804316,-13.623711457823177,-21.443596733538552,-8.151293205070901,3.840957429220897,1.547011414623708,2.7246523629641133,0.48337187441883905,1.2674258653871278,-1.285438550341325,-3.158193513614495,1.0113597649560995,3.5259746951213176,1.7832676093706827,-0.3477009590377171
-0.5127386778513879,-1.1601027095379668,-0.2772279810193258,-1.7083682222982581,1.575573665230527,-3.1018135893339385,0.2928011822934576,0.08269250785986904,0.6828165085216658,-0.9966042706957068,-4.6321203760405325,3.444999371827523,-2.2379340770372393,0.6612177624079223,-5.438468460975769,-0.14102211548204172,-4.5095678584580074,-4.525897664683109,-0.6805298095778103,3.4188738910346195,2.966715572770823,1.4911979234533803,0.9068006100921279,2.7280498907262234,0.5514721541995484,1.0345567529024597,-0.40182471095465905,0.6377957928930057,0.7558471195895503,2.9381288895979005
-0.6912457641920466,-0.8398491790059193,1.8982198080982562,-1.7003975865047738,2.4123737527169133,-0.3252471698151018,-0.9320221464159109,-1.6082718543016978,0.8418935855377221,-2.560510164163144,-3.823525397048286,1.372621441710328,-5.675814565491412,-1.24051919434652,-6.623968138705717,0.5004374481216357,-2.2677256135502564,-5.839089138244728,-1.2380177816292153,-0.16522662969757168,0.3777687845773041,0.567910907386743,-0.8940998535629292,-0.5079041463502306,-1.1235962288216155,0.7492289965911412,0.11541774694791812,0.9748585886777134,0.9135266778525437,-0.3252856989120453
0.8513443749945709,-1.6130230115163267,1.0708535991494135,-2.2370550923064476,0.6974043554732832,-1.0946230671209884,-0.9613632229080706,-2.1960369629476735,0.6032490180097192,-1.5135432307811352,-3.5357515252863254,3.221762024313339,-3.923299931073787,0.9575094478738552,-5.123609120685737,-0.6039984913208738,-5.474893202224347,-11.057040786868795,-3.0759224484286554,1.8440310319824584,-0.028010906525108955,1.5241122963868383,2.211254659156676,-0.9860867632945881,-0.4146659246892078,-0.46020050880835883,-0.009239469222745806,-0.5813476012911435,0.054981298392513596,-0.015540307211036579
0.7324519591069504,0.3841709965556668,1.3858980933311993,-3.4080026313398415,2.7058614347669376,-0.053492959157021396,-0.9881386273240199,-1.4983286504850353,0.6978828719191557,-1.4290950751785023,-2.968166508151726,3.306861956496187,-3.483431697103266,-1.3912855375936775,-6.297674449576191,0.33749755736708625,-2.9931057247886876,-1.5530576144931776,0.4882791703214503,2.901515817580476,0.37206750601430283,0.5192617306747946,0.04637421279318295,0.2990776623998792,0.5925965433499416,-0.9367728767605862,-0.5372651024315898,0.7315183373279218,-0.14475931354067872,-0.3437124785883093
-1.7433783655751627,-2.4138326094151448,1.8464440438283596,-3.6943257396844387,4.1869915741938835,-1.588140072379789,-1.1479377977245089,-3.6235442267314277,0.7694852170047004,-1.1917013684460116,-3.809899437941272,5.053187377039152,-11.165740861102234,0.5467865374403442,-8.201837936196824,0.8117765764804217,-7.75071854474873,-11.764707529451243,-4.879263907244766,1.8481485879830903,-0.26823998217657014,0.8852422423958475,0.35092832300409144,1.0021929720261733,-0.39293438568306954,-1.2867084081598776,-0.06995953083506064,-3.2887089840392996,2.158032646077917,-0.23047951862962224
0.7223020929259668,0.1477138857328573,0.030152497866209636,-0.4884484952834601,2.023840246849934,1.0112739524716525,-0.401131428927796,0.11503828161414899,-0.18660481150501496,-1.3344820550531293,1.5778389977864227,-1.1055621947437146,-0.7138691589734669,0.2742973576769404,0.28741787024808857,0.25618777206341314,-0.5290103911627931,0.5598040961897811,-0.5339973791151946,2.1995298024586583,0.32249236745624277,0.4584993240289151,1.4025634791737016,0.48372858663779883,1.3780528054166783,-2.3437636579881476,5.69603233829215,-0.5441174663997892,0.5140998697804723,-0.323052149860377
1.2586656644940828,-0.3472910774801068,2.8337066403594093,-4.497106036858582,5.045343323440932,0.673022632975828,-1.4061156583676475,-1.862656306380893,0.8343710364010003,-4.506092760649009,-5.133285491166884,5.675486435848262,-6.141876821544603,0.6183055238138266,-13.024640926972026,0.46594841460395653,-2.5791318077868177,-2.5211245862056324,0.8424513879726643,1.3430687019604695,1.132589136338676,0.7707603744761409,-0.443680806728703,-0.4484655036197549,-1.8502248833581252,-0.13955126762112371,1.1482894179756147,1.8783659785209696,1.1824491389958158,-0.3486183095410809
-0.3798849315115016,0.5823494749228736,0.7832665457638734,-0.9453757058272602,1.4536862185906083,0.6818441732104775,-0.7189693904842234,0.3157853824685316,-0.07728650485869018,-0.0305557792200497,-1.9838102460212053,1.0608599852882992,0.04184336065155657,0.44429070975890345,-5.286415803126574,0.34359869647812435,0.9405471166388947,4.769980984975828,1.2849670493712497,-1.3612239509390331,-0.006374690136253631,-0.49917862759203346,-0.9848893685103817,-0.22945029739073408,-0.5037008021275117,1.339453411675447,-0.6487780619112032,0.262556868675339,0.38204787070141083,-0.3477009590377171
-1.1282164553156764,-6.984229583264957,4.239232254461516,-9.087123245001699,6.141067777620827,-8.283142065420751,-2.1924890077139354,-11.78480953431148,7.237505794223087,-7.37358810437214,-11.765476733606459,5.230967017728834,-11.942500777466927,1.6059600413966857,-10.000209460657345,0.650894033569364,-13.016914078140045,-25.510954384910658,-10.115265626459774,4.320951700591475,-1.136984806908273,4.067131318965982,0.685231882484379,-0.8118054656739768,1.2105668382730383,0.5394564226625346,0.5808029914474443,-3.473701341720367,-2.030342607768425,-0.34865819434557493
-1.424899991879737,-12.898502456395951,8.685848320326821,-17.70176478916409,4.484376784264139,-13.529198984432599,-3.490219521114989,-14.511371255833431,13.960407334982541,-3.434689499956287,-7.64359300632931,4.693932757900644,-6.725463567204988,0.8522888823031372,-6.878953396247552,-0.06892321179091947,-6.818013538453537,-14.473339290451742,-5.712312273276245,1.0986096318402243,2.152670899155379,2.4223480004776508,-2.5651562384370483,-1.893823976930364,0.2592748279876795,3.3935724840764285,-0.4565775931418464,3.486811875572451,1.2678308424652678,0.04711872064915973
-1.0928393283778084,-2.2585404904885102,0.9996604362774228,-4.576027889293405,3.456984839249194,-3.681088897717573,0.009029394674745181,-2.7528224210810985,1.183171520657472,-2.9720477237267033,-7.16314488067408,6.165796342374819,-9.693184686027076,-1.6282472293415666,-11.226099248186236,0.31413384070099476,-9.033033431215078,-16.075030575362543,-5.471981557155096,3.1814943739598207,-0.7281552962934524,0.9496957670467587,0.6712860050881375,1.9582630932064582,-0.8837305109332622,0.7461774335563565,-0.019902439746667756,5.680531416375373,0.24799091798391676,2.2328458917291214
0.7248711461916929,0.027508437043966157,1.1260646876214866,-2.6893006202230714,2.895841528986592,-0.5806940973345028,-0.21884570402216683,-1.8713305069611899,0.9989102436362741,-0.7171280565151814,-3.5961866054281857,2.937876151958585,-3.6285182849554114,-1.7370513707725128,-7.703607969084497,-0.3759421421582849,-2.947200517553881,-0.6108411396092388,1.3220741789869777,2.8878298617952023,0.6623701081924501,0.8406950132220374,1.1031997075250817,0.2071446100427338,0.47780193376216656,-0.7021840658097711,0.06262332339091768,1.0649981586031312,0.3381203017064869,-0.02902137113003488
-1.039921042666581,0.511095805480204,0.029361302562836915,-0.23006734985201818,1.0551706856202938,0.13537900189637475,0.144331945039448,-0.0009599613098396735,0.12385789456339985,0.5282855664082134,-0.7296191812532375,-0.9648615344543676,-0.5720966387240309,-1.1116571113276872,-1.4447362638602765,0.4422776786514027,0.3213758305037695,1.3405894339646167,0.11078776153088596,-0.36807146954855996,0.022058275964030104,-0.4555169544919199,-1.3980570182288008,-0.20477237644275195,-1.5627503211304479,0.8762765854841335,-0.9406439085708949,0.11532170491145383,0.19742135402287747,0.07104960334560645
-0.4180416898516306,-0.2200831201244874,0.5979749131962498,0.4264351219075332,0.22399805037284445,0.44663143836056435,-1.0113253523163,0.8705849784927834,-0.13519692117246207,-0.4497727511028059,-0.9567306153634803,-0.38738367034396637,-0.6697415970770588,-0.9910538853882206,-0.691333894115108,0.37520033156263155,0.6084387142297958,0.3289987325730663,0.42375204390470106,-1.329215507348095,-0.1482646253214922,-0.02278727789910919,-0.28648484450642586,-0.261659423224741,0.4221854464969474,0.8737969784664965,-1.0481810622662189,-0.09726422348782436,-0.019915990435573808,-0.23147663874197416
1.3954782798008256,-1.7297256601445892,2.4124606601593586,-4.605195399702665,1.1708649977651953,-0.797840902993623,-2.703031698526454,-2.9769412452585193,1.6304824428049682,-2.7938161118101457,-6.912930485766098,2.934086477298118,-6.01737040900169,-0.16522164575109274,-8.774542847375711,0.0452224758157369,-4.731451074589296,-7.230578126571722,-2.351949149846322,0.532490102202876,-0.004283385028560383,1.4194188050490886,0.3608567353644538,-0.7638845928340467,-0.5391540633512645,-0.2998327350515479,0.23588193930191637,0.874699565216779,0.8791819860459549,-0.3501738169163499
1.5890838185310387,1.016468030318003,0.09639074923556831,-1.704663322750243,0.2886504093719051,0.8343003062731233,-0.07175668300023964,0.18004561045834336,-0.05702990123275724,0.5259290179870255,-0.8177975192417881,0.482661584787671,0.7287307917563609,0.3831816654672455,-2.0385386969611923,-0.910507087440529,0.5953795246844272,1.0698137019140193,1.4272244529288898,0.7283749407833441,-0.021605120909729093,-0.22412084058481369,-0.40708842663381606,-0.11511148206240332,-0.7433816514446204,0.6022662508767043,-0.6012031960123773,0.007552003706740611,-0.0472949370002467,-0.1820593659738117
1.0123734760028307,0.23331724686856706,0.8333393137753571,-0.32240911087346374,1.9813843117739214,1.2882393877535805,0.07636877756756766,1.0456313657881153,-0.11365978754030882,-1.5460207962786254,0.8795344091459613,-1.6693929534646719,-0.24362548806819317,0.4596799578474163,0.1460537063236712,-2.0671338440652733,0.42716941307751877,-0.945937018303646,-0.8310182396593052,-1.8402294631112215,-0.3421177668822758,0.14316852003871988,0.5108094235775169,0.08137221914408627,0.6637831990735519,-1.3892217208783821,-0.4212300777582702,0.2276780373150142,0.2899693503510971,-0.3516894394871249
1.107975949989688,-0.8232452653071095,-0.24736625428557077,-2.5271605569639135,4.413899642177349,-2.436342867490376,0.8632226544652132,1.5005701468570423,0.39890934643557535,-3.498523203542946,-1.330251817766324,2.074855192477036,-3.2738568181143743,-0.31672265523249077,-1.8912775099244699,-0.8114831565900412,-3.4153610775554806,-5.7048856657950875,-1.5159773895962882,2.0898898391936536,3.1482396562718127,1.69425656598933,0.8489061777841199,3.5883437594022136,-0.10873435211691221,1.0347849684578716,1.1229647166383263,-0.33628502318492387,-0.030605078814510647,3.6219139778443714
1.4792462625144203,-3.8310481348219736,-0.2183915173745567,-2.5279462858682367,1.7559049642809401,1.810128610753575,1.0017978573791462,-5.477944960529513,-12.937656917767242,0.4235752641057212,-0.3627083664134324,1.0350245573279522,0.9747453651062885,-1.4617984643870818,-1.491186869680258,0.6304139203289271,0.9584053429428651,3.3694004649903033,1.923360803234711,3.130063917736517,-0.6151075727462257,-8.693661153707557,3.0998437179857317,2.6624357035740984,0.23248397520662545,0.31234076204746786,2.505726360660714,3.1339231193983794,0.297868030354394,-0.30259124515491503
-0.6999426412309392,-0.777519675776146,0.9130091082501485,0.2459909411913246,1.615189258484389,-0.3817818536180143,0.7510165022241816,-0.8782365725422535,-0.022505194588067292,-0.4863567189571332,0.15646701948392044,2.738609140942816,-2.3278014878765183,-0.7866795129286992,-3.5896563858533206,-0.5774475522760607,-3.766108123959124,-4.621815081252298,-3.0105868779587626,0.9761059158264794,0.5368413355357335,0.45151572497297826,0.6802467880768764,-0.12790322869923482,-0.41804321222272994,-0.9154117764856825,2.057554147441848,-2.3522001102513643,-1.1944685843554934,-0.2757487717304006
1.2047787193547945,-2.1058077660878274,2.2734239711724427,-5.230766843460585,5.48305604366194,-0.5578196847826032,-1.524922728460921,-2.8056747344476514,0.09027041789416568,-1.4143663453111235,-2.2194554136917413,4.396422126414082,-8.866199228598061,-1.2218792338279352,-14.357483915689084,1.346241284733725,-5.019915068090452,-6.883537411442997,-1.4966273712940166,1.3678955087611135,-0.23479327599776767,0.7438858444311569,0.9473874235510779,0.6851714203905456,-1.0247863125728105,-0.7079976918704429,0.7619707080717534,-6.580586205538464,1.2753069832952573,-0.3477009590377171
0.6598235598160536,-0.5831547537443214,1.1692099907636546,-2.5770483815709064,-0.05221043345413949,-0.032642438057262434,-1.3189665409192373,-0.9830956817669174,0.30633951699788,-2.5250396806007607,-2.960459780545125,1.2632845763245775,-3.28690451596717,1.0488964848921867,-6.013534005013481,-0.7309045536430517,-4.420867743984191,-3.2046154166699083,-0.12393241320686545,-0.8814959523617837,-0.3237968854218546,0.138390465255509,-0.7327735625402023,-0.5240394731060026,0.6498656317325244,1.0918116992397937,1.6319078234612476,-0.36063043632618924,0.23263634433137645,-0.2519774282519302
1.1283388557926157,0.1112933475161961,1.647173979685362,-3.373135247159547,4.457123577722883,-0.6150626689589337,-0.6620078267901857,-2.3434191901891714,0.7885962187439182,-3.306514376737781,-1.7242274679763245,1.1819315795856848,-6.1969953683226615,-0.9263358954993218,-4.123371786641401,-0.06880410769867043,-5.993743797214632,-9.657545655889068,-3.8664934444995227,2.377136994810297,0.4964696281870955,1.4739156479551074,1.4289274464574047,0.09925572933280115,0.8801403869526607,-0.2848802833753805,1.326837719399464,0.8683858734911424,-0.006026320549802693,-0.34865819434557493
-0.021733636892895484,-3.1581937397882984,4.307509768159169,-8.599067263603828,5.6579186093038025,-5.715863529502011,-2.9847766295095726,-9.875167817038648,4.172683018567597,-3.8720672962097726,-11.935646891807247,8.525428182666367,-17.24587980390972,0.07048585292643328,-14.76593062409195,1.0471477547413601,-14.154286536403577,-22.170600702696778,-7.774811447187715,4.321374871168834,0.6291209147217434,3.404810297736221,0.6633127920846591,0.7664877697247218,0.5957108828604745,-0.561549257622094,-0.41357859909318645,-0.5034088270836469,1.2197202659104192,-0.17260666730871524
-1.0848163013758276,-1.718350773036854,1.471712341757243,-2.475992002169198,0.1949596331513676,-1.6715725095257676,-1.4726452416464735,-2.446133434351518,-1.4049994454806753,0.16700206306325419,-4.585077829837262,3.5897545383222944,-6.435019269296821,-1.0932666659363122,-8.9011028387975,1.564598250449236,-6.141118306522285,-10.742850221587151,-3.3614939907128965,1.0736558840932042,-0.04649479953114161,2.8159841345071315,-0.7067720431581318,-0.3961512263133957,0.20952030256239315,0.2011026401942529,-2.1914091982653,-2.9636864491231654,-3.0960553416030745,-0.0007031599392396149
1.237523619585976,-2.6510977751963023,1.9193643581397954,-3.330913085077138,1.5867464145062007,-2.9081287162886125,-0.4790638305534177,-2.3203124960765784,1.3233561352172982,-2.6087306966553525,-1.9517320304402848,1.8292656251376198,-3.6356699999103963,-1.4890053687676077,-1.656171156314042,-1.3453812379177514,-1.374023253010448,-7.306070861496693,-3.160906095470707,0.015878778502721395,-2.3994044280213234,1.5876680590417864,-1.3874509557323067,1.2344440838667567,0.1051909033853369,-0.7482281091344384,3.910491558334637,-4.303148843995959,-0.2519423864435452,0.6368953247030892
-0.7754559609923645,-1.3432867806958715,3.1085290086642314,-4.020270342808114,3.9039151290073653,1.163387670635449,-1.74180181363004,-2.5896962884159556,-1.243957176670674,-4.625304140382349,-6.23976468098138,5.618186602975548,-6.976259397617953,-3.1458602197482874,-11.6009101750201,-0.8752933079832901,-1.9518989531410933,-1.9969168269878281,0.3276240430342684,-2.4935214029083963,1.232300889713214,-0.7181931691455158,0.30347677884911045,-2.1854044599775646,-0.8336440748409445,0.7347213570691845,0.8204408164822443,1.9314464185023024,1.9219951784480898,-0.3477009590377171
-1.2487303228546158,-1.0310756646609704,0.9045909355867232,0.0036988574665517875,0.5772256434904329,0.7053504733154367,-0.4793344614644356,-0.7866018217071788,-2.6408304729307197,-0.0035183255488723097,-0.11163527789845475,0.02468300079947784,-1.080304082643689,-2.0141580822716296,-0.9365935084879572,1.9102986142752183,-0.11719545152237784,2.405503317927152,0.37853469862016476,0.4743622900145531,-1.3349249211613745,3.8630981697939952,-1.6338571746894885,-0.22769900428448717,-0.14178552272407002,-0.6301536018133346,1.0861876498734662,1.5468070507737994,0.4657947469876389,-0.34865819434557493
-1.376319615781129,0.5625591356314608,1.7158864238531886,-2.59520604985617,3.3249741870476752,2.1295044335449784,-1.3519475136099568,1.3506294735117443,-0.2516253609350357,-2.536761878570842,-1.7348250203592697,3.7219013409290302,-1.468318375369597,-1.3200706290639588,-7.403104929557405,-0.3280482907190862,2.853099150207745,7.396768642207565,3.542487411618814,-3.2934253946240997,-0.03876604845886024,-0.14608141436365862,-0.3449652945134953,-0.831467397905106,-0.7412145356873588,2.4793094910694027,1.0710932762659293,0.022761183790873024,0.46847934228982396,-0.34897727278152757
0.5549345900080058,-1.3424313566444979,1.3802273363064985,-2.4714666755261874,0.866586015645685,-0.8213749406714533,-0.942884588555649,-1.4150976565285047,0.2368235057632811,-1.6339787067760723,-4.437644843165857,4.09820942351822,-4.637929205419614,0.7475929277503482,-7.988468450432718,-0.21705038808581864,-4.7347627070485805,-9.008300150807596,-1.8173950561587344,1.5611419973143592,0.1739811645994892,1.1842259381977447,1.7488091345353787,-0.4232341878968283,-0.7934168069213425,0.32676366612406044,0.19910228422992282,0.17313171098709604,0.19457681436574242,0.2251246031062293
-1.5699251545113422,-7.7962078886882376,5.049492959097923,-14.741879032039876,8.394402881870265,-6.321921444129745,-1.7451246578944115,-13.078269507499929,0.43082219669860866,-5.7724457009105645,-12.128711978484528,9.753366563353888,-14.278049864737833,0.7207788676257366,-14.64942343199186,-0.36080994986915793,-9.217533213643453,-14.359066463566714,-5.721691714100646,0.8422894718190858,1.2897178664120381,-3.207334984449013,1.471223079025136,1.7302152822856236,-1.7173052463823897,-0.3479253714761976,1.3482952815296458,5.307834788607566,-4.30345531980992,-0.3477009590377171
-0.7392996949493172,-4.215537601695025,-2.91917563620964,-3.540528429116918,0.8505404542149896,-2.4265560861175333,-0.9994106845173546,-1.5890867350053985,1.087615786810764,-1.526512677040759,-3.153660802290917,0.1426121384551277,-4.301272628263923,-0.24182853554813158,-3.8258013193532228,1.0078893708291197,0.9668850443556073,-4.677265251632377,-2.1547655128209295,0.1292684532741199,-1.599612857644512,0.5932566289134473,-0.1072782034431768,-4.927622143017336,-0.644160753901854,-0.5525986724453918,-0.7057552941404905,0.09850907762428253,-3.0833143110014936,0.9214335199638407
1.2513375453426672,-0.042767802313084545,-2.3864318340990236,-1.726618435272202,0.11535698366197109,-1.0156282783901907,-0.6071508685161006,1.212426623022544,-0.39494235522373655,1.3842830191683309,-1.044018208207805,0.701203526783173,0.9803813721313802,-1.346481423693694,1.0303986065495077,-0.4187497981358886,-1.0678353263911822,-0.06255343894860306,0.6092772336183853,0.8985248402683588,2.438505818542498,0.9555640771419606,-0.2516176811539216,-1.4680302323013306,0.18488188377278514,-0.13615139217815744,-2.3364149170445714,-0.4219881981486624,0.38560058676157033,4.023633728708724
1.200946197269859,-2.8019643542365578,2.0193222939344735,-3.956943506568651,2.5438456147136312,-1.4672008254939766,-1.3042390286188543,-3.5504171348979137,0.19205368272438436,-1.5278510663470934,-3.674473307215061,3.6674195769749414,-6.174473446082585,0.2909475757098988,-9.163930963002313,2.5612529612319497,-5.884607747864814,-7.455131696838188,-2.5477583063483387,3.6791685861876258,-0.7136989809516493,2.3392555462287636,0.4724961190325769,0.21283008883013624,1.3771498360645698,-1.6098706328719912,1.0413860655404774,-4.784500878011496,4.652449435795785,-0.35164955468263076
0.11825870827552487,-3.566280596876524,3.123891637574831,-3.0350346884804575,3.202636983337466,0.6153234357215336,-0.15739760253211427,-3.573325502789319,-4.30900564747474,0.06253144849309765,-0.8014803441450764,5.103625476516254,-7.832305699940606,0.03460971226697923,-7.9081006301938155,-1.1095516440845108,-1.7236196200620466,-4.039956325486778,0.12813371280873387,-1.6907881633960036,-1.6164901155019622,7.41985269588407,-2.833655470674431,-0.4468862549854008,0.19997469283758934,1.093582664803335,0.30262266724378906,0.7415150915125316,5.442033750756036,-0.34865819434557493
-0.6096046206574549,-1.8348217564408786,0.47415475530471735,-1.2024534349094165,0.42785212242195714,-0.8660914419052246,-0.38763366564633406,-1.3909567899905781,0.10854023839112675,0.012996368964426299,-2.628978981177696,1.588552601366491,-3.596656456700404,0.6279042282793919,-6.443991353526334,0.5397959798626617,-2.907703778802842,-6.279857654976641,-2.6139497062931265,-0.11719367202489792,-0.6191200970295975,0.47815108528916295,0.5386908905024247,-0.40312138641862566,-0.8223169908442692,0.020772967609024952,1.887800045956306,-3.6517071043917975,2.2099551071117003,0.05314132612776551
-1.8277149092574014,-0.9107176439199653,2.063730474872805,-2.5225281662402974,1.8542656112313296,-1.4327620100503595,-2.051147446272486,-2.7701536427495843,1.186455684759858,-0.7086563397207379,-5.707244701020454,4.28523486222647,-8.274886365112073,0.34830906171952813,-6.893884352792544,0.28938937722918034,-3.4628677489927684,-4.99255071635486,-1.4467811977311917,-0.3269144784387878,0.4736456428672771,0.6172602495867991,-0.7961988917585806,0.07318280452921984,0.7631947283070448,0.0859527703980533,0.6340614820944094,1.3114550760001327,0.7450695076930388,-0.3477009590377171
-0.011015209743267631,-13.506689050046752,10.004284384418526,-19.914969326244204,6.288864370991773,-12.969855809240094,-0.9215137181032077,-25.191133282180278,-9.600239007554102,-8.623760777576958,-20.425046829089307,4.337514341244827,-10.632163368422669,-0.7074762870411327,-4.106888589572968,-2.6236296199592504,-7.788260463001915,-14.762161457024582,-6.557743864179272,-0.6985906993135329,3.649746623394469,-11.913650462282046,4.768401495378983,1.4288533304983126,0.42145091743827406,-1.4147970408758652,-2.0058395032552974,-17.937316493117553,-4.052866797256981,-0.3477009590377171
-0.772528924894529,0.17335842533537155,1.2223201852246781,-1.8326183946456431,2.6923800070873636,-0.33481805127716524,-0.864511715219324,-1.6165940822987153,0.4608682368425583,-2.1367346608601774,-2.8320462630034475,3.4885532356908406,-3.986332469815098,-0.9372194937313801,-6.146510219462946,-0.0737411266196224,-1.7091512757471201,-5.2416180666854695,-0.7383481055649194,-0.28486754578773443,0.4252334629735787,0.40736731347315197,-0.8041316889569271,-0.29923701093677313,-0.5434783082638316,1.4062449841889855,0.12025118559681408,1.3661859970943877,0.9747361174251928,-0.34470959870066126
1.2421984542170514,-0.31368856312008186,2.2432106267073726,-3.652476888287019,3.9696653176141394,1.195367286020383,-1.7532661178474616,-0.7325942223371364,0.5932087925427837,-3.415821438173435,-3.8946797880716235,4.353529365163124,-4.522316684821213,-0.9595287588433495,-10.315278142093462,-0.5530002508374332,0.3092416400443057,0.6999593150408564,2.1408938537066553,-1.334111081886617,0.4615593283862988,0.4338883641560583,-0.6499374062236383,-0.12103717194057263,-1.1029399480312168,-1.2320613902300528,0.14623044387869238,1.206322975599608,0.8937194286305374,-0.3516894394871249
0.04948388888321728,-8.953084329159198,7.490803401560727,-13.287385754001198,7.855833164945344,-10.562200685222718,-0.2857924421183949,-19.321864008146793,-3.9652278687568256,-7.840477984209971,-14.022047792385608,4.3346277648929545,-12.94144534722776,-0.1097829758885557,-3.7104649776982344,-2.3805823313454564,-11.897169312041106,-21.76224737805332,-9.911106333250684,2.99185874480777,2.498820737985897,-5.922195964916487,3.2914794225228237,3.218078225769243,1.0365902186079146,-2.082252074258098,-0.1492501684161273,-9.478425506430758,-2.45525773563871,-0.31252256147394036
-1.2676402395154525,-0.4398452422400611,1.8993948204753577,-3.33440355731073,3.828729691198068,-1.8080437589451963,-1.3597470894088595,-4.42431381163154,0.9986794313644818,-3.5621374083781703,-6.499755383862552,4.641653183370967,-8.662030711170505,1.186289344810784,-11.69676735021609,0.4857165579471264,-7.471519972273853,-15.860123357078066,-5.341064388598712,0.5300103639417372,1.4099020870757397,1.6222954027048664,0.12408556800026731,-0.5449822796849547,-0.3562524812757485,2.021522272187614,0.562339748981509,3.391598103786792,2.1136741629240325,-0.2758285413393888
1.1190734177850787,-0.538375348383129,2.645874380952823,-3.9749186584422054,3.74651389335029,1.0732096425903095,-1.647104790956115,-1.2361586681551728,0.5264810966734831,-3.6795254304472254,-5.785995212558963,3.470311366118022,-7.9902581012181235,-1.682863092552032,-13.031440440133588,-0.23453096014161876,-1.627767003462241,-3.842630921818469,0.07140526691194417,-2.215176592359557,0.690931662945129,0.5409601322913278,-1.3031008787493246,-0.5995817932364582,-0.36377951907828654,0.5077528686823236,0.10127584232314125,2.0924209177812036,1.6265387653834744,-0.3516894394871249
-1.7328073431211093,-1.3223668456396835,4.255195702667986,-9.04449517359914,7.305255293333755,-2.141713596529919,-2.2941035599708046,-7.510622507598714,2.8116368971064367,-5.1532505365796215,-10.912296252464216,11.450177009132863,-17.291783964584074,0.05639739252017108,-19.345071180368407,-0.33319044679798054,-12.157313767894783,-17.106177827994166,-6.086200687796544,1.559795858819111,1.932856774138969,2.5679839728210694,0.4598041727183953,0.45840098820750763,-1.9595064754334703,-1.3230458621691095,1.3104956317544108,4.776817782974653,2.4149298685658125,-0.3477009590377171
-0.834017740762728,-2.937661362633335,0.35055168573458634,-4.165804935983387,3.6440090185406797,-1.2311801156180282,-2.014787745010528,-6.4068849819630405,1.9924674800997253,-2.8010969338571834,-6.5774451182674,6.1331142684154,-9.185628015584717,-1.3838118499156578,-10.442070752616553,1.31288308789023,-8.652040784541075,-16.21810948039065,-5.205709650727208,2.679299768595844,0.02399955659655129,1.602102314731571,0.24117469379972484,-1.9304121182994523,-0.7378139685131822,-0.7767422975881073,-0.34428407215519335,3.7181121953889704,1.0991008210742905,-0.3477009590377171
0.30350429498530135,-0.511202694073832,2.0298064602057333,-3.652179921555312,4.828021541396963,-0.21744363192155278,0.0729577868076983,-1.9706401786525167,1.0799474867509145,-2.521659293436813,-4.103677667841886,4.6088423082181,-8.795556072554836,0.9921728341786422,-7.657198749786449,-1.1633013207054732,-3.854833065337664,-5.035988474439153,-0.5127285101171165,2.2156112983634895,1.5448965142266493,0.5978372216528416,-0.9568271586412767,0.47752907305113695,-1.085909895673937,0.19627046292688913,0.8929184278370838,2.0367712448642186,0.9995720677040429,0.3906864265611465
1.051267257820832,-1.2282282435485774,1.7854129367162206,-5.026282826230697,2.4955741949382015,-3.9270810914833776,-0.083728583240022,-1.0734966274445321,1.4350653603933672,-2.1173005009778088,-6.021267145631746,4.3223866356800285,-4.958197375549782,-0.7448858129128574,-7.806456011120616,0.5837610831026971,-5.341729891141263,-5.2980551819065225,-1.170793947542778,4.287113461664182,-0.43812396185256824,0.8875486713193352,0.5702222082139181,0.03796307286322138,-0.43008485230124743,0.7788659132062323,0.06013355392412428,1.2838593157357232,-1.4366337784570546,2.3108206845150434
1.5636880952649266,-0.9845615951396826,0.6828823927927872,-2.9815748330961767,1.235508699510474,-1.135619235081831,-1.509390560643975,-0.7129413708633344,0.5855284361134705,-1.882397707158072,-5.143757288908414,2.076714658490307,-5.439142202029219,-1.2419561644694113,-6.971946378872482,0.43813652971501865,-3.313449904140401,-5.414286327762776,-1.5678239537834913,0.47977603634421423,1.6268277516658038,1.0588511120019568,-0.440232326679901,1.0190485711987514,-0.48669727790853323,1.0324677931235333,1.6356230882155438,0.7229601634482203,0.45211630321588897,1.203817935781912
0.9277421229294429,-1.2032864952890407,1.0592768089552314,-4.206617019648771,1.2516916891794339,-2.493152166806983,1.095978092559714,-0.2928339906163657,1.2121274701662412,-1.7570169584049626,-6.043058400485191,2.4053624193926746,-5.7167621837098554,-1.1618299306217676,-7.460417216192358,-0.06597003799049457,-5.2565646887443975,-6.54141416793544,-4.206985424896564,-0.815838336888308,0.2540317654772543,1.166826729609696,0.8555486741051848,1.537678941749389,-1.0228633575096722,-3.322798165807319,0.22458289979018464,2.7928042207366577,1.271031462449917,2.5515653644412977
-1.13089079764967,-3.744477417074777,3.0085544390705423,-5.57717137458963,5.773750195572192,-5.2463147344769805,-1.788997153790014,-9.293167159737045,3.8911555490170167,-5.976642571549977,-10.6048107136155,6.33499912341571,-13.42985311665335,0.5490111221517069,-13.626493012966003,-0.4964685206561414,-15.156536260472317,-27.106718594191907,-11.071879400014655,4.9605899592325,0.9396844948378461,2.929931494971183,0.04632401886402222,-0.02254530162711948,1.03338214162185,-0.10117313445014209,0.34150167860372377,3.484818255373834,0.9649861298979828,-0.3063005319728643
-0.9686824590768147,-1.0923593120464627,0.8458299580437959,-0.40365360198642336,0.7411353054809334,-0.8424941978560014,-0.5762016619129929,-1.6127817756442917,0.4829546345728957,-0.89445894321732,-2.297105366237814,2.508224712530104,-3.545539664481378,-1.0217683976788121,-3.614194915486659,-0.06240291090378647,-2.8214941728146083,-8.458228291136182,-1.5155308771952314,-0.0029307658744755186,0.034282961934601154,0.9477852166608172,1.0192445654473181,-0.24730856264359674,-0.08314633648441115,0.5161278477352292,-0.9743139406510868,-1.0020010181104013,-0.4659120501950441,-0.27299672022030924
-0.8051474782437894,-4.473318552175271,1.6927598842609661,-5.069913206610111,4.937786271210472,-3.791677526927686,-0.26758774467292745,-7.82096177241914,1.4685683648229388,-4.097494097986367,-7.239696085357622,4.684994719115394,-8.277531051467337,-1.3409091450384183,-8.341283090650343,-0.4365918382722131,-8.285206174326119,-15.114882768446591,-5.751529512450595,3.484739096648157,-0.5959887043371668,-0.12367531589482329,0.47990994913498575,0.0814163256208936,-0.6858394897758842,0.4226900222885712,0.6845159590185453,-0.06959492294568988,-0.4784508808633605,-0.3216960665075783
-1.6224433417631532,-2.6487401928653678,4.22547885382694,-8.916152563885992,6.086682780536793,-8.129075095621475,0.5058680445288986,-7.640823208212816,4.472707107845534,-4.4632179484957595,-10.850565213416102,9.193376302152812,-15.149802513385753,1.2643287657953868,-12.397713134233914,0.2990640830949768,-12.224508479745603,-21.782136924281765,-8.224016578685523,2.9267233785125155,-0.807907310479675,2.8378558224742845,1.0470608150894825,1.1423904691620226,-1.067973610829961,-3.101074920328385,0.3573504997042611,1.5477059885404678,-0.5196077339747444,2.7049224377210273
1.0004336956613002,-1.7196019991100586,0.06047609983042228,-4.057380690223821,2.4027556003116657,0.33208415494720706,-1.179718356119786,-1.097185059495317,0.5647125145343861,-2.905824148433718,-4.545030147989472,3.654561277561275,-4.622039970260805,1.0257237115408975,-6.923738087445854,-0.6457673055975388,-5.11469423988141,-8.487507433021298,-1.8848937938244255,2.3708661204197474,0.34470185857704505,1.1714067891162714,1.7210146488722404,2.9495156566790306,-0.1936064508574593,2.341499978147155,0.00025838106871441975,2.5586499848704136,0.012886320041826684,0.924664189127861
1.2670256165145195,-0.2619524850902894,2.927399394783756,-5.262069545951279,5.179931391112614,0.26640915742648735,-1.542919976333545,-2.370692840666081,1.2013989710452748,-4.142186701322306,-4.8402379100620765,5.60941902229978,-5.833502825130601,0.728080925645287,-12.854801184777772,0.4130830188405861,-2.310190740189442,-2.4165042657905476,0.7845377756169843,1.0220925121250113,1.0444938711542333,0.7282699802517911,-0.6335636571415598,-0.015004462129326927,-1.8835621999685999,-0.01110799737818578,1.0952533450634727,1.380355384469818,0.3865040568308035,-0.3486183095410809
0.438126897672081,-0.7917970265328603,0.6604674914912902,-1.5792397369983235,0.7124642330320088,-0.7884627044904038,-0.8288904242179154,-2.1564273210741405,0.12428969531383444,-0.8924484368414267,-3.234748106393447,3.519268453155314,-4.070294313849205,0.8680399627189442,-6.031190833642921,-0.5553845747654602,-5.628645610671741,-11.332957735258297,-3.305666056273337,2.1088230000769435,0.4261645089169525,1.091141333633467,1.428625664005673,0.15263374282976588,-0.5285030313333615,-0.15362609437882624,0.18858356694996412,0.06173605480780249,-0.23849656513650036,-0.28364596302022804
-0.5225305612002621,-0.22506800536941582,0.6899082804740283,-2.129426586844173,2.2899888112448976,-1.4745017562640632,-1.214862896715444,-2.445107257935599,0.6420495255502049,-1.6427218126605692,-4.33728970457242,4.576190337873841,-5.19259147775009,-1.633211910534291,-7.022889638996409,0.6635505609411311,-3.7451182799423752,-8.083338043345842,-1.6156995264966532,0.35701799792893896,1.1635117916079483,1.0392619705089672,-0.38013988030083046,-0.5476769390718482,0.385518360799579,1.1647136288233275,-0.6547720682551533,1.8975020401548326,1.4053703174790646,0.5548921666632651
-1.1306170460721747,-4.031648296466876,3.2633177009692713,-5.577007724685964,5.624797270178908,-5.699323597080357,-1.7845721057868225,-9.649168148562143,4.239930487613901,-6.299525881088441,-10.669148950861706,6.520804710585898,-13.592294278252012,0.8940150913179431,-13.204367913941251,1.0949256238595917,-14.21942346827431,-27.530296602434063,-10.127118607706501,4.242728697450939,0.8393483786317845,3.479877612240411,1.275915552998311,0.052189439132918264,1.0545653556449173,0.695545947256744,0.9222148945384646,2.7214220057829768,0.6294893900677693,-0.34562694920402504
1.153776694686035,0.9354106370443114,0.45225812681322863,-0.7474651188892433,2.7499645263385784,0.6219268437143999,0.6846420962800821,-0.40234620058793774,0.28967108456628216,-0.6093238489830575,0.36689956188781797,0.6030773975486,-0.02536822687231255,0.4551965214407834,-3.1058265305339234,-1.055259562047843,2.820181696836326,0.7946269049640091,2.2899382691651566,-1.9873852788181385,-0.10972931337972874,0.05295485085478458,0.24988347223839663,0.11623928168819761,-0.2560984013274612,-0.286312536886237,0.026282201900561266,0.10106435121599636,0.06958311027030072,-0.2823297644719235
0.998033104904802,-0.5972668454457086,1.1302572644208657,-1.6595860057852023,3.858916162302463,-0.21611569917631504,1.0261974489689605,0.6129883583256617,-0.0993949653221982,-2.091060727676038,-0.3897763655932478,2.331896245172201,-3.258929507428032,-0.5594260975652303,-5.3896072191148665,0.05481370626259654,-1.1678411436032605,-1.9507587562744266,0.15068274023819614,2.23403972243834,-0.387095934355391,-0.5353477940598393,-0.9769352814754179,0.7511084090443735,-0.12941704394848916,-1.043674499334542,0.030399470489522924,-0.5948131575791318,-2.3894677850091304,0.9429314295861486
1.3762946115624937,-1.421527692587544,0.9685983132588373,-1.3756193923258615,1.774891765687368,-1.0488247565643838,-0.6214807945826872,-0.5913455764528688,-0.17028824919148752,-0.31689782246471687,-1.990032431250202,1.9298621420775297,-3.1411467151375456,0.5100763087669493,-6.198878618140454,1.0166159269775012,-2.857605666535242,-4.398242801044778,-1.361578187595206,0.7685897716940563,-0.6668385791294205,0.2764686657434894,0.4036812567027668,0.31799878571292634,0.24308601414297135,0.3151311951818245,-1.295209609135941,-3.291974800644281,1.3105838753021386,0.2705135106204899
-1.4696267880797558,0.608294340839171,0.8122393154661488,-0.44776485114842324,2.206209133975416,0.4661394967341583,-0.888776036027243,0.32097851561464635,-0.21239529739530197,0.3740225389065856,-0.7912296164047015,1.1036591146082664,-3.779795544529849,0.37065569242382257,-1.0164309905732185,-0.015982871129858963,1.6684732219528242,3.0928189312896643,1.5400432421972232,-1.92213219761963,-0.23930293851639114,-0.514140208664963,-1.226206256149882,-0.11835503099306265,0.05901469194201134,1.0575533089126774,-0.05664083952943714,-0.06136853955001869,0.22466514878271737,-0.33924538048497255
-1.132259555537147,-1.8384296101333735,2.740621411217424,-4.1843505841775155,4.3893955344040885,-4.225772098956939,-1.8606492204612028,-8.025083528889418,2.3756349535830843,-5.157761030068324,-10.400709894479816,7.1171096370595555,-14.327860003869102,0.19052033941415614,-15.225978035032103,-0.3704704295744374,-13.892581264251191,-29.80597406865244,-10.779835924916132,0.9668109842564117,1.7977868958911127,3.079620164317401,0.8549230426966148,-0.15001032925717342,0.8871275692414426,0.7651021391129708,0.016911907684724448,5.071443038167807,2.5558182510498693,-0.33657309858386936
-0.6212074759805295,-1.4929757811935047,0.9249460769432049,-1.9919467263264539,2.323183060447493,-4.172120984021819,1.6672346930607915,-0.4118706640213441,-2.995443987038717,-0.9270464935081791,-3.977121189374494,1.2539174106249946,-3.717453590198215,-0.9771409056044379,-5.081342654747752,0.09819413125929612,-3.203270814134746,-4.959765057863402,-1.9650942424897688,1.4445761078270924,-0.5786689598192963,-0.6966717555494677,-0.16952052569772766,-6.835467031278716,0.9318601983867514,-1.8202858435492277,-0.42465682750560296,3.7296957761965013,-0.9936418431220471,5.04971020912337
-0.8333438907258163,-3.1447932278746586,0.8909125898969203,-4.520923081730167,3.654818608197849,-2.165085356342093,-1.347553352744694,-5.285045367491031,2.200348732023438,-3.286622786006625,-7.476892576766171,5.916242638679761,-9.260923661180868,-1.5554415037167326,-10.783862116632127,0.3358153444286169,-8.906299755995787,-15.188420579437205,-5.206675056822244,3.2476068370488878,-0.374713377390778,1.443538484651722,0.17283850322204294,0.9396331012643008,-0.9390950327248669,1.1194193996489348,-0.0886187397965678,2.3490322301485698,0.4858477124506962,-0.3483790007141164
-1.7000624428899278,-2.4050604989097732,5.2372532155441975,-10.22632562862123,7.28415249836286,-3.1542637594782974,-2.495102640863219,-8.711406243692531,4.24750548049521,-5.185235952986538,-10.781865505048687,10.943195655340098,-16.61896859063825,0.3049365520502157,-18.28036238237362,-0.45144673225643833,-11.691430772406614,-16.345649134628676,-5.97068687932642,1.426860246090025,1.8620016691353245,2.7078657222864457,0.30793972048055784,0.8835557340594856,-1.988640119078045,-0.8633908858020033,1.3315196776572042,3.9661574465602127,2.2068064260229363,-0.3477009590377171
0.7203858318834989,-0.9381362900416419,-0.998298625226433,-2.2311157577854215,0.3343352884836426,0.0536895477819686,-0.33471646660128557,3.0618088025506687,-1.1335582476889414,0.08610224761959848,-0.07743166737003818,-1.5124817263483694,-0.5451572763624918,-0.2731975881863498,0.7454042241338638,0.25595599690972276,-1.037008910383723,-0.46366533957744455,-0.041454954128167805,1.3313485970251544,-2.0564817192694504,0.014005825714788403,2.461478861480513,-0.2410335898419459,-0.9611778182925766,-1.8329676291891652,-0.6940624513937816,1.7673807046790218,1.132616904359727,2.523207268446008
-0.9889190179978213,0.18560302198915957,0.8756378159239272,-1.4654130771835523,1.4387009258730115,-0.8968251354098149,-1.297303656292636,-1.662316317132097,0.30158224223966573,-1.2703411573285786,-3.2270675704630487,2.7620763921843277,-3.3566194547578507,-0.15066506125190218,-5.04216401544455,1.2040392818517134,-3.609944148712865,-5.219222652953291,-3.0503871974617573,-0.25736041034203816,0.4047442126699581,0.5474575615433888,-0.18247955251254017,-0.0526405187817392,0.7618083867517539,1.0764043679720725,0.8491548406148897,1.3329087451522728,0.9077080059521747,-0.34865819434557493
-0.020996613415023235,-5.125998221656456,3.723064448367122,-8.561131682584424,5.467033073456787,-6.295369743614039,-2.881772345410615,-9.615236783797066,4.8961880476097335,-5.223275865361195,-11.450918249135446,6.858997142677633,-16.27819144130495,0.25530259055210475,-9.130406115277085,-0.16202222948909484,-16.161192982396173,-24.502022039471033,-10.114184713034518,5.959479099826119,-0.10544349155819893,3.8411042448774166,1.5883263805993968,-0.9043317032098153,1.3931282972511592,1.0563248230854998,0.23605894175187978,-0.7589021240076967,0.18803820050626516,-0.3477009590377171
0.7339891795036554,-0.7131474176845837,1.588189476464134,-3.9836540443303297,2.5090499512056104,0.7465511593717336,-2.215410389452058,-1.234292555115703,0.1592582615904471,-1.3070193521343771,-5.126586938501405,3.21658312172003,-5.920335586154467,-1.2841844092438361,-11.738338196904408,0.35544553918633925,-2.8553567635892154,-1.8818569436083794,0.14332717114687657,0.20822505589137863,0.042544519595256236,0.19430566541242708,-0.5380465661437013,0.5673722211077121,-1.2589602853785873,0.18641459699151178,-1.0125523720675207,0.15490240032357114,-0.7367933113567166,-0.3477009590377171
1.5680891783185065,-0.34556670824330304,0.6833149945382947,-1.4606563273261468,0.33077196605423326,-0.8123681595496827,-0.0016339285234854006,-1.8045586828398943,1.0160410225393461,-0.5950265044553538,-3.188494993453838,1.7619315049569952,-2.787476872522568,-0.4209402691253883,-4.243872154967644,-0.7795084855522261,-1.8323826485487231,-5.9648410128849525,-0.6044500045591117,0.32632929520790965,0.3229960207066569,1.0224431366117903,1.1489128143634524,0.3042528834212576,0.0534384200665563,-1.4178633456413425,0.977272683600603,0.9512139206767838,0.594019310204109,-0.04102669728275234
-1.5674192746865765,-8.075860203613152,5.322016853922844,-15.049474441728968,8.379963068270134,-6.590865540028793,-1.792139052461181,-13.372149686431646,0.7963063119833521,-5.751461742849397,-12.04925771643568,9.631587845185326,-14.108061541917808,0.782299979509203,-14.394443831252051,-0.3872409550025518,-9.100892459443545,-14.170665200242807,-5.698801037881463,0.8008495833923812,1.2886254125638053,-3.1988140772083113,1.4276019907370372,1.8105981153283308,-1.7232800373245103,-0.20771443057483238,1.3638904769502525,5.2761687932082015,-4.3191587116148495,-0.3477009590377171
-1.0919970158316687,-0.5668634340594872,0.492120457266338,-0.750848377355215,0.6605750344042624,-1.689242978283922,-0.08633833480658556,-1.309775738657311,0.38478369798588263,-0.8319058049781322,-2.7264509353203685,2.7273959128709486,-2.3906688147568653,0.9249122275655816,-4.200591836317766,-0.579969601036867,-3.2197259677390684,-7.876673050736664,-2.0815687493064576,1.3302677863486558,0.22040553212822542,0.8724596479839147,1.1594500300975485,0.28159471814147585,0.1342783149259898,-0.4954455228415789,1.4680894905748896,1.0340454223258884,0.2465357939384173,0.46303746191340384
-1.7530649598557693,0.46879946056931965,2.5469300308817067,-4.972796246610533,5.245532225553681,0.8104292288777676,-2.1676074944779753,-1.082915368678463,0.3058107538474801,-2.0084097204287428,-3.8089318727156476,4.48480297123083,-7.65864085336527,1.7447030878476861,-9.874900465985872,-0.02633191957650419,-1.410237862367547,1.9326636527247634,1.5683900435490514,-0.35365792348341724,0.6959401591828065,0.42957908181766086,0.07561520817566846,0.33572839671357063,-0.6899497250988986,-1.7468772957780532,0.9677547834053999,1.549549477372291,0.48234631601974076,-0.3477009590377171
0.708256531219087,-2.348354910923883,1.675483470439935,-3.0727780472093675,3.673674088149182,-1.7908255174486276,-0.2677605039031038,-3.0419737831162372,0.05195253503451852,-1.673944930058425,-1.3535156241085677,2.1043201575337367,-5.862934566625555,0.15441569492147542,-6.4616776547883825,-0.8590587402201654,-5.1581321028515905,-12.248872049829348,-4.984353173001841,-0.46293876978330417,-1.2969036442272968,2.1512851510962387,0.3596773018159291,0.9903532471857704,1.6427453918912682,-1.3184038755321,-0.7006240025000876,-3.982684809254812,3.766063543890389,0.020635210465092025
0.014190993199963291,-8.325728005330557,7.043454450915543,-13.026559924722813,7.390459957973774,-9.132813295561975,-0.9023503474449482,-18.87924384775403,-4.8516989404863775,-7.1187242019721415,-15.008657394218991,5.469413361410083,-13.685741235090168,-0.48560786189217453,-7.691216036000084,-2.615366079527765,-9.982451183101325,-20.846427345638038,-8.888142054592121,0.2077297130278682,2.7335512618804194,-6.647090915149177,1.5716610743144905,2.2200575726806537,0.5770066808259405,-4.157157595181107,-1.6576397617545036,-7.26713920765077,-1.415658899914845,-0.3451882163545902
1.1285073183018435,-0.5747484293308555,2.233571200369108,-4.326425402951566,2.8369608594257008,-0.30860800448027215,-1.5249520154683758,-2.1399822352905917,0.949813596727811,-2.686102213163585,-4.433613896840952,2.1159621130557666,-6.309884746543592,-1.1318091320298944,-7.11307865653345,1.0098879821445472,-5.992091256684009,-5.944209212541802,-1.6085472697905685,3.523575294858616,0.5880095698232002,1.6126163062548344,1.8572281278928193,-0.08564630504455806,0.46983265150127596,-2.25198748837366,-0.18250958731405828,1.7752567025110624,2.067857751231204,-0.34865819434557493
-0.39814205594907986,-2.6246682753392254,2.1643663686861423,-3.890916083618993,2.941482891145519,-2.9656911853989487,-1.4939655964545886,-4.418918719246245,2.0338200572385716,-2.6522439926653942,-5.788185202372359,3.6353104628251924,-7.295753160778346,0.3317199707894496,-8.848321767179591,1.4792730361366848,-6.834669245882688,-12.52782587658416,-4.202331137572479,2.1344772547788318,0.41514321776411667,1.538531419445516,0.16220656453949447,-0.5303562121931995,0.2316426544444258,0.6243125378288708,-0.37534956000862896,0.439284644921737,2.0230156935639227,0.046759757408713076
-0.011015209743267631,-13.506689050046752,10.004284384418526,-19.914969326244204,6.288864370991773,-12.969855809240094,-0.9215137181032077,-25.191133282180278,-9.600239007554102,-8.623760777576958,-20.425046829089307,4.337514341244827,-10.632163368422669,-0.7074762870411327,-4.106888589572968,-2.6236296199592504,-7.788260463001915,-14.762161457024582,-6.557743864179272,-0.6985906993135329,3.649746623394469,-11.913650462282046,4.768401495378983,1.4288533304983126,0.42145091743827406,-1.4147970408758652,-2.0058395032552974,-17.937316493117553,-4.052866797256981,-0.3477009590377171
-0.9217656502568327,-5.028058794492397,4.466725918752589,-8.512009922800438,3.018187394691318,-5.517796661521247,-2.5734945746276776,-6.743133038686473,5.760937340958217,-2.1763990398657405,-5.583792964929511,2.6576238715804203,-6.160271633243918,-0.5487200305692672,-7.352497411924334,1.000200725442222,-4.680417109133996,-8.309330716791838,-3.0171752226127175,0.6798678130582239,1.0812045370581675,1.2675347529146115,-1.2053592397189221,-0.30711601091968865,-0.05806636074608388,1.034698103438891,-0.5479119681055743,2.8008720481818146,0.690709325750847,0.04711872064915973
-0.16178915550227632,-0.2147179061965777,-0.7006881762168866,-1.3806821318371578,1.9682470247550035,0.5335894897940334,-0.12478886217830926,1.2919206441905888,-0.09819131435763227,-0.7268933105065879,-0.12295591122793297,1.0143463281844338,-0.2880924898656902,-1.2149540494963085,-0.4489093187129802,0.2712165068438121,-1.0613219470776816,1.9894923436617085,1.5679183402870993,2.73426516661308,1.6558770117171395,0.6534632413925178,0.7347241472100006,2.047433630591882,0.8531161284783136,-1.1554983293789598,-0.6331722530124541,-0.05258319445351989,0.3943942990848184,1.448192132917127
1.144511256678498,-0.7002686181749394,-0.01514994196357085,-1.8310195939320644,1.8720371149971997,3.2699661759344654,-2.470054050711286,-0.09602349006513577,-0.01162044219764442,-0.8506634531292501,-2.4276669775030526,2.8057012499641574,-0.5578467352759875,-0.7624970646655331,-6.752124453205246,-0.16911599154059603,1.5154885358946477,6.609334630065657,3.9262626122667315,-0.16998672930609643,0.9111143397992169,-0.0658957851049778,-0.8262708036925536,0.11498347347118161,-0.9913331837881882,0.7136633361301357,-0.769968463392958,0.029735097781662074,0.445776914745139,-0.3477009590377171
-0.2845562091021395,-0.4523149606453246,1.086133318206307,-0.6234889343392679,2.7216261891410483,-1.118963841781001,0.14254146009216032,-2.413107140048608,1.1284228172035027,-2.09161960804038,-1.7360526852444333,1.8691870885193123,-4.019171915624029,-0.9420197105019203,-2.9308400237893046,0.8715423599756401,-2.6853794804929394,-7.612973980971008,-0.9862824911378387,2.1276041140637614,0.48136667695776614,1.0147343830063977,0.7585415280276534,-0.05567704078887196,-0.9372411382536437,-1.012332185517916,0.5367004627155348,1.2519679745990802,0.5401072362319831,-0.3214966424851079
1.0206491967686533,0.570485097202892,1.258222078257559,-2.5322794488713405,3.847883355319763,0.051930371555567935,-0.7657201870420461,-1.4604411018006562,0.43825974539696977,-1.8529567164282028,-2.5154462698432134,3.213177525300366,-3.5568303141703645,-0.9519428413605261,-7.903494906117472,-1.9316690672440342,-0.7335075207075389,-2.505018417066918,0.2184733771697076,-1.447861322896358,0.213429587573328,0.3938867441448947,-0.23840792868186964,-0.03500048792447615,-0.6216259138850418,0.37118183885449985,0.2365057805899208,1.2374048586468358,0.7933589384411932,-0.3477009590377171
-1.3483969548765975,-1.4455810177523327,0.5373501258549025,0.7921347687964013,2.020894674247031,0.23304006787715953,0.21870040342718042,1.4273608825207789,-2.0567840671158675,0.06290984572593507,2.9877809081824256,0.6633406078087959,-0.6821975122340933,-0.22356689151240167,-0.9557917530770879,1.7511926328478327,-1.1706516557423046,0.025650450090058393,-1.1214357244852247,0.5947638586227579,-1.3180055285971866,0.7431953837067703,0.46114426780863527,0.2742278898163682,1.0306403416708774,-1.010022982685372,-0.16462853227909197,-6.253811673360045,0.9513196890531082,0.0663431964153053
1.3718935285089138,-1.1997089101304723,0.9175279505381525,-1.7469368098836595,1.2386869277818249,0.2944065862259202,-1.6431028470125724,-0.554744786083339,-0.4595551598071303,-0.09133819762567677,-1.5392010494806263,2.132818526834366,-3.117083383838361,0.21934766086200377,-6.312134422632303,0.17883219516097268,-2.725512682187306,-4.935685497387422,-2.1129009029365204,-0.6474083611414834,-0.11990403791310972,-0.12094405998468898,-0.8205224871096689,0.411365439995915,0.10271984298089966,-0.6782450764367529,-2.3920029155395284,-1.8175901994706467,2.2436914043258875,-0.3321458852850267
-0.010973094115960645,-7.755727520647161,6.32652950760667,-12.954051615261543,5.682816232495231,-9.306071356545678,-1.4082532493964552,-17.247522415005164,-3.120000034695533,-5.440825184938269,-15.780097011537608,5.791995075307206,-13.63047932651713,-0.45358963274166963,-8.718391293649416,-2.2137453724338787,-11.661840004879558,-20.45806496104828,-8.438895212017318,1.8638385011997347,2.1516165973236223,-4.727416014770157,2.4322176402082127,2.7114437897063266,0.630846272756788,-2.7104150515183805,-2.1231028382712718,-6.5064855480727894,-1.4194850855780758,-0.3477009590377171
-0.40081639828307347,-2.447501536205691,2.073503714896463,-3.3485766939306276,2.8505610300647084,-2.557361339743179,-1.4438468712902917,-4.090716213527902,1.6763351344516881,-2.823241481261091,-5.934927647148563,3.7052343846339464,-7.527797659101551,0.23317561339068604,-9.05678969986991,1.4670568350883957,-7.060133137893694,-12.68418475556437,-4.178171244481618,2.313937981252793,0.44514713204866196,1.5895375805252607,0.39853201728294296,-0.59280907530946,0.23960627694205,0.16382301204636057,-0.40992317672836903,0.8118429033192424,2.5547352288764293,0.04656033338624264
